Teff,logg,logZ,CtoO,logKzz,F115W,F150W,F277W,F444W
500,3.5,-2.5,0.1,-1,-25.02911258722954,-26.73981848812625,-26.96409659173924,-30.843401135039095
500,3.5,-2.5,0.1,2,-25.021955838866198,-26.736733784058448,-26.96863782723542,-30.842747747329256
500,3.5,-2.5,0.1,10,-25.078730964021346,-26.756089539209242,-26.98227262414393,-30.848623576866125
500,3.5,-2.5,0.55,-1,-25.216521107189394,-26.96195530500733,-27.097919032255056,-30.893888373539397
500,3.5,-2.5,0.55,2,-25.215621898639576,-26.962549109367856,-27.0995043211639,-30.893716675481294
500,3.5,-2.5,0.55,10,-25.24798933218934,-26.941731294113545,-27.093907275287428,-30.89862164172736
500,3.5,-2.5,0.85,-1,-25.29581774030591,-27.059132295902273,-27.16096410462939,-30.903640551701717
500,3.5,-2.5,0.85,2,-25.24466311384772,-27.034789384952,-27.166498143816852,-30.90397923679562
500,3.5,-2.5,0.85,10,-25.294094365358276,-27.02550694620618,-27.17212263270648,-30.91234695807277
500,3.5,-2.0,0.1,-1,-25.729604305832204,-26.607284884933556,-26.721501828670622,-30.935634162609134
500,3.5,-2.0,0.1,2,-25.702364788766403,-26.61001702942976,-26.741132827552345,-30.93342712226474
500,3.5,-2.0,0.1,10,-25.70870538764131,-26.643670134338254,-26.776891923742852,-30.93240537510505
500,3.5,-2.0,0.55,-1,-26.01545706925714,-26.877759527665297,-26.922331488141936,-30.99147341523348
500,3.5,-2.0,0.55,2,-25.90983624369294,-26.838833935023942,-26.94838496460305,-30.988040873486078
500,3.5,-2.0,0.55,10,-25.909571133706727,-26.870096312440115,-26.998402675896102,-30.98231732226653
500,3.5,-2.0,0.85,-1,-25.98055402711964,-26.880741617637295,-26.99626627353483,-30.991560124793093
500,3.5,-2.0,0.85,2,-25.994597729577794,-26.90245796424427,-27.01343407426162,-30.988525256958322
500,3.5,-2.0,0.85,10,-26.06798542558296,-26.96186122657818,-27.04356698989737,-30.98662527827468
500,3.5,-1.5,0.1,-1,-26.547722868190835,-26.669301765618236,-26.346663126472638,-30.970068314377315
500,3.5,-1.5,0.1,2,-26.50360233455428,-26.69649558334289,-26.41786264845659,-30.969154594188637
500,3.5,-1.5,0.1,10,-26.49424566848269,-26.82843417820235,-26.593637611863052,-30.936826914139452
500,3.5,-1.5,0.55,-1,-26.850080585401336,-26.83257138925754,-26.620337287785482,-31.008127083753216
500,3.5,-1.5,0.55,2,-26.815797132531,-26.946000824496267,-26.774599066798444,-31.0129331716228
500,3.5,-1.5,0.55,10,-26.82845224241738,-27.04262780969536,-26.887074347853982,-30.948715342895113
500,3.5,-1.5,0.85,-1,-26.87138051326116,-26.844683960386956,-26.69871831981267,-31.007186081597915
500,3.5,-1.5,0.85,2,-26.82220402058423,-26.90226491650259,-26.79058708062543,-31.002780438747898
500,3.5,-1.5,0.85,10,-26.91348501114634,-27.11167211132224,-26.965439498992918,-30.91816982172865
500,3.5,-1.0,0.1,-1,-27.514154560126318,-26.857692292876813,-26.01319371469878,-30.88784296522652
500,3.5,-1.0,0.1,2,-27.36290001137568,-26.982832807166005,-26.32341135906867,-30.89348967486764
500,3.5,-1.0,0.1,10,-27.42092835448991,-27.161135793203044,-26.528695727477775,-30.815288072109702
500,3.5,-1.0,0.55,-1,-27.743934850787134,-26.83636666355941,-26.326035116608786,-30.916837024178022
500,3.5,-1.0,0.55,2,-27.612990439205074,-27.03670646151248,-26.605075958568378,-30.895815427216412
500,3.5,-1.0,0.55,10,-27.76254397726504,-27.340698672045747,-26.895941532121206,-30.715290728465106
500,3.5,-1.0,0.85,-1,-27.72345031644832,-26.819428951406394,-26.378374319218388,-30.914254740138276
500,3.5,-1.0,0.85,2,-27.59222086305478,-27.04886522973026,-26.712007475749036,-30.893811971435632
500,3.5,-1.0,0.85,10,-27.78700375954977,-27.385957139873682,-27.019416385047556,-30.6678031155325
500,3.5,-0.5,0.1,-1,-28.20143230978784,-27.120242123578496,-25.868667764033248,-30.738969605537537
500,3.5,-0.5,0.1,2,-27.998833191606124,-27.262458952769112,-26.310832892973576,-30.714413459715757
500,3.5,-0.5,0.1,10,-28.047037261217728,-27.478153341571407,-26.54206748375424,-30.525646992907703
500,3.5,-0.5,0.55,-1,-28.290462177504665,-26.9293453201906,-26.097150111609295,-30.746890176273812
500,3.5,-0.5,0.55,2,-28.132375007690882,-27.149200952095214,-26.58115958549548,-30.69778613725985
500,3.5,-0.5,0.55,10,-28.357726063092596,-27.579783915391545,-26.90856193047171,-30.28909830726483
500,3.5,-0.5,0.85,-1,-28.350317050675436,-26.869308826233265,-26.16489191524782,-30.755918442766664
500,3.5,-0.5,0.85,2,-28.129078178664674,-27.149222844426802,-26.64680881511945,-30.687405162804666
500,3.5,-0.5,0.85,10,-28.357651760510475,-27.573524888568343,-27.031890601442335,-30.22519291332527
500,3.5,-0.25,0.1,-1,-28.36606223905413,-27.218522838223976,-25.839810106776824,-30.658601712156862
500,3.5,-0.25,0.1,2,-28.155082998594764,-27.29907698695539,-26.34106089641665,-30.603799618605226
500,3.5,-0.25,0.1,10,-28.23343164986276,-27.563345090336536,-26.56157859204899,-30.366585681920903
500,3.5,-0.25,0.55,-1,-28.447009646269397,-27.001915699072434,-26.083910600274827,-30.68424107144333
500,3.5,-0.25,0.55,2,-28.257792750337217,-27.149186160896797,-26.558828200589243,-30.571517938989295
500,3.5,-0.25,0.55,10,-28.491646788495476,-27.603128955448067,-26.91973667216061,-30.087927605424536
500,3.5,-0.25,0.85,-1,-28.54703125807585,-26.93713344650859,-26.13898028600432,-30.69375789171342
500,3.5,-0.25,0.85,2,-28.223836295022956,-27.138267110626536,-26.623302389345938,-30.560958818814964
500,3.5,-0.25,0.85,10,-28.511560060493167,-27.620011081996413,-27.016378142431776,-29.999171021276617
500,3.5,+0.0,0.1,-1,-28.46820728782405,-27.276587938355203,-25.83641149446656,-30.589681283716814
500,3.5,+0.0,0.1,2,-28.264806939697266,-27.275275818031204,-26.370109942098452,-30.491739614478185
500,3.5,+0.0,0.1,10,-28.291007505674703,-27.572982219265803,-26.55596716980433,-30.21653758531899
500,3.5,+0.0,0.55,-1,-28.526460562907573,-27.051516268404676,-26.080245507745058,-30.626364810450227
500,3.5,+0.0,0.55,2,-28.25764091124318,-27.07690005632539,-26.581012684019587,-30.462634107900733
500,3.5,+0.0,0.55,10,-28.588051729887262,-27.5897427052927,-26.965229691378816,-29.88503689298209
500,3.5,+0.0,0.85,-1,-28.63064851781511,-26.942111563054976,-26.095121985847133,-30.615819550777147
500,3.5,+0.0,0.85,2,-28.1501138469285,-27.152437668595525,-26.672441522787413,-30.45584971336917
500,3.5,+0.0,0.85,10,-28.575521013032684,-27.614044780719187,-27.04449695707465,-29.805253124704684
500,3.5,+0.25,0.1,-1,-28.5153730390751,-27.302838485252643,-25.880171431704177,-30.53766318605151
500,3.5,+0.25,0.1,2,-28.239033831803564,-27.188830123283942,-26.41493411769929,-30.3882410886812
500,3.5,+0.25,0.1,10,-28.25052102583586,-27.576724506916218,-26.55474137876832,-30.104305454605218
500,3.5,+0.25,0.55,-1,-28.53041469843585,-27.053143838722278,-26.07401934534725,-30.55448370998873
500,3.5,+0.25,0.55,2,-28.255170864617387,-27.008948645536996,-26.580701576435438,-30.34537286779866
500,3.5,+0.25,0.55,10,-28.63172496962087,-27.5598709985282,-26.937079464678003,-29.739767226050212
500,3.5,+0.25,0.85,-1,-28.544839275182532,-27.01708138774398,-26.172820115973053,-30.57370757634053
500,3.5,+0.25,0.85,2,-28.29282657756592,-27.08154486320396,-26.65768052717557,-30.3151321723179
500,3.5,+0.25,0.85,10,-28.544538796742216,-27.52899498566602,-27.07521558472572,-29.630826224021067
500,3.5,+0.5,0.1,-1,-28.41114871432685,-27.271816988042268,-25.93789706930921,-30.486703010704773
500,3.5,+0.5,0.1,2,-28.211948007859075,-27.111781407603424,-26.46255313708179,-30.298233981484287
500,3.5,+0.5,0.1,10,-28.11933634904973,-27.554622470829642,-26.545228205175796,-30.018550959149366
500,3.5,+0.5,0.55,-1,-28.51773270925541,-27.03890725114738,-26.123051735490442,-30.50026982581415
500,3.5,+0.5,0.55,2,-28.19465759102677,-26.89977114489792,-26.57369445889752,-30.227414835498788
500,3.5,+0.5,0.55,10,-28.565871830224374,-27.489237155523334,-26.924609794128173,-29.610704046857744
500,3.5,+0.5,0.85,-1,-28.56077292051146,-27.00115518045713,-26.23271161115996,-30.522190009273142
500,3.5,+0.5,0.85,2,-28.26515432896185,-27.04030033850906,-26.701978495811936,-30.159654153756186
500,3.5,+0.5,0.85,10,-28.60065872219876,-27.47052454125905,-27.119713823046723,-29.407747638373646
500,3.5,+0.75,0.1,-1,-28.392267620933417,-27.194275352499243,-26.005108721821255,-30.434864114482288
500,3.5,+0.75,0.1,2,-28.16732307700621,-27.058121248116272,-26.47063793148432,-30.193161484014908
500,3.5,+0.75,0.1,10,-27.937116248693098,-27.49592475951554,-26.509923948197308,-29.93479856948538
500,3.5,+0.75,0.55,-1,-28.519835722841638,-26.99346719318372,-26.143285210584658,-30.427009715450666
500,3.5,+0.75,0.55,2,-28.279386609305483,-26.963093383314533,-26.58308667294311,-30.054083377051985
500,3.5,+0.75,0.55,10,-28.61729883712308,-27.407648044054067,-26.936851083062944,-29.49058656573395
500,3.5,+0.75,0.85,-1,-28.348035544776316,-26.934451008202522,-26.306673468312837,-30.4604426125068
500,3.5,+0.75,0.85,2,-28.126803730784566,-26.9773794145561,-26.744119404780836,-29.9676161975149
500,3.5,+0.75,0.85,10,-28.57336140337736,-27.355291359005527,-27.146865266675377,-29.229186653734214
500,3.5,+1.0,0.1,-1,-28.336894247133415,-27.11078492953453,-26.064497836195635,-30.37790073016656
500,3.5,+1.0,0.1,2,-28.04106888310684,-26.935380204371874,-26.50033507163443,-30.093664581301788
500,3.5,+1.0,0.1,10,-27.74967273375552,-27.44221358025001,-26.487297340050326,-29.863190988835335
500,3.5,+1.0,0.55,-1,-28.46760118979561,-26.91121023632394,-26.24680960052652,-30.380657062858283
500,3.5,+1.0,0.55,2,-28.193274002884007,-26.75630132537178,-26.616451945744632,-29.944378424241034
500,3.5,+1.0,0.55,10,-28.499995268912972,-27.290224299319664,-26.9606678231092,-29.415124602574117
500,3.5,+1.0,0.85,-1,-28.335679208444795,-26.92702129155962,-26.350620819715623,-30.393319822075146
500,3.5,+1.0,0.85,2,-28.123513715622003,-26.921869067437953,-26.77084373664913,-29.754312815511664
500,3.5,+1.0,0.85,10,-28.510596398249,-27.28321046338766,-27.223620916196154,-29.098918782585066
500,4.0,-2.5,0.1,-1,-24.824270507062426,-26.78278725968368,-27.005310539330555,-30.806509646171047
500,4.0,-2.5,0.1,2,-24.83431644526143,-26.787984475783855,-27.00836128578336,-30.805825235655135
500,4.0,-2.5,0.1,10,-24.853897279767082,-26.753928735059986,-26.993509284332614,-30.809041579484898
500,4.0,-2.5,0.55,-1,-25.032764969719068,-26.985996882863375,-27.137713114372723,-30.858814295707447
500,4.0,-2.5,0.55,2,-25.0836351810999,-27.029651982450385,-27.139861045372978,-30.85975598117871
500,4.0,-2.5,0.55,10,-25.075503117540848,-26.957163478994545,-27.12036079627627,-30.863993121756078
500,4.0,-2.5,0.85,-1,-25.04801360503947,-27.066178969753203,-27.159682267732116,-30.862202931125886
500,4.0,-2.5,0.85,2,-25.026060449598226,-27.054744327884332,-27.164238429516388,-30.862623997514135
500,4.0,-2.5,0.85,10,-25.070196348749857,-27.021668410958775,-27.152929262613675,-30.870133674749596
500,4.0,-2.0,0.1,-1,-25.487587096106743,-26.67743032024742,-26.81002169861546,-30.915554319893168
500,4.0,-2.0,0.1,2,-25.473273686869167,-26.683288871843082,-26.816008210800618,-30.918350270644346
500,4.0,-2.0,0.1,10,-25.5066688861956,-26.670599976038837,-26.79920376514211,-30.91865893113141
500,4.0,-2.0,0.55,-1,-25.646753661487875,-26.922077627508905,-26.992634527870408,-30.973062497766556
500,4.0,-2.0,0.55,2,-25.71363631583972,-26.950383555668825,-26.987497310666136,-30.969797626644926
500,4.0,-2.0,0.55,10,-25.71498185647166,-26.899386356457562,-26.981026437679233,-30.973817233543546
500,4.0,-2.0,0.85,-1,-25.747279840324026,-26.98060922869964,-27.03796674387618,-30.973357544821983
500,4.0,-2.0,0.85,2,-25.706223490880124,-26.969600993046523,-27.042461178238764,-30.97431730351036
500,4.0,-2.0,0.85,10,-25.721792947904927,-26.928550659392826,-27.040856615203225,-30.977923690268444
500,4.0,-1.5,0.1,-1,-26.325845370502684,-26.671946510041217,-26.406249611390678,-30.987554396896364
500,4.0,-1.5,0.1,2,-26.29167127163193,-26.687001147794255,-26.447508355938236,-30.985039148760034
500,4.0,-1.5,0.1,10,-26.304062551304575,-26.750018070312024,-26.528059107932386,-30.9827191782291
500,4.0,-1.5,0.55,-1,-26.57570881822482,-26.855676293224995,-26.673453770531054,-31.04059367650629
500,4.0,-1.5,0.55,2,-26.58970184643403,-26.90768263281509,-26.72186075757637,-31.039236139367915
500,4.0,-1.5,0.55,10,-26.596296181588333,-26.97184180118516,-26.7942526324409,-31.021499998045957
500,4.0,-1.5,0.85,-1,-26.596001839177546,-26.937527168511103,-26.73179176455609,-31.041561608218156
500,4.0,-1.5,0.85,2,-26.573528772350148,-26.97225854637078,-26.787467190350682,-31.038659269145434
500,4.0,-1.5,0.85,10,-26.604705980876346,-27.046488714034467,-26.86431789382794,-31.01562930008817
500,4.0,-1.0,0.1,-1,-27.211622978588874,-26.83676350553355,-26.037095943961507,-30.959050951586438
500,4.0,-1.0,0.1,2,-27.17378976083993,-26.936425408279998,-26.179500259750807,-30.96459865796939
500,4.0,-1.0,0.1,10,-27.211833091581678,-27.115549297436722,-26.386522254968273,-30.87929536576891
500,4.0,-1.0,0.55,-1,-27.540611008193174,-26.923703851804444,-26.30732321474069,-30.991190582497133
500,4.0,-1.0,0.55,2,-27.472425625506656,-27.042320193464953,-26.481081968627947,-30.986653127874604
500,4.0,-1.0,0.55,10,-27.63782629323153,-27.33843865358622,-26.767175997935354,-30.813116326311413
500,4.0,-1.0,0.85,-1,-27.50974682091748,-26.875099071927888,-26.403578754145887,-30.994588196924116
500,4.0,-1.0,0.85,2,-27.441216432733423,-27.01071678828173,-26.575618440276997,-30.984151786691875
500,4.0,-1.0,0.85,10,-27.592689271307623,-27.29403630350674,-26.838924831393477,-30.89410733432441
500,4.0,-0.5,0.1,-1,-28.096781662133733,-27.15342517653303,-25.783184584471105,-30.8122355080827
500,4.0,-0.5,0.1,2,-27.86591728154809,-27.34500275763155,-26.187998603029158,-30.811041999481866
500,4.0,-0.5,0.1,10,-27.913126273243147,-27.530453283835172,-26.37163602845332,-30.63494334461213
500,4.0,-0.5,0.55,-1,-28.330108773349096,-27.02554760826233,-26.05191807948685,-30.835154120458835
500,4.0,-0.5,0.55,2,-28.132465315259644,-27.28366143239296,-26.463987495550594,-30.78909472804876
500,4.0,-0.5,0.55,10,-28.38189391282233,-27.65550935847953,-26.789211178374877,-30.42743685971635
500,4.0,-0.5,0.85,-1,-28.257403912113137,-26.9548359578631,-26.149926383268397,-30.849941044532684
500,4.0,-0.5,0.85,2,-28.10190621811803,-27.153196321610213,-26.476526693246804,-30.801768748347115
500,4.0,-0.5,0.85,10,-28.345635669931703,-27.637620467841998,-26.91934645971749,-30.371839374342308
500,4.0,-0.25,0.1,-1,-28.331379433849907,-27.286621158157367,-25.747660881688248,-30.73002995417233
500,4.0,-0.25,0.1,2,-28.177100062097985,-27.448529374944965,-26.189312062291634,-30.691596515770605
500,4.0,-0.25,0.1,10,-28.250971544985497,-27.664595444462904,-26.36746319963478,-30.47493102581393
500,4.0,-0.25,0.55,-1,-28.521636677636877,-27.107414235442654,-26.007181965951823,-30.760039820026638
500,4.0,-0.25,0.55,2,-28.35541642714173,-27.348707336918025,-26.44635730572421,-30.65098522662478
500,4.0,-0.25,0.55,10,-28.58050963272522,-27.699683610600694,-26.74898735981261,-30.215796492553704
500,4.0,-0.25,0.85,-1,-28.474158831447333,-27.02340600855265,-26.06977571743437,-30.769820326397863
500,4.0,-0.25,0.85,2,-28.317605038813845,-27.19438069839636,-26.44965833512589,-30.680193566580854
500,4.0,-0.25,0.85,10,-28.54175278089223,-27.692299423057577,-26.926125182108397,-30.150136307745278
500,4.0,+0.0,0.1,-1,-28.488446909391506,-27.379724753089086,-25.723148578191804,-30.654811456934468
500,4.0,+0.0,0.1,2,-28.342183190002444,-27.50345796329033,-26.23104101753693,-30.573795663583923
500,4.0,+0.0,0.1,10,-28.36688662998163,-27.734792547237248,-26.37383670499972,-30.330195565364335
500,4.0,+0.0,0.55,-1,-28.580858934325185,-27.145399782750275,-25.937377868048475,-30.675091190294847
500,4.0,+0.0,0.55,2,-28.4332600935172,-27.3543673577868,-26.457948301659464,-30.509722796311234
500,4.0,+0.0,0.55,10,-28.67342905275233,-27.720993341370527,-26.785134807570607,-30.04150389521336
500,4.0,+0.0,0.85,-1,-28.600940132193,-27.077740378528702,-25.992523492761023,-30.685629029640648
500,4.0,+0.0,0.85,2,-28.431471988786633,-27.340692603097175,-26.562036017878818,-30.486255527597493
500,4.0,+0.0,0.85,10,-28.680401137280676,-27.688771073424057,-26.835553197655226,-29.941433891571716
500,4.0,+0.25,0.1,-1,-28.570368091853105,-27.40856955114543,-25.717485945725784,-30.583356004714553
500,4.0,+0.25,0.1,2,-28.39817702554143,-27.484622510837433,-26.278555189790872,-30.451339391849046
500,4.0,+0.25,0.1,10,-28.34431168257386,-27.762667362924848,-26.38404805745295,-30.21957639006096
500,4.0,+0.25,0.55,-1,-28.629056923425896,-27.163982046460056,-25.92695075749475,-30.60838149602513
500,4.0,+0.25,0.55,2,-28.461830115314267,-27.357267219378674,-26.509495605277785,-30.359806339988182
500,4.0,+0.25,0.55,10,-28.681128403022633,-27.654656356118885,-26.764275299092745,-29.87575195576033
500,4.0,+0.25,0.85,-1,-28.677265228279776,-27.124403853302823,-25.991940573775118,-30.624339120362695
500,4.0,+0.25,0.85,2,-28.479330507671566,-27.346035122093465,-26.611273396955504,-30.306748717150384
500,4.0,+0.25,0.85,10,-28.76472128547771,-27.692998055498155,-26.867912000637126,-29.755344108282156
500,4.0,+0.5,0.1,-1,-28.58601989094123,-27.406391926269965,-25.747973904344576,-30.52817710894232
500,4.0,+0.5,0.1,2,-28.408940651797746,-27.440683195294724,-26.358219276559556,-30.330514522219186
500,4.0,+0.5,0.1,10,-28.261743325022053,-27.73032692956147,-26.3304053591081,-30.111313543349322
500,4.0,+0.5,0.55,-1,-28.625814025194924,-27.16725929419175,-25.956279364445397,-30.55432464920337
500,4.0,+0.5,0.55,2,-28.412198507522707,-27.260165640661214,-26.565306593038333,-30.190792866001157
500,4.0,+0.5,0.55,10,-28.757488811181716,-27.58658810403044,-26.756305382772744,-29.694564926964567
500,4.0,+0.5,0.85,-1,-28.63084166624847,-27.143151086156614,-26.057266764430615,-30.579932082614857
500,4.0,+0.5,0.85,2,-28.49421689762865,-27.31139987116849,-26.659859462509147,-30.08560624848132
500,4.0,+0.5,0.85,10,-28.770105720113154,-27.624570540440057,-26.868873461031452,-29.564401098404115
500,4.0,+0.75,0.1,-1,-28.54880383879945,-27.375669896238595,-25.813998925181714,-30.48466685554748
500,4.0,+0.75,0.1,2,-28.36395091495949,-27.35089531063917,-26.39620454556418,-30.17348886090035
500,4.0,+0.75,0.1,10,-28.11687532604659,-27.724320083713167,-26.329218778883394,-30.03130889339387
500,4.0,+0.75,0.55,-1,-28.610562286792984,-27.151211138893277,-26.045249231117666,-30.514806599384293
500,4.0,+0.75,0.55,2,-28.43665950207003,-27.206706222716566,-26.622796336004306,-29.995148055212685
500,4.0,+0.75,0.55,10,-28.772866793203484,-27.55795841034012,-26.71922706683574,-29.616528898260906
500,4.0,+0.75,0.85,-1,-28.704313673399888,-27.08501876782506,-26.120743034972776,-30.527979871542357
500,4.0,+0.75,0.85,2,-28.553257314937817,-27.22535989937394,-26.71750084197579,-29.871472411692093
500,4.0,+0.75,0.85,10,-28.774881810102894,-27.53199692072805,-26.885129986150865,-29.396672810053484
500,4.0,+1.0,0.1,-1,-28.48502651673311,-27.316900619443068,-25.90981288810894,-30.44850814281933
500,4.0,+1.0,0.1,2,-28.307914189211715,-27.24558692626499,-26.434316407709446,-30.031812815591344
500,4.0,+1.0,0.1,10,-27.861216870586407,-27.673254444995813,-26.303750090494276,-29.959724565394357
500,4.0,+1.0,0.55,-1,-28.578001767801343,-27.14458300343956,-26.095678715129374,-30.463118557450866
500,4.0,+1.0,0.55,2,-28.41709798007512,-27.15868202749696,-26.661853687651526,-29.776787137288693
500,4.0,+1.0,0.55,10,-28.79329031791063,-27.465112268959665,-26.72234897528603,-29.499572041408886
500,4.0,+1.0,0.85,-1,-28.701922964680648,-27.064346000197332,-26.20796776282844,-30.478159570419603
500,4.0,+1.0,0.85,2,-28.488382000287302,-27.124944095339817,-26.800951390669375,-29.685248140557626
500,4.0,+1.0,0.85,10,-28.721670268750685,-27.363363823783736,-26.995824421180664,-29.210869326623556
500,4.5,-2.5,0.1,-1,-24.59567695382995,-26.77439184293233,-27.054677279486388,-30.765955992814984
500,4.5,-2.5,0.1,2,-24.595377361151314,-26.774285655340243,-27.05490534575974,-30.765931307183116
500,4.5,-2.5,0.1,10,-24.651428150476008,-26.77681039387617,-27.039673729431883,-30.773128853227117
500,4.5,-2.5,0.55,-1,-24.843075986502868,-26.993839531178715,-27.170184394231434,-30.816239988534203
500,4.5,-2.5,0.55,2,-24.80710219393846,-26.971086778031275,-27.172311831828374,-30.815633147457685
500,4.5,-2.5,0.55,10,-24.82360977727698,-26.915516935830667,-27.157946343129108,-30.820996612867823
500,4.5,-2.5,0.85,-1,-24.789829144934586,-27.062051237350286,-27.1597480975473,-30.80904368329334
500,4.5,-2.5,0.85,2,-24.792458366190395,-27.06458355129336,-27.16408729414934,-30.811298053207572
500,4.5,-2.5,0.85,10,-24.85520088043462,-27.043464146074786,-27.14885586872517,-30.82032964234895
500,4.5,-2.0,0.1,-1,-25.17919511169152,-26.71755140141018,-26.880736287102444,-30.87792761908224
500,4.5,-2.0,0.1,2,-25.188092597383772,-26.71423183160517,-26.886389569377208,-30.87616513118068
500,4.5,-2.0,0.1,10,-25.22761558687783,-26.699972629822362,-26.870118638093444,-30.881894154586334
500,4.5,-2.0,0.55,-1,-25.418881121380412,-26.99152102316097,-27.03283529985704,-30.937141013173278
500,4.5,-2.0,0.55,2,-25.454082914502866,-27.003943367620487,-27.030504471116366,-30.932710734109673
500,4.5,-2.0,0.55,10,-25.47201973312586,-26.96759093131998,-27.013075160533845,-30.942984447083237
500,4.5,-2.0,0.85,-1,-25.43915294854814,-27.04195658101306,-27.079141954563774,-30.929509473353484
500,4.5,-2.0,0.85,2,-25.449621251056897,-27.045597685545054,-27.08114032341208,-30.929621769328392
500,4.5,-2.0,0.85,10,-25.50995794960675,-27.00244368458297,-27.05879599146732,-30.94167709879312
500,4.5,-1.5,0.1,-1,-25.981754051755217,-26.64547313042801,-26.53753207383183,-30.984655277762258
500,4.5,-1.5,0.1,2,-25.963173742278265,-26.649499729602596,-26.54911185816754,-30.98511979266084
500,4.5,-1.5,0.1,10,-26.0101852258622,-26.662305036029586,-26.54775625868688,-30.98359781929675
500,4.5,-1.5,0.55,-1,-26.274061791585602,-26.903605179107878,-26.74255685502789,-31.036510793960378
500,4.5,-1.5,0.55,2,-26.242874483014997,-26.90719318165545,-26.774609279309423,-31.040037093474734
500,4.5,-1.5,0.55,10,-26.326840946716228,-26.928063789605897,-26.771133447927244,-31.03244520691024
500,4.5,-1.5,0.85,-1,-26.258873916523182,-26.945282011592113,-26.8310927912136,-31.038739354695323
500,4.5,-1.5,0.85,2,-26.268639536454025,-26.970910318528215,-26.842541256998935,-31.039687307518506
500,4.5,-1.5,0.85,10,-26.340136962528902,-26.96560596326819,-26.83224244635301,-31.02519629836342
500,4.5,-1.0,0.1,-1,-26.936546980011173,-26.83089542664634,-26.073105321095067,-31.001015662415657
500,4.5,-1.0,0.1,2,-26.886129295707374,-26.876232357386662,-26.14674799198746,-30.998878644743733
500,4.5,-1.0,0.1,10,-26.917873886514165,-26.969134791308772,-26.22594624875464,-30.984073945425653
500,4.5,-1.0,0.55,-1,-27.210950647417036,-26.968857705058944,-26.361081633411313,-31.04722554438885
500,4.5,-1.0,0.55,2,-27.20175077118883,-27.061393162732795,-26.453893978430557,-31.047384305923952
500,4.5,-1.0,0.55,10,-27.250902309814542,-27.1763907231789,-26.58755391163599,-30.989685055778953
500,4.5,-1.0,0.85,-1,-27.19505380928681,-26.955350533500948,-26.459502118914912,-31.048424445618803
500,4.5,-1.0,0.85,2,-27.19102976944445,-27.06238567466642,-26.58142476232139,-31.047161675093996
500,4.5,-1.0,0.85,10,-27.312174323148362,-27.209601533524985,-26.685449780393768,-30.965202692886646
500,4.5,-0.5,0.1,-1,-27.88079581768358,-27.102927877515988,-25.76212373028922,-30.888599079045576
500,4.5,-0.5,0.1,2,-27.784700147093556,-27.259486187463324,-25.961276727370567,-30.90230291021752
500,4.5,-0.5,0.1,10,-27.836861338125082,-27.418885617020994,-26.155957789406088,-30.819631545223103
500,4.5,-0.5,0.55,-1,-28.14201318854149,-27.05750597897884,-26.011550965710452,-30.918153963027926
500,4.5,-0.5,0.55,2,-28.033199963693413,-27.254982438361203,-26.278288534776216,-30.90060657322486
500,4.5,-0.5,0.55,10,-28.20436202550646,-27.553414522880765,-26.55632270356726,-30.68736581233336
500,4.5,-0.5,0.85,-1,-28.085872789205204,-27.027046199687717,-26.089281071592737,-30.929570743425433
500,4.5,-0.5,0.85,2,-27.98557572357373,-27.216134869159553,-26.377963085757344,-30.897052446499856
500,4.5,-0.5,0.85,10,-28.200686142808557,-27.53677282344055,-26.64717546571513,-30.642119929658243
500,4.5,-0.25,0.1,-1,-28.219815190312435,-27.254498468256934,-25.68522630556998,-30.800286191488006
500,4.5,-0.25,0.1,2,-28.110893999220067,-27.419654435338106,-25.962952962807258,-30.802317934542707
500,4.5,-0.25,0.1,10,-28.184712472324453,-27.63733913056177,-26.18811963878006,-30.60565778153951
500,4.5,-0.25,0.55,-1,-28.46604977462491,-27.143139581972534,-25.919296422302285,-30.83564370795241
500,4.5,-0.25,0.55,2,-28.340606566019094,-27.35368239032008,-26.25762332553243,-30.783476747922652
500,4.5,-0.25,0.55,10,-28.490002683517407,-27.751280241100456,-26.625334755370247,-30.388435243110806
500,4.5,-0.25,0.85,-1,-28.359172861013754,-27.06298787053141,-25.99597189044353,-30.848563928309574
500,4.5,-0.25,0.85,2,-28.273896559742944,-27.31696716804805,-26.357586948501996,-30.782274397178337
500,4.5,-0.25,0.85,10,-28.456570065458884,-27.669043311246373,-26.670147574579634,-30.430936073159604
500,4.5,+0.0,0.1,-1,-28.431254386279356,-27.378000649933757,-25.68404585245061,-30.72854357792785
500,4.5,+0.0,0.1,2,-28.320731697338374,-27.552475088440328,-26.02174194876205,-30.69685473143265
500,4.5,+0.0,0.1,10,-28.381524318373966,-27.75233113789875,-26.192896346716683,-30.455015202839633
500,4.5,+0.0,0.55,-1,-28.698489350627042,-27.23202267452593,-25.865210406108904,-30.755171272169797
500,4.5,+0.0,0.55,2,-28.521426489708123,-27.40281943168229,-26.260804808485815,-30.65335349704684
500,4.5,+0.0,0.55,10,-28.73532443084731,-27.793307487364363,-26.636138736881044,-30.187519000759817
500,4.5,+0.0,0.85,-1,-28.570634557507976,-27.152054558431562,-25.91960857939327,-30.766579612635702
500,4.5,+0.0,0.85,2,-28.449470904869454,-27.388433168982544,-26.362318619506798,-30.651663041198734
500,4.5,+0.0,0.85,10,-28.638034842332416,-27.776563949389967,-26.74420636458857,-30.135487662399623
500,4.5,+0.25,0.1,-1,-28.53018967780582,-27.455529666198576,-25.682522920800125,-30.660526878812266
500,4.5,+0.25,0.1,2,-28.485173618788014,-27.556623327841496,-26.058353542953647,-30.57121981607295
500,4.5,+0.25,0.1,10,-28.480434111312498,-27.835342669714795,-26.160862151569066,-30.319742494907086
500,4.5,+0.25,0.55,-1,-28.827383707326618,-27.27977233476304,-25.817169596078628,-30.67646319001204
500,4.5,+0.25,0.55,2,-28.593346119583536,-27.420759868215573,-26.289281290282783,-30.520973560151184
500,4.5,+0.25,0.55,10,-28.803388846848023,-27.754319025187378,-26.496682675183997,-30.001496872607675
500,4.5,+0.25,0.85,-1,-28.701868313911312,-27.20131953041401,-25.875792239069526,-30.6900871661505
500,4.5,+0.25,0.85,2,-28.56179220977152,-27.42216371612233,-26.365684817509848,-30.5018874849204
500,4.5,+0.25,0.85,10,-28.77329468969168,-27.80305407657076,-26.767913526515787,-29.93762170910329
500,4.5,+0.5,0.1,-1,-28.605909554876373,-27.50829529363535,-25.67553434170221,-30.595068614588442
500,4.5,+0.5,0.1,2,-28.55385013340755,-27.57100847096838,-26.109565275721195,-30.453791767882592
500,4.5,+0.5,0.1,10,-28.422137234159642,-27.855423746043115,-26.14273103243224,-30.209429233688656
500,4.5,+0.5,0.55,-1,-28.745156443459877,-27.30712895413401,-25.813055924569994,-30.615050038583643
500,4.5,+0.5,0.55,2,-28.61643504065262,-27.406458198747096,-26.300350704880458,-30.377311989615205
500,4.5,+0.5,0.55,10,-28.823886965018932,-27.73565356291476,-26.548835544452004,-29.855839261369294
500,4.5,+0.5,0.85,-1,-28.773937316148274,-27.24119549835863,-25.877850846943954,-30.630526301710546
500,4.5,+0.5,0.85,2,-28.562364124269074,-27.423082055685292,-26.436514904995455,-30.360892199694014
500,4.5,+0.5,0.85,10,-28.868538964566408,-27.697915711060244,-26.56693036458345,-29.72993635729321
500,4.5,+0.75,0.1,-1,-28.628347842841194,-27.519649309676545,-25.684075043964093,-30.538144477842142
500,4.5,+0.75,0.1,2,-28.53933172862505,-27.50045012564334,-26.16727674199385,-30.341523107968186
500,4.5,+0.75,0.1,10,-28.2968205981787,-27.868522961877286,-26.13102323762057,-30.127306595225928
500,4.5,+0.75,0.55,-1,-28.71704202248722,-27.31208822235247,-25.84793078094836,-30.561321659682058
500,4.5,+0.75,0.55,2,-28.574022738064112,-27.361940927467753,-26.384040942553014,-30.240667780383127
500,4.5,+0.75,0.55,10,-28.83674225748441,-27.69863317548818,-26.557500475148412,-29.72609423843819
500,4.5,+0.75,0.85,-1,-28.703216147144634,-27.254876513621653,-25.92424473292454,-30.58057331745026
500,4.5,+0.75,0.85,2,-28.52908820871977,-27.32389402044791,-26.49855269025331,-30.190716237815153
500,4.5,+0.75,0.85,10,-28.875685438107585,-27.643147725489257,-26.664742530048283,-29.55495254600749
500,4.5,+1.0,0.1,-1,-28.624372901748245,-27.502580542533135,-25.71337721928328,-30.490852160496345
500,4.5,+1.0,0.1,2,-28.48225936707948,-27.397840962400114,-26.215632888597604,-30.227736568990274
500,4.5,+1.0,0.1,10,-28.102759090898108,-27.82164371547561,-26.077542708546414,-30.039675541717298
500,4.5,+1.0,0.55,-1,-28.697987234217095,-27.28775643550927,-25.89947077170283,-30.509272675665457
500,4.5,+1.0,0.55,2,-28.51053576791425,-27.305796241365208,-26.453300717519067,-30.067306744990837
500,4.5,+1.0,0.55,10,-28.86791982879934,-27.58678159612481,-26.553741770355156,-29.604474396621228
500,4.5,+1.0,0.85,-1,-28.68491339984754,-27.249499427689745,-25.989821419909713,-30.528452666497806
500,4.5,+1.0,0.85,2,-28.385351032546367,-27.31382655609324,-26.59244449558369,-29.982263485694066
500,4.5,+1.0,0.85,10,-28.98539612527569,-27.515016752461868,-26.65638389192211,-29.37649821773774
500,5.0,-2.5,0.1,-1,-24.48288166520198,-26.808273757659876,-27.08347061790559,-30.72565933531469
500,5.0,-2.5,0.1,2,-24.481283391174095,-26.80637875539848,-27.08182351507453,-30.724273746332948
500,5.0,-2.5,0.1,10,-24.525198739372527,-26.818937335318516,-27.080168223332365,-30.734259653729215
500,5.0,-2.5,0.55,-1,-24.65460786843358,-26.973490438766298,-27.171010368554015,-30.767325875288712
500,5.0,-2.5,0.55,2,-24.604732819350083,-26.949980816167752,-27.17312894973894,-30.768851542916682
500,5.0,-2.5,0.55,10,-24.658722369311896,-26.937163867282983,-27.16829227547712,-30.77824532189841
500,5.0,-2.5,0.85,-1,-24.638107467684392,-27.053977463210643,-27.154367179491334,-30.75934896720014
500,5.0,-2.5,0.85,2,-24.59329431542017,-27.020027175412345,-27.15906697461422,-30.761386185514688
500,5.0,-2.5,0.85,10,-24.670016307497594,-27.028009073636994,-27.145112830860455,-30.77027253226762
500,5.0,-2.0,0.1,-1,-24.939623812568218,-26.78901161618591,-26.952365470304365,-30.82961561504788
500,5.0,-2.0,0.1,2,-24.93956880841194,-26.789285845836908,-26.95271944161078,-30.8296304609644
500,5.0,-2.0,0.1,10,-24.977878510704915,-26.765725233352246,-26.948826298932495,-30.8351529108892
500,5.0,-2.0,0.55,-1,-25.065601133405274,-26.94997535847525,-27.085138371783778,-30.880955645198192
500,5.0,-2.0,0.55,2,-25.06549302236632,-26.95010892273395,-27.085494363078006,-30.880925620944044
500,5.0,-2.0,0.55,10,-25.115163715068327,-26.92048863737506,-27.063504298396012,-30.89190094882998
500,5.0,-2.0,0.85,-1,-25.0843208475317,-27.022743230330057,-27.096892540970813,-30.873387733595067
500,5.0,-2.0,0.85,2,-25.095934386598632,-27.036136089513228,-27.090709701401895,-30.873711957915788
500,5.0,-2.0,0.85,10,-25.180780890831155,-27.017246810282373,-27.08262709751725,-30.886615083758233
500,5.0,-1.5,0.1,-1,-25.659609529350863,-26.695364469402616,-26.67401855582247,-30.953467583745
500,5.0,-1.5,0.1,2,-25.684195766759853,-26.714342401786688,-26.671518683724894,-30.955271177005717
500,5.0,-1.5,0.1,10,-25.688888249759785,-26.689546561639766,-26.65803922915217,-30.956374267947893
500,5.0,-1.5,0.55,-1,-25.884791827240505,-26.967219507203385,-26.8601477830155,-31.009851469848016
500,5.0,-1.5,0.55,2,-25.863554492110907,-26.948132940262006,-26.870415987607302,-31.000988371127136
500,5.0,-1.5,0.55,10,-25.919983219499315,-26.940217477567217,-26.852195738401157,-31.008821164453234
500,5.0,-1.5,0.85,-1,-25.91644583718173,-26.98683857680927,-26.900402416869262,-31.003327839596054
500,5.0,-1.5,0.85,2,-25.8681425758706,-26.99057270092605,-26.929722028357297,-31.008645242392117
500,5.0,-1.5,0.85,10,-25.93772781577068,-26.949760450914667,-26.87900783371708,-31.015055000501132
500,5.0,-1.0,0.1,-1,-26.534316223780333,-26.74833225775957,-26.18116325207533,-31.021435832032275
500,5.0,-1.0,0.1,2,-26.524041794019524,-26.76072874233607,-26.205068391826515,-31.021258749297903
500,5.0,-1.0,0.1,10,-26.568415083246077,-26.80351877629938,-26.21130354735314,-30.99657054498423
500,5.0,-1.0,0.55,-1,-26.84479771219159,-26.94553677900017,-26.460608629617127,-31.070947380509367
500,5.0,-1.0,0.55,2,-26.828814309647026,-26.96197347861856,-26.48897714375216,-31.07123794551983
500,5.0,-1.0,0.55,10,-26.896455388903124,-27.03880897609309,-26.533427279558488,-31.037987329369304
500,5.0,-1.0,0.85,-1,-26.839277774559598,-26.990434137950984,-26.53553384602295,-31.065771021458673
500,5.0,-1.0,0.85,2,-26.806184653906143,-26.998001313021657,-26.567293859989082,-31.064722421983333
500,5.0,-1.0,0.85,10,-26.98160034190579,-27.1038346130381,-26.597986426805424,-31.01643257435181
500,5.0,-0.5,0.1,-1,-27.572352105293426,-27.001801140998843,-25.768969622312262,-30.960512343082787
500,5.0,-0.5,0.1,2,-27.55127149062966,-27.05389340674712,-25.858804052973753,-30.965547643183925
500,5.0,-0.5,0.1,10,-27.59486456639518,-27.187348399791244,-26.008015099130862,-30.901260637186997
500,5.0,-0.5,0.55,2,-27.803651341475387,-27.117796355792592,-26.16141159639568,-30.990790217716388
500,5.0,-0.5,0.55,10,-27.96987364850346,-27.402756480624838,-26.40881545381103,-30.83572324989833
500,5.0,-0.5,0.85,-1,-27.82355963060516,-27.02108002073233,-26.13956128628296,-31.000398193018242
500,5.0,-0.5,0.85,2,-27.784349067251824,-27.12454808441725,-26.271073592275734,-30.9960002265988
500,5.0,-0.5,0.85,10,-27.984293134096532,-27.420236902813077,-26.502544150472982,-30.810677110116366
500,5.0,-0.25,0.1,-1,-27.99288205018232,-27.129570192547426,-25.68135439424239,-30.888632881013052
500,5.0,-0.25,0.1,2,-27.95228662413794,-27.30005001035202,-25.83239018250638,-30.885491338390164
500,5.0,-0.25,0.1,10,-28.02808273121745,-27.436527170168183,-25.97282242055341,-30.774328289525748
500,5.0,-0.25,0.55,-1,-28.25446890385214,-27.143708406467383,-25.932414594496542,-30.923130754985735
500,5.0,-0.25,0.55,2,-28.201388458859764,-27.339181067361032,-26.150163269913516,-30.888334746964322
500,5.0,-0.25,0.55,10,-28.3855208702226,-27.633698434896562,-26.391357966985282,-30.652763476420112
500,5.0,-0.25,0.85,-1,-28.19507240408058,-27.089867092431128,-26.014115130205834,-30.937868170830775
500,5.0,-0.25,0.85,2,-28.061689230533105,-27.26731735201227,-26.20017045834874,-30.90900641443828
500,5.0,-0.25,0.85,10,-28.35525729384175,-27.629589223683446,-26.50479729357,-30.63944574014972
500,5.0,+0.0,0.1,-1,-28.285879974173454,-27.277061913407422,-25.634480564492115,-30.8011779913301
500,5.0,+0.0,0.1,2,-28.274035997297776,-27.501059799240895,-25.822273953307977,-30.78518816823342
500,5.0,+0.0,0.1,10,-28.350698103586097,-27.655725691078313,-25.968621516433107,-30.63392037943192
500,5.0,+0.0,0.55,-1,-28.49781372207149,-27.206521029884215,-25.854584091370263,-30.84636731792846
500,5.0,+0.0,0.55,2,-28.495939102502984,-27.48688771588054,-26.136518387334892,-30.762526406881854
500,5.0,+0.0,0.55,10,-28.637520971843987,-27.763936829298842,-26.403597936371405,-30.440487314322397
500,5.0,+0.0,0.85,-1,-28.41053036647753,-27.160534325513215,-25.917629067312866,-30.86232054732249
500,5.0,+0.0,0.85,2,-28.415301947028205,-27.421359495455405,-26.203775343661313,-30.76661822607729
500,5.0,+0.0,0.85,10,-28.562595537100716,-27.736559741273137,-26.497110970461204,-30.430384851006128
500,5.0,+0.25,0.1,-1,-28.43991271959107,-27.380893253542578,-25.638465521576634,-30.7309588792022
500,5.0,+0.25,0.1,2,-28.49394186282549,-27.657863544212724,-25.845523325792918,-30.667976305181067
500,5.0,+0.25,0.1,10,-28.56561690666299,-27.836752107929144,-25.990793176881596,-30.465451340235468
500,5.0,+0.25,0.55,-1,-28.695122747112105,-27.272991941074338,-25.775066342112574,-30.756859882784973
500,5.0,+0.25,0.55,2,-28.66548205562299,-27.571456780347454,-26.149877052978777,-30.60581809922416
500,5.0,+0.25,0.55,10,-28.807183628508596,-27.84423293280591,-26.399655308844032,-30.21845187745499
500,5.0,+0.25,0.85,-1,-28.590846267611273,-27.214743580129,-25.83716711195942,-30.778936151687436
500,5.0,+0.25,0.85,2,-28.59276714657636,-27.52020318803197,-26.228421242885425,-30.63953201808654
500,5.0,+0.25,0.85,10,-28.737133097392068,-27.8053796385786,-26.501423193891117,-30.197554635158138
500,5.0,+0.5,0.1,-1,-28.551014783109203,-27.459955653568066,-25.642607806143168,-30.666281354983923
500,5.0,+0.5,0.1,2,-28.589926828079623,-27.722293861547904,-25.91642850491843,-30.540981637059772
500,5.0,+0.5,0.1,10,-28.61805491968791,-27.91712543551087,-26.025254890272546,-30.322768336315033
500,5.0,+0.5,0.55,-1,-28.796803696830494,-27.342589908980255,-25.723739791907075,-30.681592196157528
500,5.0,+0.5,0.55,2,-28.784061753518195,-27.627255966880995,-26.18689797892515,-30.42685660019899
500,5.0,+0.5,0.55,10,-28.865247284828797,-27.841614771276543,-26.34766397487421,-29.996328598615438
500,5.0,+0.5,0.85,-1,-28.74825547040274,-27.257587109195356,-25.767475044439458,-30.695840297181824
500,5.0,+0.5,0.85,2,-28.724272939707426,-27.604229746286695,-26.31216485032095,-30.390601742487185
500,5.0,+0.5,0.85,10,-28.840223649661084,-27.815733901331384,-26.476545952416508,-29.96486163254591
500,5.0,+0.75,0.1,-1,-28.630508768530703,-27.513297694626438,-25.614545014959976,-30.598260125148677
500,5.0,+0.75,0.1,2,-28.65515106542832,-27.737143439676267,-25.981013685437176,-30.40219792931003
500,5.0,+0.75,0.1,10,-28.54424004705343,-27.94423094946253,-25.899353086737623,-30.214946158034536
500,5.0,+0.75,0.55,-1,-28.803686611026798,-27.388384579219256,-25.689237139805133,-30.611162637843865
500,5.0,+0.75,0.55,2,-28.761362521035533,-27.654022171451036,-26.27424561989487,-30.237197524498928
500,5.0,+0.75,0.55,10,-28.905998307539708,-27.80101134149968,-26.302988230598828,-29.878512126234362
500,5.0,+0.75,0.85,-1,-28.684720613630795,-27.307742042780028,-25.725502833822876,-30.621916155155915
500,5.0,+0.75,0.85,2,-28.698515190746257,-27.62132971931093,-26.39988924089934,-30.16825276253814
500,5.0,+0.75,0.85,10,-28.898896792850017,-27.81384568868489,-26.57045172575719,-29.76531506540909
500,5.0,+1.0,0.1,-1,-28.664957704647737,-27.547717580098595,-25.60293160496534,-30.54201694910219
500,5.0,+1.0,0.1,2,-28.641547157285853,-27.638261107378025,-26.06161753082452,-30.26006171749347
500,5.0,+1.0,0.1,10,-28.38669534633779,-27.943082291751587,-25.869947916236512,-30.13528908464407
500,5.0,+1.0,0.55,-1,-28.797163450639054,-27.399517982375507,-25.691393006576334,-30.55505834064363
500,5.0,+1.0,0.55,2,-28.72040758922331,-27.587412677481286,-26.35757322625061,-30.034213301723653
500,5.0,+1.0,0.55,10,-28.940962924423165,-27.721154895567352,-26.287326802561388,-29.73589660928402
500,5.0,+1.0,0.85,-1,-28.767902977817585,-27.34293195950051,-25.74744375113673,-30.567382034560694
500,5.0,+1.0,0.85,2,-28.662736589848127,-27.57290377418049,-26.49605677207105,-29.946431662070218
500,5.0,+1.0,0.85,10,-28.971198224652316,-27.66141771279226,-26.433980100768686,-29.584173821749673
500,5.25,-2.5,0.1,-1,-24.359636155700414,-26.80674223462935,-27.018272833336514,-30.664672581174507
500,5.25,-2.5,0.1,2,-24.359656752779767,-26.80676344220675,-27.01830664417217,-30.664678730173467
500,5.25,-2.5,0.1,10,-24.383453100856837,-26.782042459661675,-27.014033500487248,-30.671293717260752
500,5.25,-2.5,0.55,-1,-24.460578784752016,-26.971649019331252,-27.077678036605143,-30.704977447924282
500,5.25,-2.5,0.55,2,-24.41450338480688,-26.936530367347128,-27.08553101454352,-30.706802680881506
500,5.25,-2.5,0.55,10,-24.455315424504608,-26.92161459033217,-27.079269428244565,-30.713476147005604
500,5.25,-2.5,0.85,-1,-24.504285051552117,-26.99236389085503,-27.122446884625454,-30.721647568353745
500,5.25,-2.5,0.85,2,-24.541577913299474,-27.017999493165593,-27.123950777937736,-30.727538715543833
500,5.25,-2.5,0.85,10,-24.585338307560267,-26.989264602389362,-27.123814325009477,-30.731520785946994
500,5.25,-2.0,0.1,-1,-24.730341604300005,-26.685259401706936,-26.963774112680326,-30.775861286391695
500,5.25,-2.0,0.1,2,-24.730292421889875,-26.68536878723648,-26.96393136472233,-30.77583139269695
500,5.25,-2.0,0.1,10,-24.81831416492714,-26.66674996218912,-26.942058921001717,-30.78373933925674
500,5.25,-2.0,0.55,-1,-24.92624436581488,-26.927954369192012,-27.05115987466662,-30.824980251680408
500,5.25,-2.0,0.55,2,-24.911147579712214,-26.923032125579983,-27.062881136474076,-30.823520282455334
500,5.25,-2.0,0.55,10,-24.978918128452428,-26.903937080949003,-27.039948548181478,-30.83714749611451
500,5.25,-2.0,0.85,-1,-24.906310200111115,-26.931900880882704,-27.07189073405834,-30.819100467538867
500,5.25,-2.0,0.85,2,-24.902229701354447,-26.935021802028114,-27.07882170350358,-30.822163291483974
500,5.25,-2.0,0.85,10,-24.95720712816338,-26.904138214783202,-27.073663562486757,-30.840072314256094
500,5.25,-1.5,0.1,-1,-25.474490795218998,-26.687768174359213,-26.726163654514497,-30.92366180302037
500,5.25,-1.5,0.1,2,-25.463213910186813,-26.665403909862896,-26.713384787305415,-30.919948272157242
500,5.25,-1.5,0.1,10,-25.49807427486769,-26.667684800825416,-26.689802027830773,-30.931947585347018
500,5.25,-1.5,0.55,-1,-25.64410871785598,-26.88474043826075,-26.89458209840845,-30.97276675040352
500,5.25,-1.5,0.55,2,-25.703357207252647,-26.915727695840282,-26.888250664315603,-30.97115981475715
500,5.25,-1.5,0.55,10,-25.76515908256684,-26.890021702090596,-26.839441600972428,-30.981684716322107
500,5.25,-1.5,0.85,-1,-25.713290393602115,-27.012470069564387,-26.907111999877216,-30.97159038834745
500,5.25,-1.5,0.85,2,-25.71256337759309,-27.013019950959105,-26.90878093050664,-30.971412887830407
500,5.25,-1.5,0.85,10,-25.732809855807098,-26.947636894661954,-26.886602182556217,-30.977435419254228
500,5.25,-1.0,0.1,-1,-26.376345670113032,-26.741251032872565,-26.267727686329504,-31.01745057032892
500,5.25,-1.0,0.1,2,-26.343049105542985,-26.738367634275487,-26.283580804479488,-31.017679294262656
500,5.25,-1.0,0.1,10,-26.385716146723883,-26.756014766266656,-26.253633371224346,-31.00817265262129
500,5.25,-1.0,0.55,-1,-26.610453076092337,-26.93919779058504,-26.506573569161112,-31.06473893018732
500,5.25,-1.0,0.55,2,-26.60354741921857,-26.950410239345217,-26.521218317886817,-31.06398115774936
500,5.25,-1.0,0.55,10,-26.71363842430557,-27.00060246042905,-26.522587588590127,-31.045961658802067
500,5.25,-1.0,0.85,-1,-26.748606656394223,-27.050141918832086,-26.658800797463904,-31.099586510759394
500,5.25,-1.0,0.85,2,-26.752792674382285,-27.06626265528932,-26.6785208915458,-31.097060164070886
500,5.25,-1.0,0.85,10,-26.797612894055966,-27.088024363474887,-26.679670557967476,-31.087890474407146
500,5.25,-0.5,0.1,-1,-27.362311648923992,-26.95818791901862,-25.80857889761446,-30.99160378574258
500,5.25,-0.5,0.1,2,-27.335881928754983,-27.00252918437496,-25.86576460328654,-30.995135564810624
500,5.25,-0.5,0.1,10,-27.36728559244055,-27.0945648005728,-25.963319934826444,-30.947108866036892
500,5.25,-0.5,0.55,-1,-27.612972893910545,-27.05774534809658,-26.10888836967806,-31.032997442282294
500,5.25,-0.5,0.55,2,-27.652845321718672,-27.11238182242381,-26.179321933982532,-31.026023639433653
500,5.25,-0.5,0.55,10,-27.826190197840752,-27.332966582964126,-26.359888865765015,-30.896961332124746
500,5.25,-0.5,0.85,-1,-27.662336361867887,-27.019733484111597,-26.172966713774656,-31.024178231800548
500,5.25,-0.5,0.85,2,-27.64294028081298,-27.102253723699977,-26.263446505693455,-31.01906090845251
500,5.25,-0.5,0.85,10,-27.83779877061975,-27.32287959708605,-26.43406687456949,-30.868105974394577
500,5.25,-0.25,0.1,-1,-27.85255678085676,-27.122703546081667,-25.66937253217617,-30.923829395397725
500,5.25,-0.25,0.1,2,-27.81965783400532,-27.20094620770789,-25.765244568417913,-30.93012003891291
500,5.25,-0.25,0.1,10,-27.893851258136024,-27.367363483327356,-25.93358007375579,-30.840955947016184
500,5.25,-0.25,0.55,-1,-28.105695320587614,-27.124557106733903,-25.942127982686458,-30.957533371138318
500,5.25,-0.25,0.55,2,-28.074394758198736,-27.249906738298225,-26.082777877277096,-30.946164180297014
500,5.25,-0.25,0.55,10,-28.23568903626188,-27.528408864223554,-26.31800668528033,-30.7477345068304
500,5.25,-0.25,0.85,-1,-28.060124778681992,-27.056472029675174,-26.00770967773483,-30.960503200562727
500,5.25,-0.25,0.85,2,-28.04963901190208,-27.214860209661175,-26.160373648628536,-30.941926873642075
500,5.25,-0.25,0.85,10,-28.21143264798005,-27.475061153826765,-26.386914471778553,-30.730639155612455
500,5.25,+0.0,0.1,-1,-28.183370028690735,-27.236886598417783,-25.6216692244899,-30.84151276210377
500,5.25,+0.0,0.1,2,-28.179457573024223,-27.37784423559233,-25.723676641628455,-30.834876916843736
500,5.25,+0.0,0.1,10,-28.25268630500624,-27.535962619383263,-25.88160044326679,-30.709248933258078
500,5.25,+0.0,0.55,-1,-28.36665740414197,-27.185884933002164,-25.83224222989605,-30.873965165476996
500,5.25,+0.0,0.55,2,-28.409365107129872,-27.448787281988483,-26.063872720805506,-30.830140117711657
500,5.25,+0.0,0.55,10,-28.533856758579642,-27.73166109559473,-26.28999270836484,-30.554781315688615
500,5.25,+0.0,0.85,-1,-28.353812143875253,-27.13461147791568,-25.92792334427493,-30.900355306270612
500,5.25,+0.0,0.85,2,-28.328336474954416,-27.366925947464015,-26.10580470661922,-30.840880858173296
500,5.25,+0.0,0.85,10,-28.519956790132746,-27.690216586216035,-26.3647478909129,-30.53971376662276
500,5.25,+0.25,0.1,-1,-28.384563646729358,-27.340659197513027,-25.62236697386741,-30.768022467311972
500,5.25,+0.25,0.1,2,-28.468328503370444,-27.627542515939957,-25.742897464517377,-30.718877995765563
500,5.25,+0.25,0.1,10,-28.514358491208007,-27.75568798711113,-25.894006914453094,-30.548212016362434
500,5.25,+0.25,0.55,-1,-28.54609279856147,-27.254445640284246,-25.78339442374713,-30.802056275372838
500,5.25,+0.25,0.55,2,-28.637033517577095,-27.565861366255593,-26.050981059386288,-30.69576047181149
500,5.25,+0.25,0.55,10,-28.769755841004432,-27.861440208000236,-26.315771137376764,-30.342906555165527
500,5.25,+0.25,0.85,-1,-28.50488595960767,-27.209350046674892,-25.847221016831607,-30.821512090133755
500,5.25,+0.25,0.85,2,-28.55795789309076,-27.470412973604663,-26.104602930780473,-30.717611148991185
500,5.25,+0.25,0.85,10,-28.688848404614347,-27.830580728172354,-26.409898442530682,-30.321098764487825
500,5.25,+0.5,0.1,-1,-28.515648493905317,-27.419572668908966,-25.62921360972944,-30.702188539471408
500,5.25,+0.5,0.1,2,-28.618750249450496,-27.745685875947036,-25.795017139187255,-30.587747169919446
500,5.25,+0.5,0.1,10,-28.660659099958124,-27.893763767357427,-25.896276622397632,-30.38846679218495
500,5.25,+0.5,0.55,-1,-28.725990063043835,-27.310892701063914,-25.732445167492294,-30.726901173062643
500,5.25,+0.5,0.55,2,-28.790882859060506,-27.672099700358068,-26.12813340855606,-30.479499277575684
500,5.25,+0.5,0.55,10,-28.883978063055416,-27.89206555906361,-26.298554539061705,-30.133862027870965
500,5.25,+0.5,0.85,-1,-28.673042417610507,-27.248644090688096,-25.791621473806202,-30.7466050945478
500,5.25,+0.5,0.85,2,-28.690613236496944,-27.573379286201995,-26.143413366816603,-30.550825234247178
500,5.25,+0.5,0.85,10,-28.838649739695484,-27.858761499427477,-26.385634289996883,-30.092372907663204
500,5.25,+0.75,0.1,-1,-28.606320020504636,-27.49941834842669,-25.59981469866902,-30.63616930272035
500,5.25,+0.75,0.1,2,-28.699209952866475,-27.786259818289928,-25.85475706974513,-30.434238629523833
500,5.25,+0.75,0.1,10,-28.66523970734889,-27.951778766282448,-25.90763471814347,-30.266379199654267
500,5.25,+0.75,0.55,-1,-28.776044967203678,-27.35474260870106,-25.644444056089526,-30.634388442069135
500,5.25,+0.75,0.55,2,-28.84981210289333,-27.6982800915454,-26.159016289104493,-30.24663451214861
500,5.25,+0.75,0.55,10,-28.846018236278926,-27.871722354567808,-26.364266273824704,-29.989429885694694
500,5.25,+0.75,0.85,-1,-28.782707699422872,-27.340255174478326,-25.74142569092235,-30.673441003642488
500,5.25,+0.75,0.85,2,-28.729137877745536,-27.598194337626126,-26.159997049977225,-30.388131188559868
500,5.25,+0.75,0.85,10,-28.89722926281474,-27.845212255560522,-26.371786022070395,-29.88291366726987
500,5.25,+1.0,0.1,-1,-28.663559213410608,-27.52482449820882,-25.569007674875234,-30.57151799271326
500,5.25,+1.0,0.1,2,-28.70485666585192,-27.762346935704315,-25.951304580601075,-30.281834692874014
500,5.25,+1.0,0.1,10,-28.62354014789667,-27.954392711085305,-25.853735561136716,-30.167973866825033
500,5.25,+1.0,0.55,-1,-28.81917316386504,-27.4095431602295,-25.63116569977663,-30.576075597712055
500,5.25,+1.0,0.55,2,-28.798408189893333,-27.673098163020008,-26.249855630355604,-30.032460562789023
500,5.25,+1.0,0.55,10,-28.97614533982953,-27.780665701119503,-26.198273123348702,-29.840438142703654
500,5.25,+1.0,0.85,-1,-28.80092791339882,-27.343030026056834,-25.6816276071477,-30.593210086895276
500,5.25,+1.0,0.85,2,-28.709190869222574,-27.55077674071485,-26.235536769019227,-30.244469871629114
500,5.25,+1.0,0.85,10,-28.940322277045833,-27.706372527228886,-26.294206317903253,-29.71306267196665
550,3.5,-2.5,0.1,-1,-26.26365441217091,-27.48196153008965,-27.609290411452847,-31.214720018437255
550,3.5,-2.5,0.1,2,-26.235338570524217,-27.473570600822654,-27.615242854810376,-31.214245148861576
550,3.5,-2.5,0.1,10,-26.253761624608334,-27.456653171446042,-27.613476649869646,-31.218017669570752
550,3.5,-2.5,0.55,-1,-26.407933076550023,-27.69117854425818,-27.75234744645854,-31.261746659341597
550,3.5,-2.5,0.55,2,-26.409871474446813,-27.696869846724248,-27.75609729172079,-31.263099914524318
550,3.5,-2.5,0.55,10,-26.483549771058875,-27.697836335906516,-27.74849398998081,-31.265250840010566
550,3.5,-2.5,0.85,-1,-26.433319896949776,-27.758836756578038,-27.77810451748177,-31.2654548312608
550,3.5,-2.5,0.85,2,-26.422982171366552,-27.7375826409258,-27.781306651439216,-31.260762269027722
550,3.5,-2.5,0.85,10,-26.473711397844575,-27.73008995536919,-27.77132905618357,-31.269034482747315
550,3.5,-2.0,0.1,-1,-26.886100067534766,-27.44660130813601,-27.351333981939288,-31.298109490254596
550,3.5,-2.0,0.1,2,-26.886358300949198,-27.455920142666823,-27.368477780517093,-31.29515518458249
550,3.5,-2.0,0.1,10,-26.84720354128291,-27.47744152355971,-27.43362942637242,-31.288902295022467
550,3.5,-2.0,0.55,-1,-27.11091413254926,-27.656659105925236,-27.539712959034787,-31.34597501776031
550,3.5,-2.0,0.55,2,-27.050483312439397,-27.652431640244753,-27.59575325838291,-31.3430828359919
550,3.5,-2.0,0.55,10,-27.119613585864627,-27.702371267224883,-27.618813606662805,-31.33112380719453
550,3.5,-2.0,0.85,-1,-27.12663838595362,-27.712460246693187,-27.59218948973535,-31.33758136097061
550,3.5,-2.0,0.85,2,-27.089018155393504,-27.70738640337909,-27.623426648022047,-31.33586220207927
550,3.5,-2.0,0.85,10,-27.137067542499977,-27.76010045815496,-27.678511886753387,-31.31863316755545
550,3.5,-1.5,0.1,-1,-27.67071175636324,-27.443654566735248,-27.015851578728505,-31.313492031955043
550,3.5,-1.5,0.1,10,-27.57963599137295,-27.61874136779543,-27.302725863003253,-31.296393734716386
550,3.5,-1.5,0.55,-1,-27.90713732676702,-27.595564273794267,-27.267295363076226,-31.340855055685928
550,3.5,-1.5,0.55,2,-27.817189794777356,-27.667487085196072,-27.409139118798016,-31.33770617914407
550,3.5,-1.5,0.55,10,-27.854376003281367,-27.828749333582785,-27.570710034030206,-31.296326376828354
550,3.5,-1.5,0.85,-1,-27.914809708370072,-27.613245951273942,-27.34212173839424,-31.34384143049452
550,3.5,-1.5,0.85,2,-27.82754512846278,-27.69133927057451,-27.500291332769994,-31.338343837638792
550,3.5,-1.5,0.85,10,-27.869352209055933,-27.82337420899922,-27.629767408902836,-31.269543032485988
550,3.5,-1.0,0.1,-1,-28.436259295863763,-27.662327520063496,-26.718506150973646,-31.229560835574134
550,3.5,-1.0,0.1,2,-28.28781240361394,-27.747248371023872,-26.989488115840174,-31.2335686726895
550,3.5,-1.0,0.1,10,-28.329544745131763,-27.9690786757274,-27.231942410775346,-31.10505106227357
550,3.5,-1.0,0.55,2,-28.511542521203097,-27.788674917638954,-27.279477799828204,-31.236109359267004
550,3.5,-1.0,0.55,10,-28.645356973017137,-28.125953947257038,-27.59102759417816,-30.957984723716176
550,3.5,-1.0,0.85,-1,-28.63471738182879,-27.631072399041763,-27.07484943937898,-31.24281377530028
550,3.5,-1.0,0.85,2,-28.495647429534028,-27.78260092958547,-27.351116420389296,-31.219550860345503
550,3.5,-1.0,0.85,10,-28.672360809920164,-28.150849907840904,-27.678051197035813,-30.888480968787174
550,3.5,-0.5,0.1,-1,-28.933256029677157,-27.912904693840428,-26.55312247612717,-31.072868077162337
550,3.5,-0.5,0.1,2,-28.75275467863796,-27.994480919109467,-27.03093605965959,-31.044471458167685
550,3.5,-0.5,0.1,10,-28.775286907091292,-28.184807823706834,-27.172005446992614,-30.831585726251113
550,3.5,-0.5,0.55,-1,-29.133767957544727,-27.754052561341215,-26.807346594579137,-31.077001214421834
550,3.5,-0.5,0.55,2,-28.89906303386852,-27.912265029610413,-27.259235043742937,-30.99289249663329
550,3.5,-0.5,0.55,10,-29.07815977526345,-28.236638159381435,-27.58941517125827,-30.587115420469505
550,3.5,-0.5,0.85,-1,-29.080313797698075,-27.73902328457578,-26.927947006827765,-31.1006477526775
550,3.5,-0.5,0.85,2,-28.919168605303256,-27.86597567771784,-27.312478678410027,-31.03231671590896
550,3.5,-0.5,0.85,10,-29.069004276191947,-28.26714827893021,-27.72511204325873,-30.51025184122785
550,3.5,-0.25,0.1,-1,-29.045281006592283,-27.986768531882245,-26.543090717087697,-31.000611861635537
550,3.5,-0.25,0.1,2,-28.880552136666296,-28.02737676262042,-27.05014545312125,-30.93779296449999
550,3.5,-0.25,0.1,10,-28.856257502025912,-28.23912369844757,-27.176414299566925,-30.70656022206794
550,3.5,-0.25,0.55,-1,-29.27945066593891,-27.78890365663517,-26.79249305829446,-31.007240051316085
550,3.5,-0.25,0.55,2,-29.040505038165605,-27.932154250786905,-27.281046054776628,-30.880011169034024
550,3.5,-0.25,0.55,10,-29.188098603470177,-28.257936468498833,-27.551839219058817,-30.413118691308092
550,3.5,-0.25,0.85,-1,-29.205034106892015,-27.795059363241997,-26.915645298026753,-31.036307864892308
550,3.5,-0.25,0.85,2,-28.997508532678786,-27.946266335984685,-27.379994046558394,-30.85307698551757
550,3.5,-0.25,0.85,10,-29.17705425623172,-28.278684762401674,-27.747277584909355,-30.316278194727417
550,3.5,+0.0,0.1,-1,-29.084340451235068,-28.00425871645507,-26.571993595522404,-30.93862350111835
550,3.5,+0.0,0.1,2,-28.868421573344385,-28.002997656321323,-27.104770581642956,-30.836657653046878
550,3.5,+0.0,0.1,10,-28.793340106923907,-28.264528838368804,-27.14010116564378,-30.6032262389356
550,3.5,+0.0,0.55,-1,-29.20559926593581,-27.828792406628253,-26.833073907022403,-30.9554631279669
550,3.5,+0.0,0.55,2,-29.074207791323147,-27.845778178401105,-27.261687746574175,-30.73478166808137
550,3.5,+0.0,0.55,10,-29.20362402624288,-28.21498248678377,-27.562257553480475,-30.264920411530788
550,3.5,+0.0,0.85,-1,-29.275741221043216,-27.826786304985976,-26.938789514527905,-30.975712403231462
550,3.5,+0.0,0.85,2,-29.05450772641098,-27.880391784975437,-27.37834795082376,-30.680201869897896
550,3.5,+0.0,0.85,10,-29.238431674950654,-28.26266033925519,-27.69689883835275,-30.152855011752035
550,3.5,+0.25,0.1,-1,-29.063706397091394,-27.9565559547653,-26.650833028227076,-30.877211779020865
550,3.5,+0.25,0.1,2,-28.904124902579834,-27.899264272708614,-27.133239798640982,-30.718685257131785
550,3.5,+0.25,0.1,10,-28.70430006919048,-28.26887646191867,-27.110063720055415,-30.503620550684506
550,3.5,+0.25,0.55,-1,-29.135965621838153,-27.77482229494343,-26.879578463133342,-30.889188956254387
550,3.5,+0.25,0.55,2,-28.964572730409696,-27.79835208882406,-27.3177317825711,-30.580210975514266
550,3.5,+0.25,0.55,10,-29.119625646854107,-28.20215185957304,-27.579427943617144,-30.135309539267027
550,3.5,+0.25,0.85,-1,-29.382073236167805,-27.81294886012308,-26.977757946258087,-30.90447498673114
550,3.5,+0.25,0.85,2,-29.17013133524616,-27.835295698648817,-27.38376365510732,-30.47297450047528
550,3.5,+0.25,0.85,10,-28.99241169004494,-28.2415225957206,-27.77362508998803,-29.98536855344687
550,3.5,+0.5,0.1,-1,-29.01111635966761,-27.90275387084005,-26.741445816317928,-30.82159312199858
550,3.5,+0.5,0.1,2,-28.872124125938544,-27.83713637538948,-27.170127905474693,-30.584474382349537
550,3.5,+0.5,0.1,10,-28.543882762793807,-28.278472786382437,-27.087238625835734,-30.425669751245547
550,3.5,+0.5,0.55,-1,-29.10802807342572,-27.733915766912727,-26.936707812202656,-30.82398596147722
550,3.5,+0.5,0.55,2,-29.015411834071408,-27.78347920941485,-27.349300161438002,-30.394715536242888
550,3.5,+0.5,0.55,10,-29.204221448153657,-28.11852746134266,-27.537045733486316,-30.018378473824598
550,3.5,+0.5,0.85,-1,-29.382926941120004,-27.810674362640064,-27.03635984285392,-30.828868782325852
550,3.5,+0.5,0.85,2,-29.175934565355316,-27.72346270990885,-27.44319699908598,-30.30150780790943
550,3.5,+0.5,0.85,10,-29.249258088539996,-28.19639834488544,-27.790676675486566,-29.806480395797212
550,3.5,+0.75,0.1,-1,-28.941795868590944,-27.859166669294012,-26.825938619081178,-30.771878897162335
550,3.5,+0.75,0.1,2,-28.823411763286067,-27.78156027137544,-27.22014728630759,-30.451275784964004
550,3.5,+0.75,0.1,10,-28.356810694244533,-28.26068755208635,-27.083869912788103,-30.346793344287182
550,3.5,+0.75,0.55,-1,-29.09917426125552,-27.752487158891007,-26.971769330079486,-30.74644795018992
550,3.5,+0.75,0.55,2,-29.030884089252833,-27.738364094297413,-27.38266217404787,-30.200113042468214
550,3.5,+0.75,0.55,10,-29.17498744869713,-28.140768104511224,-27.532318602800792,-29.96369372984234
550,3.5,+0.75,0.85,-1,-29.42456412047075,-27.770241061297327,-27.099069814453188,-30.759144216419145
550,3.5,+0.75,0.85,2,-29.358203255383806,-27.892726777985068,-27.595694987301794,-30.068006698165885
550,3.5,+0.75,0.85,10,-29.17376728150572,-28.118608219935552,-27.85078344628453,-29.664333997101537
550,3.5,+1.0,0.1,-1,-28.891903554857414,-27.834573262399577,-26.887861400556147,-30.71456368970782
550,3.5,+1.0,0.1,2,-28.754712802627736,-27.73735271440519,-27.26755420785606,-30.349144415230967
550,3.5,+1.0,0.1,10,-28.09503471704067,-28.167033037439,-27.040419586689403,-30.269747359579824
550,3.5,+1.0,0.55,-1,-29.07548372626243,-27.749152282863317,-27.01439619815083,-30.672581910907873
550,3.5,+1.0,0.55,2,-29.017857115070584,-27.693163805828362,-27.433136016915178,-30.04994159385759
550,3.5,+1.0,0.55,10,-29.124514583081016,-28.086937310788223,-27.5417517284956,-29.87565879179572
550,3.5,+1.0,0.85,-1,-29.321378972825364,-27.780293621756968,-27.160783892728915,-30.6858940319033
550,3.5,+1.0,0.85,2,-29.391936983898344,-27.851271732743406,-27.639675181812873,-29.932489697260802
550,3.5,+1.0,0.85,10,-29.194601610466382,-28.075779707772377,-28.053890715106125,-29.45765946372312
550,4.0,-2.5,0.1,-1,-26.027769132983906,-27.516563809472846,-27.661392529513314,-31.183863859262747
550,4.0,-2.5,0.1,2,-26.04292858563732,-27.52144775971701,-27.665294929451456,-31.181509422792146
550,4.0,-2.5,0.1,10,-26.05338991673895,-27.486228171362676,-27.64981475250441,-31.188720804250053
550,4.0,-2.5,0.55,-1,-26.25331586080165,-27.7834767920222,-27.783046173870755,-31.23340046821932
550,4.0,-2.5,0.55,2,-26.254032490288854,-27.784699256812075,-27.784118423665987,-31.234207435193394
550,4.0,-2.5,0.55,10,-26.308856048631352,-27.7498314187568,-27.767186766767328,-31.236141089839666
550,4.0,-2.5,0.85,-1,-26.247917768908625,-27.793734772834465,-27.810954844506426,-31.232531141102626
550,4.0,-2.5,0.85,2,-26.272421772066245,-27.80748991288377,-27.810841811740318,-31.23226886507053
550,4.0,-2.5,0.85,10,-26.27729264108972,-27.738488549401428,-27.791845315022663,-31.239356197703433
550,4.0,-2.0,0.1,-1,-26.6206598686921,-27.43897093848565,-27.435893968774675,-31.280451858508567
550,4.0,-2.0,0.1,2,-26.59353103652117,-27.43416530763607,-27.45340916279435,-31.281056863540382
550,4.0,-2.0,0.1,10,-26.62483315464465,-27.444777099640817,-27.454439857684676,-31.281195476530783
550,4.0,-2.0,0.55,-1,-26.875482678361983,-27.688694963102908,-27.611231503870858,-31.332627667259736
550,4.0,-2.0,0.55,2,-26.845553212653627,-27.67111973339951,-27.62915859465243,-31.329990664756725
550,4.0,-2.0,0.55,10,-26.897058801546216,-27.677507118236043,-27.629943479138074,-31.329617153773942
550,4.0,-2.0,0.85,-1,-26.901407442407027,-27.791782510620294,-27.648908411014446,-31.333515905389074
550,4.0,-2.0,0.85,2,-26.866649677238478,-27.77957782953571,-27.67070194714612,-31.333641842190705
550,4.0,-2.0,0.85,10,-26.949793398662894,-27.79443298533629,-27.651558660004486,-31.33521484893344
550,4.0,-1.5,0.1,-1,-27.411124454266115,-27.472626970775252,-27.076183274286638,-31.33979221586982
550,4.0,-1.5,0.1,2,-27.380227925476447,-27.491749091845836,-27.123932593170125,-31.336643168839462
550,4.0,-1.5,0.1,10,-27.40193762091541,-27.573515546364664,-27.215076007096943,-31.308564949442868
550,4.0,-1.5,0.55,-1,-27.654795887648895,-27.662327237392454,-27.306292632930116,-31.377442423610105
550,4.0,-1.5,0.55,2,-27.646397453301248,-27.703196883243578,-27.352229830665546,-31.3774081237559
550,4.0,-1.5,0.55,10,-27.694823846751312,-27.80952447933972,-27.46002461335606,-31.331090522419927
550,4.0,-1.5,0.85,-1,-27.659138468195454,-27.684598655567804,-27.392249650394827,-31.374610450498047
550,4.0,-1.5,0.85,2,-27.618752192424726,-27.71674018771417,-27.4590017930907,-31.376066957991494
550,4.0,-1.5,0.85,10,-27.74232282133765,-27.83923099400788,-27.542541832062582,-31.312581269968874
550,4.0,-1.0,0.1,-1,-28.21453605580487,-27.634854143305972,-26.709510153080487,-31.294035953389926
550,4.0,-1.0,0.1,2,-28.124643980572216,-27.752224576853774,-26.92490695575142,-31.303619418516636
550,4.0,-1.0,0.1,10,-28.154979306181694,-27.874518610990382,-27.075042514685535,-31.23982266381098
550,4.0,-1.0,0.55,-1,-28.470205803671643,-27.705679915046954,-26.960806607936405,-31.31665030671931
550,4.0,-1.0,0.55,2,-28.353772021152103,-27.829669277173462,-27.20133014446697,-31.308621751019952
550,4.0,-1.0,0.55,10,-28.453856691878904,-28.042523964394213,-27.404756479516102,-31.169126861251534
550,4.0,-1.0,0.85,-1,-28.453862021462815,-27.68774302013017,-27.050681351193724,-31.31636229390578
550,4.0,-1.0,0.85,2,-28.34222566571941,-27.852813848654804,-27.28855048450122,-31.300789839634398
550,4.0,-1.0,0.85,10,-28.470954993661465,-28.06515359967223,-27.514563846805316,-31.12508803124314
550,4.0,-0.5,0.1,-1,-28.900530008262386,-27.880416835160354,-26.49407961319134,-31.137925752842715
550,4.0,-0.5,0.1,2,-28.72673194263196,-27.99327238878086,-26.84010088308504,-31.135650613224186
550,4.0,-0.5,0.1,10,-28.783566708369325,-28.183083588174597,-27.03434613359084,-30.988885058300177
550,4.0,-0.5,0.55,-1,-29.10223898015137,-27.786068898774957,-26.713710182262655,-31.146304030075164
550,4.0,-0.5,0.55,2,-28.921749837462677,-27.94524852855933,-27.09906844738045,-31.107140065404188
550,4.0,-0.5,0.55,10,-29.077695668400544,-28.264367265455434,-27.369981490136965,-30.776059066065304
550,4.0,-0.5,0.85,-1,-28.98933889119646,-27.772937366282264,-26.843767525167607,-31.174024130478763
550,4.0,-0.5,0.85,2,-28.872419868097253,-27.95975183695953,-27.20052301503896,-31.106768196458383
550,4.0,-0.5,0.85,10,-29.033324710175307,-28.29901906102723,-27.48669011992319,-30.724632160527587
550,4.0,-0.25,0.1,-1,-29.03001087370837,-27.99500396845567,-26.474332020248063,-31.060973158966057
550,4.0,-0.25,0.1,2,-28.91496241591447,-28.09298236578204,-26.859099163462584,-31.03315337827712
550,4.0,-0.25,0.1,10,-28.86796002175451,-28.30987421317648,-26.991601918158054,-30.806242654085338
550,4.0,-0.25,0.55,-1,-29.293228367559784,-27.84933053352421,-26.65879744800277,-31.064701773606707
550,4.0,-0.25,0.55,2,-29.00565963495665,-27.9981559502735,-27.10191675045071,-30.994650303464507
550,4.0,-0.25,0.55,10,-29.237128883415217,-28.346726108039668,-27.409545222527573,-30.54001533887657
550,4.0,-0.25,0.85,-1,-29.136457718486653,-27.826818748153617,-26.76881859805123,-31.09195593157565
550,4.0,-0.25,0.85,2,-29.013774384774003,-27.983331363898888,-27.191425973934983,-30.98566610204677
550,4.0,-0.25,0.85,10,-29.194101174267114,-28.349497033298423,-27.48660421462619,-30.51503278821081
550,4.0,+0.0,0.1,-1,-29.12196836379009,-28.068408413670653,-26.48234645948111,-30.994691935229156
550,4.0,+0.0,0.1,2,-29.020196250418927,-28.125665974792792,-26.89881969886196,-30.931857695333957
550,4.0,+0.0,0.1,10,-28.919192971395393,-28.365734980737415,-26.96466567872957,-30.687960457341752
550,4.0,+0.0,0.55,-1,-29.424842101557992,-27.88300331472438,-26.62773752381755,-30.990404245627516
550,4.0,+0.0,0.55,2,-29.184560145620946,-27.993096952969545,-27.092954092156766,-30.87177029342876
550,4.0,+0.0,0.55,10,-29.313512390591985,-28.340955452564355,-27.435655601182617,-30.390443930567685
550,4.0,+0.0,0.85,-1,-29.21437224803619,-27.87077466491604,-26.750257278908364,-31.023024334117938
550,4.0,+0.0,0.85,2,-29.093063535927527,-27.999378261540393,-27.23085317524706,-30.877702626335086
550,4.0,+0.0,0.85,10,-29.426277101681887,-28.521301316294483,-27.729254593303963,-30.36863419758317
550,4.0,+0.25,0.1,-1,-29.156048485812924,-28.09414166850374,-26.499721573699397,-30.92975342814946
550,4.0,+0.25,0.1,2,-29.04260158503839,-28.091181234082025,-26.935521737571722,-30.82525791044663
550,4.0,+0.25,0.1,10,-28.833670058795732,-28.403112063435113,-26.933075907319562,-30.594571144605453
550,4.0,+0.25,0.55,-1,-29.524369144599916,-27.88375759118825,-26.630665872194392,-30.91832915555063
550,4.0,+0.25,0.55,2,-29.21404308568494,-27.93769798605776,-27.101793639845955,-30.75026907832263
550,4.0,+0.25,0.55,10,-29.32331288371828,-28.31577275964214,-27.365663075949715,-30.254838886012195
550,4.0,+0.25,0.85,-1,-29.255339943551203,-27.900252440887854,-26.804632703922536,-30.971021652501495
550,4.0,+0.25,0.85,2,-29.103156748991342,-27.962454219509922,-27.237454440731135,-30.734449936763596
550,4.0,+0.25,0.85,10,-29.344435840404827,-28.34129100660116,-27.638593093038118,-30.109164347754735
550,4.0,+0.5,0.1,-1,-29.136317239713136,-28.060634646489532,-26.552361241132033,-30.87466538625081
550,4.0,+0.5,0.1,2,-29.044282608846956,-28.00923848297018,-26.96665482763773,-30.72063838637634
550,4.0,+0.5,0.1,10,-28.689612163993857,-28.427954642661774,-26.92282615936184,-30.5149763815829
550,4.0,+0.5,0.55,-1,-29.35165233876756,-27.888813897753558,-26.720512200699975,-30.87308667038682
550,4.0,+0.5,0.55,2,-29.085134507539856,-27.920788875287897,-27.15812169122944,-30.621443453376177
550,4.0,+0.5,0.55,10,-29.319551947328026,-28.259636262467275,-27.408321848837453,-30.118607911802513
550,4.0,+0.5,0.85,-1,-29.29665468720076,-27.88679730334808,-26.857879908183477,-30.905694225921415
550,4.0,+0.5,0.85,2,-29.22195988350274,-27.90831228770411,-27.26671546818539,-30.56208869964664
550,4.0,+0.5,0.85,10,-29.369428704676142,-28.259561730403004,-27.57720505560623,-29.93519836758294
550,4.0,+0.75,0.1,-1,-29.104561792635366,-28.028563763022774,-26.642525548532575,-30.830420221147754
550,4.0,+0.75,0.1,2,-28.989073825051697,-27.932402622888116,-27.00027861483937,-30.609006999913504
550,4.0,+0.75,0.1,10,-28.528613102546018,-28.390012303223347,-26.88793128036433,-30.416225617795458
550,4.0,+0.75,0.55,-1,-29.212642413862177,-27.8548982243997,-26.826688438058607,-30.822602248770504
550,4.0,+0.75,0.55,2,-29.104894604984533,-27.889548480770344,-27.223662152975535,-30.452083279151722
550,4.0,+0.75,0.55,10,-29.354840528422628,-28.181347243092773,-27.37415659761153,-29.9861879006332
550,4.0,+0.75,0.85,-1,-29.439426938646317,-27.869022692007334,-26.918516693548284,-30.835856476172985
550,4.0,+0.75,0.85,2,-29.36450094839237,-27.897046346627704,-27.31796419033662,-30.35459270238176
550,4.0,+0.75,0.85,10,-29.39540940061641,-28.23224597631299,-27.628454712508344,-29.76457919372293
550,4.0,+1.0,0.1,-1,-29.033292766601313,-27.97619104412886,-26.738476498439407,-30.78228585272271
550,4.0,+1.0,0.1,2,-28.98366840674231,-27.88150736465028,-27.054940714561354,-30.486080567881256
550,4.0,+1.0,0.1,10,-28.327976737467637,-28.32242160946954,-26.83870177133091,-30.33661951597984
550,4.0,+1.0,0.55,-1,-29.182509444707293,-27.81997149781963,-26.894675251789607,-30.755613275291587
550,4.0,+1.0,0.55,2,-29.103474525338445,-27.84905505189759,-27.27323368091188,-30.265349821008574
550,4.0,+1.0,0.55,10,-29.274108745748364,-28.144450077778007,-27.387261716958772,-29.934090330566526
550,4.0,+1.0,0.85,-1,-29.31664157148175,-27.87387280762942,-27.001622265678854,-30.762735410867442
550,4.0,+1.0,0.85,2,-29.215562757933316,-27.887788281254444,-27.431714040820083,-30.15724597932431
550,4.0,+1.0,0.85,10,-29.274086706950015,-28.12121283981755,-27.680583213427216,-29.62906364714014
550,4.5,-2.5,0.1,-1,-25.894788600807534,-27.592285978912944,-27.692241699222556,-31.147016331338783
550,4.5,-2.5,0.1,2,-25.898520478803185,-27.593346180963657,-27.691671839237205,-31.146802874001676
550,4.5,-2.5,0.1,10,-25.961224345647143,-27.58408833745332,-27.682386841559655,-31.152043723589923
550,4.5,-2.5,0.55,-1,-25.9900979490488,-27.761856678159887,-27.779133096043434,-31.179909738594066
550,4.5,-2.5,0.55,2,-25.974679525627586,-27.7582901897596,-27.779796703021947,-31.18155694519656
550,4.5,-2.5,0.55,10,-26.029563465494636,-27.728700031560827,-27.76894709126086,-31.189168051486178
550,4.5,-2.5,0.85,-1,-26.08634991489933,-27.829929109585695,-27.81403947249305,-31.197899533433578
550,4.5,-2.5,0.85,2,-26.08336873160495,-27.821416691404256,-27.81806122291642,-31.194067853503455
550,4.5,-2.5,0.85,10,-26.111141522804843,-27.78335123614314,-27.8062829419291,-31.20417805470451
550,4.5,-2.0,0.1,-1,-26.382218450636582,-27.455730710037646,-27.518504128823224,-31.248102935990545
550,4.5,-2.0,0.1,2,-26.36646903516283,-27.434158808023664,-27.518920986129906,-31.24398352925027
550,4.5,-2.0,0.1,10,-26.425528549831334,-27.43658151101302,-27.503195743590297,-31.249796462151494
550,4.5,-2.0,0.55,-1,-26.582029377267965,-27.698270584228148,-27.664894554619202,-31.29601089067611
550,4.5,-2.0,0.55,2,-26.58174185058048,-27.698765711985317,-27.666287560907573,-31.295330539805715
550,4.5,-2.0,0.55,10,-26.643743450297904,-27.67155238937996,-27.652741296811172,-31.300341943674297
550,4.5,-2.0,0.85,-1,-26.60615196422495,-27.793120811911077,-27.71532903923084,-31.30443321838954
550,4.5,-2.0,0.85,2,-26.633159640286536,-27.811053931877908,-27.71743741810305,-31.3029732360425
550,4.5,-2.0,0.85,10,-26.67644553340172,-27.767794903591767,-27.684164541539502,-31.309386967489772
550,4.5,-1.5,0.1,-1,-27.107176459365895,-27.48187579255776,-27.158360026679638,-31.33752949427956
550,4.5,-1.5,0.1,2,-27.06829348007102,-27.480984656487966,-27.18786038862435,-31.337053731318537
550,4.5,-1.5,0.1,10,-27.10256888942387,-27.513007955874293,-27.20689701352299,-31.335432530534266
550,4.5,-1.5,0.55,-1,-27.351010732839896,-27.716121205671254,-27.370720828297973,-31.392367652079738
550,4.5,-1.5,0.55,2,-27.34427413118101,-27.728978809309872,-27.39554559456165,-31.38985559126938
550,4.5,-1.5,0.55,10,-27.37953923242127,-27.7694926396904,-27.431964636756096,-31.385573268340735
550,4.5,-1.5,0.85,-1,-27.36149233135327,-27.769371046937934,-27.465191195283264,-31.386438215116392
550,4.5,-1.5,0.85,2,-27.361972879231587,-27.785508935181955,-27.473578434848108,-31.380925608725803
550,4.5,-1.5,0.85,10,-27.40807596225327,-27.796081840772292,-27.489779733933865,-31.36982810574302
550,4.5,-1.0,0.1,-1,-27.95423694217719,-27.562768699912258,-26.753066940672333,-31.34084087812638
550,4.5,-1.0,0.1,2,-27.939186242062437,-27.633663482753835,-26.828282228802966,-31.349091471558165
550,4.5,-1.0,0.1,10,-27.952618733244105,-27.72771327234753,-26.960262265046993,-31.290959675628045
550,4.5,-1.0,0.55,-1,-28.19342295712744,-27.68493094004066,-27.017786151099415,-31.373442420192816
550,4.5,-1.0,0.55,2,-28.163443037464894,-27.747474676967418,-27.116627304307226,-31.36889700351746
550,4.5,-1.0,0.55,10,-28.28886001543392,-27.96013827383559,-27.28530575090766,-31.256059407136483
550,4.5,-1.0,0.85,-1,-28.192936489510938,-27.710764968517214,-27.112021930010968,-31.37704711481696
550,4.5,-1.0,0.85,2,-28.14724602651981,-27.773034413965064,-27.187998346668603,-31.36252903534135
550,4.5,-1.0,0.85,10,-28.34305271340527,-28.033000812515084,-27.36400417352597,-31.219542442751735
550,4.5,-0.5,0.1,-1,-28.716564726913894,-27.81980123081984,-26.481036507777826,-31.218719928343496
550,4.5,-0.5,0.1,2,-28.6246651454723,-27.945983318707395,-26.64678709053549,-31.2270214329008
550,4.5,-0.5,0.1,10,-28.663076038657813,-28.14406432457721,-26.86316858771393,-31.091191413054474
550,4.5,-0.5,0.55,-1,-28.895479050693428,-27.804937207835394,-26.733218123328733,-31.24148944325475
550,4.5,-0.5,0.55,2,-28.818371853723384,-28.018596352894292,-26.998133881237784,-31.209674532802012
550,4.5,-0.5,0.55,10,-28.964503158822396,-28.274452668345194,-27.273302899669403,-30.938979619201994
550,4.5,-0.5,0.85,-1,-28.863582712994763,-27.77769060572038,-26.805954893783355,-31.246766891828585
550,4.5,-0.5,0.85,2,-28.77276394701156,-27.91541667634477,-27.04994667544408,-31.222144399048204
550,4.5,-0.5,0.85,10,-28.94856865244759,-28.278748500375528,-27.355125286598323,-30.898714173781563
550,4.5,-0.25,0.1,-1,-28.928633640566098,-27.964620756809843,-26.430164875699923,-31.137064758975438
550,4.5,-0.25,0.1,2,-28.86906898520354,-28.13691371004697,-26.69834996182454,-31.124972816568008
550,4.5,-0.25,0.1,10,-28.927723596430024,-28.29507375664164,-26.842542346297563,-30.941442688665095
550,4.5,-0.25,0.55,-1,-29.152063549290105,-27.904751388206513,-26.673684398766504,-31.16831233034511
550,4.5,-0.25,0.55,2,-29.001370613207573,-28.098079641034488,-26.970836086598766,-31.080895160233837
550,4.5,-0.25,0.55,10,-29.233627523813034,-28.408327042896286,-27.250301616352527,-30.74292545357499
550,4.5,-0.25,0.85,-1,-29.043677946022246,-27.836888603809157,-26.726818780056142,-31.171483947447676
550,4.5,-0.25,0.85,2,-28.96146445134555,-27.988609411142722,-27.035599614377553,-31.115586475215725
550,4.5,-0.25,0.85,10,-29.136059237298557,-28.372703312836755,-27.327228448185046,-30.700630887119633
550,4.5,+0.0,0.1,-1,-29.069706875347773,-28.057836209094948,-26.424518025826984,-31.064840120572043
550,4.5,+0.0,0.1,2,-29.055134933514957,-28.235048678763622,-26.72187310243436,-31.01263610501794
550,4.5,+0.0,0.1,10,-28.962182398252374,-28.406854856143738,-26.832889253278715,-30.80060932203996
550,4.5,+0.0,0.55,-1,-29.297799794801858,-27.963420475037463,-26.61578166330299,-31.085759406769778
550,4.5,+0.0,0.55,2,-29.230950679151817,-28.152328619516567,-26.972689507408134,-30.941947924160935
550,4.5,+0.0,0.55,10,-29.352065242267777,-28.417714891742186,-27.19548728447448,-30.53566695567557
550,4.5,+0.0,0.85,-1,-29.168978937271742,-27.91837788188312,-26.688282689811167,-31.101074290458772
550,4.5,+0.0,0.85,2,-29.120732334225593,-28.138778095427032,-27.095527702091026,-30.922279943707114
550,4.5,+0.0,0.85,10,-29.2614264751713,-28.424408678600003,-27.323349787776525,-30.495773217101487
550,4.5,+0.25,0.1,-1,-29.15628767755351,-28.11519333371729,-26.42549599047382,-30.9939892248142
550,4.5,+0.25,0.1,2,-29.12516944758112,-28.259963862482145,-26.78275351028674,-30.898487967770954
550,4.5,+0.25,0.1,10,-29.080740681955216,-28.460444182802323,-26.83404445016305,-30.67760988159715
550,4.5,+0.25,0.55,-1,-29.39359427178514,-28.002066190360463,-26.582367833865504,-31.0079702669683
550,4.5,+0.25,0.55,2,-29.300983914216236,-28.140087858274615,-27.003414704525817,-30.788369117916893
550,4.5,+0.25,0.55,10,-29.42185746914248,-28.40728628731549,-27.218713035326267,-30.368545985736386
550,4.5,+0.25,0.85,-1,-29.244977499556878,-27.97100144752127,-26.6764059218852,-31.034085842123503
550,4.5,+0.25,0.85,2,-29.20356585311471,-28.17191607149814,-27.09135621677591,-30.716706669107076
550,4.5,+0.25,0.85,10,-29.35583636632341,-28.428920631709083,-27.34373692031336,-30.306514079814278
550,4.5,+0.5,0.1,-1,-29.202863102967402,-28.146500923539193,-26.419793275608946,-30.924618922326076
550,4.5,+0.5,0.1,2,-29.146266809889767,-28.227986045792164,-26.840944393571647,-30.770302858031215
550,4.5,+0.5,0.1,10,-29.017149851876578,-28.484034704907973,-26.829753027609684,-30.583582614967145
550,4.5,+0.5,0.55,-1,-29.456679959515128,-28.01050029543162,-26.564153926656246,-30.93189193968144
550,4.5,+0.5,0.55,2,-29.333544328353682,-28.091895114124913,-27.048007329882537,-30.607786166046644
550,4.5,+0.5,0.55,10,-29.427503034868693,-28.369324095472585,-27.222949680691734,-30.230001311531396
550,4.5,+0.5,0.85,-1,-29.274589825613702,-27.984994462057795,-26.67813642463603,-30.96114373336356
550,4.5,+0.5,0.85,2,-29.237794599915375,-28.189795751166017,-27.20790994153781,-30.523146920004788
550,4.5,+0.5,0.85,10,-29.37563544886595,-28.386261846670923,-27.366480521447865,-30.130894766455782
550,4.5,+0.75,0.1,-1,-29.195875161554707,-28.14531398593197,-26.445512397393237,-30.86916970040484
550,4.5,+0.75,0.1,2,-29.11349322962952,-28.155892781560674,-26.901958116051574,-30.625769821834545
550,4.5,+0.75,0.1,10,-28.67992392965183,-28.480600227991957,-26.66868176232672,-30.503450732666927
550,4.5,+0.75,0.55,-1,-29.280717289005228,-27.97737149575687,-26.615274257298914,-30.87011987627907
550,4.5,+0.75,0.55,2,-29.282259505267128,-28.093581150227248,-27.12738181883646,-30.391242038488038
550,4.5,+0.75,0.55,10,-29.394829203243994,-28.315243175442756,-27.167695596839305,-30.125694752223716
550,4.5,+0.75,0.85,-1,-29.298896957420837,-27.970766666232922,-26.71588601602984,-30.895897821084965
550,4.5,+0.75,0.85,2,-29.242848074950835,-28.133777929471858,-27.281440912132314,-30.300623255057246
550,4.5,+0.75,0.85,10,-29.451389465998837,-28.265471254510388,-27.36045845983057,-29.925754480306686
550,4.5,+1.0,0.1,-1,-29.14869603034517,-28.10774331102361,-26.51900957807118,-30.825196715388063
550,4.5,+1.0,0.1,2,-29.072581567314018,-28.09265520159279,-26.96340190351701,-30.48773875523256
550,4.5,+1.0,0.1,10,-28.477688626519782,-28.46073254884658,-26.659277929502213,-30.426953287299447
550,4.5,+1.0,0.55,-1,-29.24808755452944,-27.95042586464565,-26.69908121325512,-30.823152793068942
550,4.5,+1.0,0.55,2,-29.174822462566205,-28.00824558938702,-27.24361135285494,-30.239487980944702
550,4.5,+1.0,0.55,10,-29.36098498061728,-28.280306720943223,-27.192720164427456,-30.04584337069298
550,4.5,+1.0,0.85,-1,-29.441323405052433,-27.953742521963377,-26.8073512313535,-30.838383290236827
550,4.5,+1.0,0.85,2,-29.176278009988117,-28.11393015040786,-27.392904461395496,-30.113838359065642
550,4.5,+1.0,0.85,10,-29.48477051858535,-28.22170402776155,-27.42106614418614,-29.765283735088236
550,5.0,-2.5,0.1,-1,-25.662910488632818,-27.585332267177325,-27.669234922731015,-31.08628092498435
550,5.0,-2.5,0.1,2,-25.66288271061981,-27.585359112466165,-27.66931865710071,-31.086273343297893
550,5.0,-2.5,0.1,10,-25.687613799257896,-27.561860284473198,-27.66939740413764,-31.093497019558434
550,5.0,-2.5,0.55,-1,-25.791836993218112,-27.752112836533293,-27.73157535214354,-31.115757281814552
550,5.0,-2.5,0.55,2,-25.774333749851177,-27.747768042993826,-27.731771435925,-31.115987470738965
550,5.0,-2.5,0.55,10,-25.85310002800611,-27.759982963720866,-27.72877486024023,-31.128431168612245
550,5.0,-2.5,0.85,-1,-25.891249164944643,-27.83759368522297,-27.799728164356054,-31.146046600640084
550,5.0,-2.5,0.85,2,-25.86682218206704,-27.82250229364312,-27.794928843398218,-31.1443634239549
550,5.0,-2.5,0.85,10,-25.90803609936358,-27.79514015030896,-27.791856086919054,-31.152988944682612
550,5.0,-2.0,0.1,-1,-26.083649702157174,-27.46432900174089,-27.548330821012517,-31.178548975890333
550,5.0,-2.0,0.1,2,-26.083500652547833,-27.464407644571192,-27.54862835846979,-31.178462421003076
550,5.0,-2.0,0.1,10,-26.108234893262438,-27.430364898098745,-27.53319853808589,-31.18214348888327
550,5.0,-2.0,0.55,-1,-26.286068523945367,-27.7141034639091,-27.661482360844612,-31.2205020937149
550,5.0,-2.0,0.55,2,-26.237294406211028,-27.68925601940081,-27.664990464380242,-31.219303691715044
550,5.0,-2.0,0.55,10,-26.291028326654448,-27.65985677848713,-27.650538725257938,-31.23186423299135
550,5.0,-2.0,0.85,-1,-26.34587764856175,-27.79481132610096,-27.75029780350641,-31.251076887044903
550,5.0,-2.0,0.85,2,-26.30296862920586,-27.772513143703115,-27.755230462026933,-31.250341632998612
550,5.0,-2.0,0.85,10,-26.39033471363321,-27.732081994136223,-27.721588932683623,-31.26252989408089
550,5.0,-1.5,0.1,-1,-26.753296832001183,-27.45625720074021,-27.271210356615846,-31.304055513115316
550,5.0,-1.5,0.1,2,-26.752839510339324,-27.459315929177244,-27.2759795917073,-31.30384925829542
550,5.0,-1.5,0.1,10,-26.818202004484743,-27.47540403550488,-27.240822945870235,-31.30866978177047
550,5.0,-1.5,0.55,-1,-26.97200273941215,-27.666857545508034,-27.449431799755203,-31.347194613390595
550,5.0,-1.5,0.55,2,-26.93795362130549,-27.658991157190247,-27.465800233912532,-31.34960542932559
550,5.0,-1.5,0.55,10,-27.04451924194814,-27.677609034186986,-27.41524100379893,-31.353048790169073
550,5.0,-1.5,0.85,-1,-27.03127571768657,-27.820322477010755,-27.536722631685585,-31.368041469405348
550,5.0,-1.5,0.85,2,-27.008043560334784,-27.81183638390235,-27.54537700567074,-31.368014528591175
550,5.0,-1.5,0.85,10,-27.112565407127516,-27.79267715871194,-27.494493749755836,-31.360899640465693
550,5.0,-1.0,0.1,-1,-27.62181136317247,-27.530647045490735,-26.849444411924818,-31.363334142183387
550,5.0,-1.0,0.1,2,-27.610700120645546,-27.563193342561508,-26.89497298989966,-31.362650256175275
550,5.0,-1.0,0.1,10,-27.626930482623923,-27.591718304050346,-26.921320496095817,-31.35187977433809
550,5.0,-1.0,0.55,-1,-27.878764692848307,-27.720201822720863,-27.11748627499769,-31.41231414193016
550,5.0,-1.0,0.55,2,-27.80177163410943,-27.754889726253694,-27.155228678209813,-31.404060507853075
550,5.0,-1.0,0.55,10,-27.910714961832504,-27.80717626150755,-27.19434146889022,-31.37114866348377
550,5.0,-1.0,0.85,-1,-27.892532792612688,-27.723854652836494,-27.179648752063045,-31.397449047854504
550,5.0,-1.0,0.85,2,-27.86177020084219,-27.74933606773393,-27.213636460440405,-31.389893061376224
550,5.0,-1.0,0.85,10,-27.94112633515152,-27.828572556551684,-27.2933976733904,-31.351905802577512
550,5.0,-0.5,0.1,-1,-28.478646806676657,-27.739415325516102,-26.465653169069018,-31.282910276502456
550,5.0,-0.5,0.1,2,-28.411059898863837,-27.835921517798464,-26.584334229218285,-31.29095813179578
550,5.0,-0.5,0.1,10,-28.482551434002815,-27.9828487877187,-26.723091173903313,-31.187706691007627
550,5.0,-0.5,0.55,-1,-28.68901219785553,-27.77584332619805,-26.71499260088863,-31.300504048138865
550,5.0,-0.5,0.55,2,-28.643392496648605,-27.91621304168109,-26.87837521609802,-31.299389251064603
550,5.0,-0.5,0.55,10,-28.804400616173588,-28.174873819000915,-27.081637339821775,-31.084803615438968
550,5.0,-0.5,0.85,-1,-28.684284438997707,-27.76592246166799,-26.83466787687169,-31.320863066418138
550,5.0,-0.5,0.85,2,-28.610856241983733,-27.913609172338425,-26.98507007215415,-31.298466521499964
550,5.0,-0.5,0.85,10,-28.815814508861536,-28.19545238238724,-27.18436020722664,-31.04249978521399
550,5.0,-0.25,0.1,-1,-28.792312863053795,-27.879150449244968,-26.39015375446583,-31.209386509985354
550,5.0,-0.25,0.1,2,-28.725971908106658,-28.018308031491628,-26.542908377578634,-31.21725343875307
550,5.0,-0.25,0.1,10,-28.800409512019833,-28.199567806358182,-26.6872907251788,-31.061518663176777
550,5.0,-0.25,0.55,-1,-28.924029965794155,-27.842768717781496,-26.64230698359535,-31.239137894581525
550,5.0,-0.25,0.55,2,-28.917477977018116,-28.042199730558373,-26.817675748323314,-31.203218487538983
550,5.0,-0.25,0.55,10,-29.045614326554222,-28.330669820085678,-27.081796950693807,-30.92540368947408
550,5.0,-0.25,0.85,-1,-28.927242742802882,-27.803564572034283,-26.725725518478043,-31.249512034589905
550,5.0,-0.25,0.85,2,-28.91971045200806,-28.03576384988224,-26.93107717672384,-31.210708804667465
550,5.0,-0.25,0.85,10,-29.070792004438403,-28.336859780055157,-27.18088414072955,-30.882798193063735
550,5.0,+0.0,0.1,-1,-28.97256628880616,-28.00572822197775,-26.386530569138987,-31.141115721293477
550,5.0,+0.0,0.1,2,-28.863557691356657,-28.20008141914158,-26.523595133345403,-31.11886989885536
550,5.0,+0.0,0.1,10,-28.941721421630216,-28.39229716486013,-26.655279086763688,-30.926423150670516
550,5.0,+0.0,0.55,-1,-29.13664255219548,-27.93328009561626,-26.59699215524674,-31.170789678489925
550,5.0,+0.0,0.55,2,-29.11247788497807,-28.149366776071286,-26.809154659228113,-31.094854628912625
550,5.0,+0.0,0.55,10,-29.22933745082294,-28.43130789637289,-27.050336958908602,-30.74466337462455
550,5.0,+0.0,0.85,-1,-29.083489792207526,-27.862251152817706,-26.637777496933595,-31.169697991764135
550,5.0,+0.0,0.85,2,-29.0707969357377,-28.130578989127045,-26.909684124411662,-31.095448734460387
550,5.0,+0.0,0.85,10,-29.210920389053506,-28.426983821327724,-27.205426234718466,-30.694520239797555
550,5.0,+0.25,0.1,-1,-29.07078674285951,-28.09687753219022,-26.39365396650442,-31.07579147576084
550,5.0,+0.25,0.1,2,-29.113333493427653,-28.304273944438222,-26.527907851280197,-31.005584137890526
550,5.0,+0.25,0.1,10,-29.14357573216048,-28.477537255685018,-26.6284387643135,-30.78712952648503
550,5.0,+0.25,0.55,-1,-29.265319758836178,-27.997940987474426,-26.547877699839457,-31.090413811467734
550,5.0,+0.25,0.55,2,-29.25069783407885,-28.22336344382599,-26.818634205099734,-30.964024453733106
550,5.0,+0.25,0.55,10,-29.337619086834312,-28.481082977870955,-27.02771398085347,-30.56407520518874
550,5.0,+0.25,0.85,-1,-29.201622386285194,-27.929983542016004,-26.6023710475389,-31.0998984199636
550,5.0,+0.25,0.85,2,-29.184867105205004,-28.195012480653613,-26.91050644115107,-30.95240652080717
550,5.0,+0.25,0.85,10,-29.31445108049314,-28.46477533451435,-27.12519256433309,-30.506004787677504
550,5.0,+0.5,0.1,-1,-29.141024722882996,-28.165592615421495,-26.388871461029858,-31.00906463713962
550,5.0,+0.5,0.1,2,-29.199707207085616,-28.327141279070748,-26.577051322862243,-30.89183978026691
550,5.0,+0.5,0.1,10,-29.15259321083446,-28.5307812478429,-26.61052580430912,-30.67123388758652
550,5.0,+0.5,0.55,-1,-29.341261834287927,-28.05258665655835,-26.51162293091346,-31.015126807297563
550,5.0,+0.5,0.55,2,-29.338376409293573,-28.228838175806857,-26.832829356745542,-30.820759480673367
550,5.0,+0.5,0.55,10,-29.46140858578466,-28.468165012676792,-27.01796866880194,-30.390751514498625
550,5.0,+0.5,0.85,-1,-29.284361559857185,-28.0116137610366,-26.57543751401232,-31.028349736830272
550,5.0,+0.5,0.85,2,-29.26520414358035,-28.251997534384596,-26.967702043483254,-30.80312225737964
550,5.0,+0.5,0.85,10,-29.39531178109583,-28.4818843022391,-27.1451387467486,-30.32966365370418
550,5.0,+0.75,0.1,-1,-29.19164574443194,-28.191111819216754,-26.38014737749478,-30.941345710946024
550,5.0,+0.75,0.1,2,-29.219280817371494,-28.299002544805703,-26.63832058613787,-30.78331087392651
550,5.0,+0.75,0.1,10,-29.05491395542115,-28.569001608215085,-26.586487551177225,-30.589506207064375
550,5.0,+0.75,0.55,-1,-29.301979782022457,-28.08147129193156,-26.486622084023157,-30.937687899818375
550,5.0,+0.75,0.55,2,-29.355944119409408,-28.179176149394998,-26.86339993109687,-30.662598526928498
550,5.0,+0.75,0.55,10,-29.450573592724393,-28.436915359169937,-27.016907193949837,-30.253375678333725
550,5.0,+0.75,0.85,-1,-29.324566247920583,-28.052177008270807,-26.57609183733318,-30.96012928686382
550,5.0,+0.75,0.85,2,-29.27789281105673,-28.216903662648214,-27.024729760070798,-30.619733933636446
550,5.0,+0.75,0.85,10,-29.458068396751216,-28.412792858828215,-27.138347780294033,-30.128720773790434
550,5.0,+1.0,0.1,-1,-29.19180443852122,-28.215826121476187,-26.37849118973737,-30.88316874835098
550,5.0,+1.0,0.1,2,-29.172024349505733,-28.20905713160926,-26.72049283102895,-30.678853248676635
550,5.0,+1.0,0.1,10,-28.89948301498589,-28.552425730375628,-26.55164953487879,-30.512500805220107
550,5.0,+1.0,0.55,-1,-29.408650576507913,-28.098696655135278,-26.502457309265253,-30.87418642272847
550,5.0,+1.0,0.55,2,-29.285641598376905,-28.111347451025274,-26.94656134556752,-30.49321118854159
550,5.0,+1.0,0.55,10,-29.46108976954751,-28.378987717901836,-26.93175615400954,-30.171120203890545
550,5.0,+1.0,0.85,-1,-29.34775468119696,-28.0573004782686,-26.60038118042056,-30.89201977799452
550,5.0,+1.0,0.85,2,-29.27047088047118,-28.16267548601114,-27.11437067232946,-30.419815637125254
550,5.0,+1.0,0.85,10,-29.43593384187873,-28.34465786249641,-27.180637340105154,-29.97902460539168
550,5.25,-2.5,0.1,-1,-25.630216394535232,-27.586627115867294,-27.677635503349705,-31.072490093141482
550,5.25,-2.5,0.1,2,-25.630262528777035,-27.586663825280286,-27.67767429726554,-31.072496708189444
550,5.25,-2.5,0.1,10,-25.72119172842347,-27.617550808308835,-27.666113219021014,-31.07938563535121
550,5.25,-2.5,0.55,-1,-25.77366724046463,-27.728965191029026,-27.7637227244877,-31.108963783238096
550,5.25,-2.5,0.55,2,-25.77305440610052,-27.737642375225352,-27.768552593413823,-31.11536136037731
550,5.25,-2.5,0.55,10,-25.802428748099207,-27.709772058979873,-27.758669665984502,-31.122577271147517
550,5.25,-2.5,0.85,-1,-25.725814590559786,-27.766656531952023,-27.74693945182042,-31.104398160192748
550,5.25,-2.5,0.85,2,-25.747927562492695,-27.766252766301854,-27.743397329676416,-31.098351930723048
550,5.25,-2.5,0.85,10,-25.72462588865829,-27.710686448761237,-27.73724892551021,-31.106824230168083
550,5.25,-2.0,0.1,-1,-26.034643453208393,-27.570854431597148,-27.56731779101504,-31.162869470060404
550,5.25,-2.0,0.1,2,-26.024691580772682,-27.559846426566658,-27.57256937591074,-31.16106949591867
550,5.25,-2.0,0.1,10,-26.021139400633416,-27.519477726015996,-27.55728579876326,-31.171245677632907
550,5.25,-2.0,0.55,-1,-26.177440637007344,-27.73989589045371,-27.695209351224143,-31.213854282937746
550,5.25,-2.0,0.55,2,-26.17728141068044,-27.739897265162753,-27.695433670835662,-31.21380627211431
550,5.25,-2.0,0.55,10,-26.223492806761286,-27.710336579350784,-27.67481091479887,-31.22473333807719
550,5.25,-2.0,0.85,-1,-26.18700903135313,-27.83358401641668,-27.704484432727405,-31.201230738323822
550,5.25,-2.0,0.85,2,-26.162611233757467,-27.820611527145292,-27.70698903889724,-31.20804993125953
550,5.25,-2.0,0.85,10,-26.231846051258113,-27.77369068748152,-27.677383631142824,-31.212644156765315
550,5.25,-1.5,0.1,2,-26.613561843013308,-27.483154250268434,-27.359279302325376,-31.28130140940034
550,5.25,-1.5,0.1,10,-26.66327116647754,-27.463106405721422,-27.319315476277673,-31.284095318181443
550,5.25,-1.5,0.55,-1,-26.817992904358956,-27.724528534949368,-27.510177804838527,-31.328922212446024
550,5.25,-1.5,0.55,2,-26.816538006399234,-27.725884054268306,-27.513498596748992,-31.328709640092516
550,5.25,-1.5,0.55,10,-26.88477635925002,-27.69440269816613,-27.46996359714941,-31.33381474296058
550,5.25,-1.5,0.85,-1,-26.822242947880092,-27.747729087787643,-27.5358217520721,-31.320651929998427
550,5.25,-1.5,0.85,2,-26.793124888979097,-27.735958273646908,-27.552533548876855,-31.318689276673823
550,5.25,-1.5,0.85,10,-26.892785349597908,-27.738719730063735,-27.52603117830358,-31.334388749532273
550,5.25,-1.0,0.1,-1,-27.45223597219157,-27.497455237402733,-26.903460917738297,-31.3631644085168
550,5.25,-1.0,0.1,2,-27.44669353372196,-27.507193538988837,-26.920250166578153,-31.363282368053504
550,5.25,-1.0,0.1,10,-27.46307376230893,-27.537811532642692,-26.940463173953418,-31.357777040129953
550,5.25,-1.0,0.55,-1,-27.690970815663015,-27.674744811296602,-27.125495192176118,-31.398621805758996
550,5.25,-1.0,0.55,2,-27.685872645712077,-27.686290251792677,-27.143711417615343,-31.39811137449481
550,5.25,-1.0,0.55,10,-27.7031213300474,-27.726496594468006,-27.18245381636482,-31.382225158591886
550,5.25,-1.0,0.85,-1,-27.71513272658236,-27.769818347538532,-27.2435061538198,-31.41632148595248
550,5.25,-1.0,0.85,2,-27.704391540345203,-27.778839469763863,-27.26326872341545,-31.413883339722304
550,5.25,-1.0,0.85,10,-27.76417462772145,-27.79479292786453,-27.229954768986573,-31.357788954031825
550,5.25,-0.5,0.1,-1,-28.261346959856194,-27.68706213211752,-26.506975495802823,-31.320818113264963
550,5.25,-0.5,0.1,2,-28.283376130064752,-27.759917692856018,-26.592395094759304,-31.32238771262969
550,5.25,-0.5,0.1,10,-28.32754656486162,-27.857566058729542,-26.688742202874618,-31.285362635214554
550,5.25,-0.5,0.55,-1,-28.573183858437336,-27.75934454855324,-26.770561686902216,-31.343809236001064
550,5.25,-0.5,0.55,2,-28.485668132255597,-27.870812874489495,-26.888651416969644,-31.339689132052694
550,5.25,-0.5,0.55,10,-28.693848069476253,-28.08438064335215,-27.044181533091425,-31.16305089780944
550,5.25,-0.5,0.85,-1,-28.504270263017624,-27.7266123777773,-26.85440695065489,-31.35018208635043
550,5.25,-0.5,0.85,2,-28.488200326211274,-27.84827156620265,-26.987247050895682,-31.341341137954988
550,5.25,-0.5,0.85,10,-28.580492218603975,-27.99666157813213,-27.10731798381053,-31.216297565673973
550,5.25,-0.25,0.1,-1,-28.71014684707443,-27.806534455205238,-26.378357048912903,-31.243412218408363
550,5.25,-0.25,0.1,2,-28.652538324107116,-27.94399582431188,-26.50499286658181,-31.251366675645134
550,5.25,-0.25,0.1,10,-28.733177379508696,-28.091729521031482,-26.61470391522906,-31.112939758632976
550,5.25,-0.25,0.55,-1,-28.836424896044193,-27.809076332758128,-26.65040483764322,-31.273799514754494
550,5.25,-0.25,0.55,2,-28.826956870837105,-27.984777882547238,-26.79978426638399,-31.25211209230055
550,5.25,-0.25,0.55,10,-28.971992350753197,-28.24592218030834,-26.999518686170706,-31.006784115487548
550,5.25,-0.25,0.85,-1,-28.828425921142255,-27.779765420201358,-26.71839567555339,-31.280034584282976
550,5.25,-0.25,0.85,2,-28.80576190415081,-27.962341625691035,-26.883268425827502,-31.24969152087864
550,5.25,-0.25,0.85,10,-28.965072833474483,-28.268884001404743,-27.11869873962785,-30.98285681831789
550,5.25,+0.0,0.1,-1,-28.903472848567162,-27.940616285154164,-26.345302849782556,-31.168996209632738
550,5.25,+0.0,0.1,2,-28.908851523984463,-28.12191572640223,-26.45444896976663,-31.15302634626928
550,5.25,+0.0,0.1,10,-28.96176959905042,-28.278769698989436,-26.59136646169312,-30.984224275880923
550,5.25,+0.0,0.55,-1,-29.039690933380406,-27.879150494211032,-26.56870149218916,-31.196706863683033
550,5.25,+0.0,0.55,2,-29.044995650339906,-28.121392648148333,-26.755445830701806,-31.145654645524502
550,5.25,+0.0,0.55,10,-29.17112104063859,-28.390886567673533,-27.013627358841514,-30.841936867483454
550,5.25,+0.0,0.85,-1,-29.02228762353875,-27.804480643394086,-26.6436870431112,-31.209095396466083
550,5.25,+0.0,0.85,2,-29.04511177325759,-28.1051501673093,-26.83948747829981,-31.13815437991613
550,5.25,+0.0,0.85,10,-29.171583973582752,-28.361410057563422,-27.102740528445473,-30.80429775150721
550,5.25,+0.25,0.1,-1,-29.027372439483784,-28.03799778320762,-26.35985733152641,-31.105690236436224
550,5.25,+0.25,0.1,2,-29.06782139269025,-28.284774474297482,-26.473012553512376,-31.060283471459687
550,5.25,+0.25,0.1,10,-29.09458434879265,-28.448093419318525,-26.59597280649755,-30.860473808325402
550,5.25,+0.25,0.55,-1,-29.187903461779513,-27.951315327012473,-26.52915206238127,-31.126450587182863
550,5.25,+0.25,0.55,2,-29.237427991331238,-28.255952007644094,-26.752430953424877,-31.01622127998059
550,5.25,+0.25,0.55,10,-29.30482214780996,-28.459063120953342,-26.95894303849611,-30.66624045558566
550,5.25,+0.25,0.85,-1,-29.183324282906504,-27.89589727408211,-26.59805799076154,-31.141597449620097
550,5.25,+0.25,0.85,2,-29.22831556500902,-28.239929277454436,-26.84491705299237,-30.996187754372343
550,5.25,+0.25,0.85,10,-29.188001008850964,-28.468899622645957,-27.135491967507008,-30.609909880615028
550,5.25,+0.5,0.1,-1,-29.130351042671432,-28.13990773643813,-26.365581911806824,-31.044138695157237
550,5.25,+0.5,0.1,2,-29.184889414410947,-28.384539233122197,-26.48898218661506,-30.947823787186252
550,5.25,+0.5,0.1,10,-29.166329263233784,-28.511692857691727,-26.552450232449477,-30.736289017921294
550,5.25,+0.5,0.55,-1,-29.292969443048456,-28.021137729012402,-26.493631934956028,-31.053999172423644
550,5.25,+0.5,0.55,2,-29.30556845514705,-28.292794981893543,-26.785507995030237,-30.86746412232167
550,5.25,+0.5,0.55,10,-29.41373148148124,-28.503645318940105,-26.956112067342385,-30.502581194745225
550,5.25,+0.5,0.85,-1,-29.255113803833098,-27.95785446743509,-26.54729665878381,-31.063301396460687
550,5.25,+0.5,0.85,2,-29.27771231294316,-28.289719340647423,-26.875531805529054,-30.821553770733345
550,5.25,+0.5,0.85,10,-29.36621104634318,-28.465222215560143,-27.040706473924235,-30.437547111708795
550,5.25,+0.75,0.1,-1,-29.172862720599735,-28.18730064931345,-26.35699902836987,-30.978976947139106
550,5.25,+0.75,0.1,2,-29.243597808066234,-28.372423380458326,-26.540112959809264,-30.822242040122866
550,5.25,+0.75,0.1,10,-29.133067383890747,-28.567395647374127,-26.486023543099204,-30.63799554393785
550,5.25,+0.75,0.55,-1,-29.25197768475175,-28.06598504642895,-26.437224068255887,-30.96859244591771
550,5.25,+0.75,0.55,2,-29.28732679332071,-28.281427980629953,-26.812577455511367,-30.6815430842284
550,5.25,+0.75,0.55,10,-29.493113699174156,-28.465983916053716,-26.916262745017853,-30.329053043216977
550,5.25,+0.75,0.85,-1,-29.32803621389108,-28.036457410684772,-26.523275901891058,-30.991459217457486
550,5.25,+0.75,0.85,2,-29.32756961900104,-28.32701179287863,-26.956686475225,-30.622647038101842
550,5.25,+0.75,0.85,10,-29.41295085640054,-28.44238458751086,-27.048476199781327,-30.25837966943696
550,5.25,+1.0,0.1,-1,-29.217647077648984,-28.22191823954502,-26.350227701793717,-30.920149491428035
550,5.25,+1.0,0.1,2,-29.246763600025716,-28.333270676289658,-26.599324015713105,-30.692564630375788
550,5.25,+1.0,0.1,10,-29.01369129654686,-28.61080605503329,-26.441297264333535,-30.554864672725923
550,5.25,+1.0,0.55,-1,-29.381184866741386,-28.110608967175786,-26.448313648623163,-30.910008082754572
550,5.25,+1.0,0.55,2,-29.27396458910646,-28.2193259762459,-26.884928785644625,-30.5006194317839
550,5.25,+1.0,0.55,10,-29.509153885017838,-28.43072056613091,-26.933166385226354,-30.203922894963362
550,5.25,+1.0,0.85,-1,-29.34152885403971,-28.070849300870666,-26.524162470854762,-30.923329744182972
550,5.25,+1.0,0.85,2,-29.247408270855185,-28.295011030324773,-27.042772681056032,-30.404096541323447
550,5.25,+1.0,0.85,10,-29.47278731527771,-28.375827286702062,-27.01998684689018,-30.07189431850478
600,3.5,-2.5,0.1,-1,-27.21796244893154,-28.180537608745414,-28.138790930258878,-31.52065209313863
600,3.5,-2.5,0.1,2,-27.2148616928271,-28.181265529374826,-28.14349484241283,-31.52022943499969
600,3.5,-2.5,0.1,10,-27.237023706090227,-28.169428750174824,-28.15220446897942,-31.52041834957537
600,3.5,-2.5,0.55,-1,-27.405957274815982,-28.391175967205207,-28.263938167502584,-31.568324013945855
600,3.5,-2.5,0.55,2,-27.39239397390579,-28.387004730004737,-28.264428992480255,-31.567506371270312
600,3.5,-2.5,0.55,10,-27.42329401686702,-28.379039299268367,-28.269723057230674,-31.567667763368274
600,3.5,-2.5,0.85,-1,-27.45761847578764,-28.499809618215153,-28.347818543944776,-31.58064257803698
600,3.5,-2.5,0.85,2,-27.46275298758328,-28.507538696334507,-28.34863024938464,-31.57865649765844
600,3.5,-2.5,0.85,10,-27.478680941644285,-28.47343630088389,-28.35722799946463,-31.581453604885155
600,3.5,-2.0,0.1,-1,-27.8744088020617,-28.121378361348786,-27.946230439964793,-31.5970009100796
600,3.5,-2.0,0.1,2,-27.83653940081916,-28.12187295516377,-27.98054583100661,-31.592347749028278
600,3.5,-2.0,0.1,10,-27.834863607650515,-28.17659984344558,-28.057319844007683,-31.59387923982831
600,3.5,-2.0,0.55,-1,-28.051874335849483,-28.32502655343704,-28.105161704408538,-31.63253001093745
600,3.5,-2.0,0.55,2,-27.9996018434589,-28.328992529662944,-28.157540441138206,-31.631663653825978
600,3.5,-2.0,0.55,10,-28.0433240097829,-28.380933330285913,-28.213504383078735,-31.59957034749506
600,3.5,-2.0,0.85,-1,-28.101001556510838,-28.404558466885653,-28.19430459576509,-31.6448411384671
600,3.5,-2.0,0.85,2,-28.062779567882682,-28.417285763742587,-28.244449303516888,-31.64194376678306
600,3.5,-2.0,0.85,10,-28.058969446804095,-28.420927775249154,-28.27659613475326,-31.62412169681228
600,3.5,-1.5,0.1,-1,-28.58267061083761,-28.171713805718518,-27.591513676547894,-31.611900768938412
600,3.5,-1.5,0.1,2,-28.473439852030715,-28.250825336053758,-27.79475673752365,-31.619439187215256
600,3.5,-1.5,0.1,10,-28.48098261195338,-28.32425987928993,-27.890897517558177,-31.56320652818321
600,3.5,-1.5,0.55,-1,-28.744321911682587,-28.300450421610854,-27.823014926425692,-31.63202864267829
600,3.5,-1.5,0.55,2,-28.643156410754177,-28.385520942643268,-28.02503215196036,-31.62844284286985
600,3.5,-1.5,0.55,10,-28.712806439237855,-28.5165264765293,-28.141422498311,-31.53619635547562
600,3.5,-1.5,0.85,-1,-28.748992320623724,-28.312875987500476,-27.901146446057965,-31.623895758364256
600,3.5,-1.5,0.85,2,-28.681547206892137,-28.36469440391058,-28.03389612785356,-31.61988767353929
600,3.5,-1.5,0.85,10,-28.7669420695052,-28.5630434213048,-28.20937699702705,-31.49433396902852
600,3.5,-1.0,0.1,-1,-29.195077486232208,-28.332512307539815,-27.29812009773803,-31.51279245301803
600,3.5,-1.0,0.1,2,-29.04695019920127,-28.404923541598663,-27.621049154600005,-31.511864200494976
600,3.5,-1.0,0.1,10,-29.074187661689997,-28.557285690356487,-27.78854804664773,-31.405830170942576
600,3.5,-1.0,0.55,-1,-29.382981333986894,-28.334876301112413,-27.558725299565097,-31.5108012849506
600,3.5,-1.0,0.55,2,-29.231302001222346,-28.454847710206973,-27.89704949318672,-31.49806629705232
600,3.5,-1.0,0.55,10,-29.32796518902976,-28.686990203833783,-28.106737156344103,-31.267037375133025
600,3.5,-1.0,0.85,-1,-29.32330719346568,-28.339632476964994,-27.66588089231311,-31.522247226059097
600,3.5,-1.0,0.85,2,-29.19530146891766,-28.458489536943755,-27.974710258708146,-31.490068224791102
600,3.5,-1.0,0.85,10,-29.32389203064776,-28.7271153904507,-28.218130370439304,-31.2132420371341
600,3.5,-0.5,0.1,-1,-29.55333410002271,-28.50750786934909,-27.19878938880719,-31.35516202435892
600,3.5,-0.5,0.1,2,-29.417240236693345,-28.579348504460068,-27.592376502096393,-31.34192980063661
600,3.5,-0.5,0.1,10,-29.312942273041642,-28.76055676348485,-27.697562579974417,-31.124185976518454
600,3.5,-0.5,0.55,-1,-29.691980674762096,-28.449334785600627,-27.451551502163163,-31.36554724650906
600,3.5,-0.5,0.55,2,-29.531625372662425,-28.48669970785992,-27.829381438708523,-31.29792906586601
600,3.5,-0.5,0.55,10,-29.62619065995012,-28.81256583182499,-28.11403912625378,-30.87673644815404
600,3.5,-0.5,0.85,-1,-29.664934086591565,-28.443424450393895,-27.565523317996554,-31.37914143253692
600,3.5,-0.5,0.85,2,-29.526872603972556,-28.503044642866776,-27.909757802763085,-31.289316515426783
600,3.5,-0.5,0.85,10,-29.675112231518227,-28.845200063601734,-28.22983973417908,-30.841230071600453
600,3.5,-0.25,0.1,-1,-29.580420880146946,-28.552679728933974,-27.230576071034903,-31.289505847651206
600,3.5,-0.25,0.1,2,-29.45996638179231,-28.547987535793062,-27.614959861535944,-31.246275273424754
600,3.5,-0.25,0.1,10,-29.31834613086995,-28.808840333292846,-27.648964246480677,-31.020410620677076
600,3.5,-0.25,0.55,-1,-29.779656877434526,-28.467083648572444,-27.471269405142934,-31.29822372928924
600,3.5,-0.25,0.55,2,-29.64475144402648,-28.47337373179101,-27.804434701629543,-31.18770520437762
600,3.5,-0.25,0.55,10,-29.730096206049765,-28.81145228123828,-28.118886730748148,-30.71886059178442
600,3.5,-0.25,0.85,-1,-29.731832485511887,-28.46751953735218,-27.57651475693516,-31.308883871376075
600,3.5,-0.25,0.85,2,-29.57397921555807,-28.465530867837046,-27.912449593434765,-31.184586758461922
600,3.5,-0.25,0.85,10,-29.69962721482134,-28.833845474208736,-28.245985478728755,-30.65553687155034
600,3.5,+0.0,0.1,-1,-29.594201301695303,-28.567665056651794,-27.268625348445788,-31.224088914040586
600,3.5,+0.0,0.1,2,-29.48956776314748,-28.518725168055845,-27.645674822994568,-31.155121075096133
600,3.5,+0.0,0.1,10,-29.221589529592016,-28.83619560343768,-27.623430540585833,-30.931179521980788
600,3.5,+0.0,0.55,-1,-29.866904674123372,-28.46348200833921,-27.509269354037983,-31.227362215775184
600,3.5,+0.0,0.55,2,-29.71298655504573,-28.358844334603106,-27.778224907746516,-31.074270711754977
600,3.5,+0.0,0.55,10,-29.75358769378227,-28.77385577735932,-28.068199839289267,-30.600513323218742
600,3.5,+0.0,0.85,-1,-29.783541607751754,-28.475468563331027,-27.583635651002282,-31.226561277004418
600,3.5,+0.0,0.85,2,-29.626611844207666,-28.47342279180956,-27.938425671317667,-31.073997606369442
600,3.5,+0.0,0.85,10,-29.769090364882466,-28.83059770166134,-28.33187503788832,-30.442886883091983
600,3.5,+0.25,0.1,-1,-29.574099038516263,-28.551636801004392,-27.330070862227714,-31.162813906371632
600,3.5,+0.25,0.1,2,-29.47446572419811,-28.456078969727706,-27.666268221887293,-31.066489982841677
600,3.5,+0.25,0.1,10,-29.101626116258753,-28.862704837414057,-27.605827052423603,-30.843709724636245
600,3.5,+0.25,0.55,-1,-29.985490938525366,-28.437844330766904,-27.5049700714634,-31.136022697739886
600,3.5,+0.25,0.55,2,-29.62876956505141,-28.366966829048902,-27.819998877510514,-30.97758559364724
600,3.5,+0.25,0.55,10,-29.761040784655037,-28.750456968587834,-28.078033557161945,-30.474439554805066
600,3.5,+0.25,0.85,-1,-29.806292672313738,-28.491177744118605,-27.68584528246253,-31.171429766165648
600,3.5,+0.25,0.85,2,-29.684288797934457,-28.497812904230084,-27.98443959202381,-30.916659772136825
600,3.5,+0.25,0.85,10,-29.801679144481543,-28.81896781719714,-28.310072933497747,-30.28368260613178
600,3.5,+0.5,0.1,-1,-29.533338562723465,-28.51761382564407,-27.40321086057005,-31.10441571632668
600,3.5,+0.5,0.1,2,-29.478033662121174,-28.438257676288664,-27.679572569611484,-30.964147035621032
600,3.5,+0.5,0.1,10,-28.939410132399633,-28.872330712081027,-27.57150437448443,-30.7582247456484
600,3.5,+0.5,0.55,-1,-29.67840124996899,-28.41071849752565,-27.576255111771225,-31.0677521396809
600,3.5,+0.5,0.55,2,-29.597796726711362,-28.37592405074139,-27.865863227363903,-30.822674176825174
600,3.5,+0.5,0.55,10,-29.74688221180111,-28.72303164218809,-28.08587898424777,-30.376660133315458
600,3.5,+0.5,0.85,-1,-29.878444581199876,-28.459047360569553,-27.740964728875998,-31.098275455275814
600,3.5,+0.5,0.85,2,-29.85944557884568,-28.53882671842069,-28.035344992401402,-30.734629089653325
600,3.5,+0.5,0.85,10,-29.82083440735058,-28.82856238589797,-28.4379835992471,-30.13960704951295
600,3.5,+0.75,0.1,-1,-29.458243767926145,-28.465556862273743,-27.499919521307604,-31.061423017835253
600,3.5,+0.75,0.1,2,-29.40665552142623,-28.40674814868905,-27.75727845010579,-30.852521281572564
600,3.5,+0.75,0.1,10,-28.760043751731498,-28.810060433662063,-27.531435364401318,-30.669660451191405
600,3.5,+0.75,0.55,-1,-29.665442113541886,-28.375279664352014,-27.648702445365444,-31.00197694067635
600,3.5,+0.75,0.55,2,-29.642525493162218,-28.407049214700578,-27.914960088574965,-30.633502734814634
600,3.5,+0.75,0.55,10,-29.70819087778687,-28.673697847716664,-28.090071870801854,-30.27969610965213
600,3.5,+0.75,0.85,-1,-30.040877417348476,-28.473695346027192,-27.770588680079143,-31.01114302219329
600,3.5,+0.75,0.85,2,-30.05335536983791,-28.54680000481222,-28.04596190423069,-30.527640833127737
600,3.5,+0.75,0.85,10,-29.779293115983904,-28.755506626949725,-28.530646621740917,-29.96412338822241
600,3.5,+1.0,0.1,-1,-29.371908213138873,-28.477434350287353,-27.57824642410007,-31.01255617842257
600,3.5,+1.0,0.1,2,-29.33127413899179,-28.369933143242022,-27.81174147103839,-30.745215770593965
600,3.5,+1.0,0.1,10,-28.538195375366328,-28.72362029014978,-27.48765498505883,-30.591120051681216
600,3.5,+1.0,0.55,-1,-29.697180563166153,-28.438511236161798,-27.692054131512197,-30.92013185540631
600,3.5,+1.0,0.55,2,-29.67024183160585,-28.381412471740678,-27.998823748405258,-30.49509731412922
600,3.5,+1.0,0.55,10,-29.43185378592702,-28.736636048487508,-28.019807746221264,-30.273995245446727
600,3.5,+1.0,0.85,-1,-29.88303367040167,-28.57883197968824,-27.86524447805709,-30.943224149084173
600,3.5,+1.0,0.85,2,-29.883967757684395,-28.579893435482017,-28.20780213547836,-30.40476833306345
600,3.5,+1.0,0.85,10,-29.655696542798317,-28.679876953906852,-28.670311800892915,-29.827804665593384
600,4.0,-2.5,0.1,-1,-27.069787065458847,-28.237923365015405,-28.17111516514277,-31.492979707430322
600,4.0,-2.5,0.1,2,-27.070926865023594,-28.23539203520022,-28.172663448223112,-31.492291492837047
600,4.0,-2.5,0.1,10,-27.05412202949084,-28.18632917510209,-28.16607693052768,-31.49731220414898
600,4.0,-2.5,0.55,-1,-27.217083420222828,-28.41615698337316,-28.303019855493005,-31.5407402175947
600,4.0,-2.5,0.55,2,-27.273704182598845,-28.45543200152079,-28.29229578280222,-31.538637417333458
600,4.0,-2.5,0.55,10,-27.219853477040722,-28.357399206490207,-28.283819864878154,-31.542071318585943
600,4.0,-2.5,0.85,-1,-27.251062771110313,-28.513850578884647,-28.331915758371178,-31.541085319878132
600,4.0,-2.5,0.85,2,-27.27245828592747,-28.52690588332862,-28.331489454681527,-31.5411983568308
600,4.0,-2.5,0.85,10,-27.28652334469261,-28.472918813806047,-28.318186282151135,-31.54733494349834
600,4.0,-2.0,0.1,-1,-27.652632814838896,-28.15966400794185,-27.982905808178266,-31.578520270202777
600,4.0,-2.0,0.1,2,-27.629915179654027,-28.152460606631355,-27.998248985909235,-31.578401300569116
600,4.0,-2.0,0.1,10,-27.65970234063611,-28.16172308938566,-28.0099499114975,-31.576467061532743
600,4.0,-2.0,0.55,-1,-27.800959279377373,-28.363029902400733,-28.150731542553437,-31.623423609440067
600,4.0,-2.0,0.55,2,-27.7952704859677,-28.370185614759492,-28.161900051412225,-31.623736938656776
600,4.0,-2.0,0.55,10,-27.851416859738332,-28.37831639695061,-28.166441210071028,-31.616328384972114
600,4.0,-2.0,0.85,-1,-27.877995916939774,-28.46936681257108,-28.234269244499963,-31.63539820106856
600,4.0,-2.0,0.85,2,-27.838450652185504,-28.45360287145832,-28.244247153904038,-31.629549383206985
600,4.0,-2.0,0.85,10,-27.909753591481458,-28.45237004564695,-28.242818448497594,-31.61595185749192
600,4.0,-1.5,0.1,-1,-28.339259854623336,-28.15522734057078,-27.64166436793023,-31.639652633359226
600,4.0,-1.5,0.1,2,-28.302840733125876,-28.187020297608598,-27.73867489081266,-31.635370256969093
600,4.0,-1.5,0.1,10,-28.285126973210293,-28.24301838960548,-27.83664371914306,-31.628365945616576
600,4.0,-1.5,0.55,-1,-28.545436674622646,-28.326453245667395,-27.860184176210765,-31.666742881530126
600,4.0,-1.5,0.55,2,-28.504012006032386,-28.363420146241666,-27.954785117197428,-31.661634884669002
600,4.0,-1.5,0.55,10,-28.560032959530485,-28.45986576823097,-28.04559799741611,-31.57871225623609
600,4.0,-1.5,0.85,-1,-28.548095479074476,-28.378489272958483,-27.939060866728713,-31.66978338551294
600,4.0,-1.5,0.85,2,-28.494831579943156,-28.430699707393714,-28.04047065084173,-31.66731802061619
600,4.0,-1.5,0.85,10,-28.509208520481014,-28.50316821813265,-28.126274611774743,-31.623377943778266
600,4.0,-1.0,0.1,-1,-29.05980646375187,-28.30376611986469,-27.27277897065159,-31.57272735575383
600,4.0,-1.0,0.1,2,-28.949313201809318,-28.366451942427414,-27.48594286934913,-31.576702337919805
600,4.0,-1.0,0.1,10,-28.96004977906472,-28.525019354818433,-27.67660038428327,-31.46301848894985
600,4.0,-1.0,0.55,-1,-29.219851423642723,-28.35008459197548,-27.53403338872416,-31.57978389909896
600,4.0,-1.0,0.55,2,-29.119568664613325,-28.43985550458669,-27.752509995934602,-31.57744499965895
600,4.0,-1.0,0.55,10,-29.227204069537272,-28.690477569647662,-27.984894232082862,-31.36344182336113
600,4.0,-1.0,0.85,-1,-29.21717156027414,-28.336337056017946,-27.6520189384146,-31.58384663232812
600,4.0,-1.0,0.85,2,-29.108788467018307,-28.437178940085563,-27.842172413725798,-31.568135521312996
600,4.0,-1.0,0.85,10,-29.29023067893717,-28.72685265484137,-28.06029182389959,-31.30230757203431
600,4.0,-0.5,0.1,-1,-29.52438328224369,-28.508354083286594,-27.11831104031753,-31.417640564921633
600,4.0,-0.5,0.1,2,-29.382503433363482,-28.640101041192423,-27.469174315139423,-31.420738105301673
600,4.0,-0.5,0.1,10,-29.416551064771493,-28.796812887993962,-27.59547151868619,-31.23955248002701
600,4.0,-0.5,0.55,-1,-29.69001250979748,-28.456059574053345,-27.367575097662666,-31.42955479716065
600,4.0,-0.5,0.55,2,-29.548836184037377,-28.596870378310633,-27.696392846617464,-31.366128129281638
600,4.0,-0.5,0.55,10,-29.67970119068356,-28.8508595072534,-27.9155028852986,-31.007789332997216
600,4.0,-0.5,0.85,-1,-29.598633875875183,-28.449953864659562,-27.502895584437518,-31.454360240826198
600,4.0,-0.5,0.85,2,-29.508993276878638,-28.536672961543964,-27.7535316739246,-31.385269830108797
600,4.0,-0.5,0.85,10,-29.611768149323776,-28.869986545326096,-28.0896179493425,-30.970208246469262
600,4.0,-0.25,0.1,-1,-29.605769856700675,-28.60652965008785,-27.123900122200872,-31.351510828601782
600,4.0,-0.25,0.1,2,-29.52473467970509,-28.692933902606455,-27.458768631551816,-31.313591735049833
600,4.0,-0.25,0.1,10,-29.48990426750974,-28.859867756281847,-27.542420298632095,-31.10889595254465
600,4.0,-0.25,0.55,-1,-29.820991332696547,-28.50148341169694,-27.328334175600023,-31.350926633954707
600,4.0,-0.25,0.55,2,-29.707063520829607,-28.628584567719145,-27.70210127622913,-31.249970641024664
600,4.0,-0.25,0.55,10,-29.792694073784656,-28.870538785673844,-27.906967511830658,-30.838295036927423
600,4.0,-0.25,0.85,-1,-29.67646340353275,-28.49342871570899,-27.451018209012844,-31.375928848619743
600,4.0,-0.25,0.85,2,-29.631199654673217,-28.58847185557206,-27.746409159039477,-31.22144175089887
600,4.0,-0.25,0.85,10,-29.724559690297298,-28.909561818707637,-28.05888955544171,-30.791341259880447
600,4.0,+0.0,0.1,-1,-29.66670464770717,-28.653680954434133,-27.135492421914698,-31.28374647327215
600,4.0,+0.0,0.1,2,-29.580475381641826,-28.6850470105444,-27.472817041226605,-31.20245665298058
600,4.0,+0.0,0.1,10,-29.486038828517557,-28.905233367048496,-27.535899365198325,-31.002040532123274
600,4.0,+0.0,0.55,-1,-29.95037276540447,-28.538424823990695,-27.355265233615636,-31.29173845293769
600,4.0,+0.0,0.55,2,-29.767332437185235,-28.57612233109697,-27.68142535260335,-31.104688667103147
600,4.0,+0.0,0.55,10,-29.84901945195492,-28.86147053612959,-27.895515443883248,-30.68658755459653
600,4.0,+0.0,0.85,-1,-29.729233923406206,-28.52324327592389,-27.43149970223914,-31.299737078968434
600,4.0,+0.0,0.85,2,-29.68086667624787,-28.67139082070046,-27.83831986168795,-31.061721782785074
600,4.0,+0.0,0.85,10,-29.79394555309569,-28.914295600324778,-28.062747168914708,-30.609575217812576
600,4.0,+0.25,0.1,-1,-29.663742347610395,-28.644713019399987,-27.18902985666125,-31.225142491406146
600,4.0,+0.25,0.1,2,-29.59222992822793,-28.65362650151016,-27.53191131338591,-31.095362456269232
600,4.0,+0.25,0.1,10,-29.31105325037086,-28.93653695646436,-27.527894928440652,-30.922364727346498
600,4.0,+0.25,0.55,-1,-30.02341178080249,-28.529818777980175,-27.374896557790052,-31.219720232517414
600,4.0,+0.25,0.55,2,-29.685447088302617,-28.588827541850584,-27.750285201659675,-30.945027389091017
600,4.0,+0.25,0.55,10,-29.888294833331344,-28.84384259095535,-27.922422438272868,-30.544534154118143
600,4.0,+0.25,0.85,-1,-29.846980687636695,-28.54198469544146,-27.490064164265917,-31.23439715154897
600,4.0,+0.25,0.85,2,-29.825768047221196,-28.633470661321446,-27.884130614092122,-30.8747092900237
600,4.0,+0.25,0.85,10,-29.828226942823957,-28.916852862878663,-28.1320594353298,-30.452937683197145
600,4.0,+0.5,0.1,-1,-29.63615734456029,-28.621883629612395,-27.237694055918023,-31.16570130444527
600,4.0,+0.5,0.1,2,-29.571360365381256,-28.601547290818324,-27.580659225705666,-30.961800541265188
600,4.0,+0.5,0.1,10,-29.034896570779996,-28.959641818146842,-27.40099791812249,-30.83745723270138
600,4.0,+0.5,0.55,-1,-30.042413211580193,-28.476232898462875,-27.404304009397404,-31.14107147307677
600,4.0,+0.5,0.55,2,-29.87764069710238,-28.508126431763507,-27.75030416203365,-30.751700311370183
600,4.0,+0.5,0.55,10,-29.864440034244986,-28.858545069811157,-27.899561140324252,-30.487368598796927
600,4.0,+0.5,0.85,-1,-29.75403275304157,-28.534158987393518,-27.549740864115527,-31.16060261683899
600,4.0,+0.5,0.85,2,-29.834397257314706,-28.61042899178536,-27.943956606898265,-30.654907799373817
600,4.0,+0.5,0.85,10,-29.82080906260066,-28.858893333727753,-28.1781866003468,-30.299187360993628
600,4.0,+0.75,0.1,-1,-29.57905678785577,-28.59362073096569,-27.33010849284048,-31.1187505716298
600,4.0,+0.75,0.1,2,-29.506342568831524,-28.58042867944733,-27.65403311520974,-30.835277179436353
600,4.0,+0.75,0.1,10,-28.889108098227116,-28.922793642681167,-27.378491867250133,-30.746227846090196
600,4.0,+0.75,0.55,-1,-29.823464299101047,-28.45234291479197,-27.498955266905117,-31.080201431784417
600,4.0,+0.75,0.55,2,-29.811952764601077,-28.525595111501076,-27.876590029915636,-30.573932552636684
600,4.0,+0.75,0.55,10,-29.7991166244364,-28.805921923328267,-27.937766887623905,-30.38426456591229
600,4.0,+0.75,0.85,-1,-30.002870826714904,-28.551002646289913,-27.605872655361313,-31.08723987309218
600,4.0,+0.75,0.85,2,-29.8079985617894,-28.616946899621766,-28.09142049444803,-30.494653367727018
600,4.0,+0.75,0.85,10,-29.893195973662046,-28.81318622004858,-28.30465281827272,-30.094680754202482
600,4.0,+1.0,0.1,-1,-29.50292454130002,-28.55590753069125,-27.411141592624585,-31.066428000143752
600,4.0,+1.0,0.1,2,-29.48510570797373,-28.514945317571517,-27.68299437918103,-30.728502898672282
600,4.0,+1.0,0.1,10,-28.679553915575333,-28.834967814959107,-27.32924492940971,-30.652899330562995
600,4.0,+1.0,0.55,-1,-29.68768866364515,-28.45506081185389,-27.57467313486024,-31.0142182320069
600,4.0,+1.0,0.55,2,-29.66488736600119,-28.464675770632077,-27.972757522687527,-30.46125382044139
600,4.0,+1.0,0.55,10,-29.760163284887913,-28.756823030704233,-27.915617729875034,-30.296152174422094
600,4.0,+1.0,0.85,-1,-30.052805951785317,-28.56509636096037,-27.688814770528047,-31.01936221038727
600,4.0,+1.0,0.85,2,-29.99383229343246,-28.655245180669432,-28.22921608516266,-30.377635193920458
600,4.0,+1.0,0.85,10,-29.886240205992998,-28.736176520746582,-28.356924344977514,-29.911817258788144
600,4.5,-2.5,0.1,-1,-26.96906047342171,-28.296685824801834,-28.202790049829865,-31.46107498508215
600,4.5,-2.5,0.1,2,-26.968943149296898,-28.29685413342904,-28.203361756002245,-31.461067391236853
600,4.5,-2.5,0.1,10,-26.99016380208322,-28.27005355990268,-28.188555834168135,-31.465758561481817
600,4.5,-2.5,0.55,-1,-27.058952748600507,-28.421376299991174,-28.32755229769497,-31.502627683003976
600,4.5,-2.5,0.55,2,-27.063617112517043,-28.423344702930816,-28.329339602169874,-31.50126999518365
600,4.5,-2.5,0.55,10,-27.091633234587178,-28.387894796275212,-28.307734362273997,-31.509089301673882
600,4.5,-2.5,0.85,-1,-27.06117025648122,-28.491913900636,-28.31438675156214,-31.49990587606772
600,4.5,-2.5,0.85,2,-27.012417225863988,-28.462444539065398,-28.319704261014426,-31.50098654290798
600,4.5,-2.5,0.85,10,-27.0621486723017,-28.441110804149055,-28.30372763749761,-31.507260683224402
600,4.5,-2.0,0.1,-1,-27.395735169811893,-28.17639566280004,-28.04818222609662,-31.549257038518135
600,4.5,-2.0,0.1,2,-27.393327738526978,-28.17842530853015,-28.053486961142383,-31.54895493165382
600,4.5,-2.0,0.1,10,-27.433992024703265,-28.17778958607303,-28.037307079828636,-31.55276482188624
600,4.5,-2.0,0.55,-1,-27.574217399038957,-28.41575461312715,-28.209388080836504,-31.60560448446587
600,4.5,-2.0,0.55,2,-27.59275926918484,-28.435086399367822,-28.21107063074491,-31.604083807379485
600,4.5,-2.0,0.55,10,-27.640048901123578,-28.397194874144777,-28.183392540413887,-31.604958813607244
600,4.5,-2.0,0.85,-1,-27.55290385829046,-28.452258637807645,-28.2382459578087,-31.589216052470018
600,4.5,-2.0,0.85,2,-27.57280288457777,-28.471254419649096,-28.240738375128057,-31.589266198921948
600,4.5,-2.0,0.85,10,-27.601535343271525,-28.42039156490262,-28.21829815695494,-31.59692336520992
600,4.5,-1.5,0.1,-1,-28.08688687100092,-28.139903222666987,-27.74743120977099,-31.633841667276528
600,4.5,-1.5,0.1,2,-28.097436712362605,-28.1588506642897,-27.768590097938134,-31.631314776693003
600,4.5,-1.5,0.1,10,-28.087710397048728,-28.16047607989514,-27.78816490711996,-31.619994782624275
600,4.5,-1.5,0.55,-1,-28.271285424920304,-28.34484479517257,-27.942140992313217,-31.669502857393823
600,4.5,-1.5,0.55,2,-28.280772859223127,-28.372937577608877,-27.958648112950787,-31.668223945515876
600,4.5,-1.5,0.85,-1,-28.263845123989427,-28.377709639480443,-27.996180332940423,-31.66611494264201
600,4.5,-1.5,0.85,2,-28.277453938179484,-28.413586947004475,-28.015013663341065,-31.66818915700773
600,4.5,-1.5,0.85,10,-28.34133554844568,-28.452610780965042,-28.04432673951013,-31.63966901964087
600,4.5,-1.0,0.1,-1,-28.794188313481786,-28.25514761664005,-27.350336274539245,-31.629656737669777
600,4.5,-1.0,0.1,2,-28.730379592556055,-28.33392972986163,-27.464041303091456,-31.634420248970407
600,4.5,-1.0,0.1,10,-28.762071557014632,-28.42379733957945,-27.550786608822694,-31.59223494038692
600,4.5,-1.0,0.55,-1,-28.98333831102738,-28.35705500160794,-27.587278607081977,-31.64599308354635
600,4.5,-1.0,0.55,2,-28.917088521582226,-28.44894377326807,-27.729420933064965,-31.646439323053336
600,4.5,-1.0,0.55,10,-28.99779728180527,-28.590855484211385,-27.84061150619971,-31.552698092653163
600,4.5,-1.0,0.85,-1,-28.994471267004023,-28.368750445214918,-27.684672606239495,-31.644884809820905
600,4.5,-1.0,0.85,2,-28.930344634097473,-28.491363903837037,-27.840755550898372,-31.64783690193207
600,4.5,-1.0,0.85,10,-29.039303855531813,-28.63193365001692,-27.945123213614686,-31.511444822181755
600,4.5,-0.5,0.1,-1,-29.400014359635552,-28.443849214255827,-27.082895540683424,-31.489364549916967
600,4.5,-0.5,0.1,2,-29.31059808091691,-28.583667391561907,-27.285885404914076,-31.504945492006193
600,4.5,-0.5,0.1,10,-29.34341977252167,-28.755399399528372,-27.444753590129398,-31.324679561818446
600,4.5,-0.5,0.55,-1,-29.516653367559442,-28.44082340816927,-27.343745640765206,-31.50805970203299
600,4.5,-0.5,0.55,2,-29.466166084701797,-28.598975738124494,-27.554283872960244,-31.480145110954542
600,4.5,-0.5,0.55,10,-29.584048516827796,-28.86977966857917,-27.798581371575462,-31.163063901321102
600,4.5,-0.5,0.85,-1,-29.50200759215884,-28.44157067061683,-27.466504462344577,-31.530423353494605
600,4.5,-0.5,0.85,2,-29.446129230552273,-28.605871834721643,-27.654827223496078,-31.47440723854817
600,4.5,-0.5,0.85,10,-29.61263636391911,-28.918823142124225,-27.936340320609695,-31.125579424149908
600,4.5,-0.25,0.1,-1,-29.552026266323118,-28.583704346310064,-27.06272687847029,-31.42050560252422
600,4.5,-0.25,0.1,2,-29.510567634216926,-28.700382641550686,-27.273863512549763,-31.40835973545262
600,4.5,-0.25,0.1,10,-29.489196803825628,-28.858422868201018,-27.39412824150307,-31.202965837711616
600,4.5,-0.25,0.55,-1,-29.684841377561995,-28.518326524271913,-27.30855425436213,-31.439401246157175
600,4.5,-0.25,0.55,2,-29.58819451268245,-28.660312325608736,-27.52982075879341,-31.368732387751812
600,4.5,-0.25,0.55,10,-29.74074316127676,-28.943502447305015,-27.80131303129235,-30.998966082198926
600,4.5,-0.25,0.85,-1,-29.635636633555002,-28.480310654012744,-27.368169947773467,-31.441650589220437
600,4.5,-0.25,0.85,2,-29.59540758417361,-28.669654882378417,-27.621078174450687,-31.361749219112586
600,4.5,-0.25,0.85,10,-29.700877311135105,-28.946717993480547,-27.939541904211815,-30.94640387410694
600,4.5,+0.0,0.1,-1,-29.625126785184854,-28.65639544310192,-27.059612130400062,-31.34879366388763
600,4.5,+0.0,0.1,2,-29.611374094966557,-28.76413078610863,-27.297652367029364,-31.309234647884058
600,4.5,+0.0,0.1,10,-29.542626625579036,-28.94664301348849,-27.35544877141754,-31.091724824511054
600,4.5,+0.0,0.55,-1,-29.79652831349044,-28.56596102650116,-27.26553726336777,-31.359752561541253
600,4.5,+0.0,0.55,2,-29.747321602460413,-28.69505370511867,-27.54522047503218,-31.259678598226856
600,4.5,+0.0,0.55,10,-29.84348085160861,-28.96617903571108,-27.77052333258307,-30.84484255152279
600,4.5,+0.0,0.85,-1,-29.702288452893583,-28.532294734329327,-27.34383638132811,-31.368986222095188
600,4.5,+0.0,0.85,2,-29.66208530790388,-28.700922939799693,-27.629805261809572,-31.243696117153167
600,4.5,+0.0,0.85,10,-29.759579282380585,-28.96562135288676,-27.95806510325889,-30.777882916953047
600,4.5,+0.25,0.1,-1,-29.67278715385917,-28.706604041881224,-27.078670993112873,-31.285176665232587
600,4.5,+0.25,0.1,2,-29.635716656083563,-28.76946207489782,-27.34715128378891,-31.214070791897623
600,4.5,+0.25,0.1,10,-29.518168145546262,-29.00131659799879,-27.32935227837448,-30.994711569875733
600,4.5,+0.25,0.55,-1,-29.8809781005863,-28.58917072881794,-27.234667986599458,-31.278243988528125
600,4.5,+0.25,0.55,2,-29.814677632100057,-28.68794233334867,-27.566253955689035,-31.14245014183647
600,4.5,+0.25,0.55,10,-29.920280728423965,-28.956353424946073,-27.754914024057015,-30.69288847293995
600,4.5,+0.25,0.85,-1,-29.783469106234193,-28.583230892504893,-27.350489477695668,-31.302384676600525
600,4.5,+0.25,0.85,2,-29.803091560770625,-28.699969266690584,-27.653969710746928,-31.108494053959078
600,4.5,+0.25,0.85,10,-29.81559597459325,-28.9591842742129,-27.892097118675252,-30.62016969742939
600,4.5,+0.5,0.1,-1,-29.664925870427524,-28.703248966008267,-27.086748958387453,-31.217690440728383
600,4.5,+0.5,0.1,2,-29.644317089321937,-28.729179004427237,-27.398965205942996,-31.11932489490094
600,4.5,+0.5,0.1,10,-29.36715549752119,-29.021767275725203,-27.297023513125232,-30.913861595198682
600,4.5,+0.5,0.55,-1,-29.9033919537747,-28.57263300951623,-27.266632688025144,-31.21382471035801
600,4.5,+0.5,0.55,2,-29.842653156845618,-28.646046020937508,-27.597907911908827,-31.005731731580614
600,4.5,+0.5,0.55,10,-29.945239042809668,-28.925349244315477,-27.755224028133405,-30.566390770116527
600,4.5,+0.5,0.85,-1,-29.84427255298877,-28.592217696892888,-27.37671185038502,-31.234672596994262
600,4.5,+0.5,0.85,2,-29.87200106370592,-28.680970827383007,-27.701594079376562,-30.941639309350933
600,4.5,+0.5,0.85,10,-29.853949041793747,-28.92238416241056,-27.928131129112842,-30.44346939434746
600,4.5,+0.75,0.1,-1,-29.629222419914953,-28.698969541468763,-27.162351815677233,-31.17617816454934
600,4.5,+0.75,0.1,2,-29.59887763725728,-28.663395362139433,-27.453393334987688,-31.01257515194338
600,4.5,+0.75,0.1,10,-29.166638470625422,-29.032809942246573,-27.299670095136022,-30.842671660629996
600,4.5,+0.75,0.55,-1,-29.957864145172906,-28.576550611177094,-27.3303072730095,-31.155540118381836
600,4.5,+0.75,0.55,2,-29.870311735614393,-28.596655863260303,-27.687371993143117,-30.84623073940223
600,4.5,+0.75,0.55,10,-29.92091702336131,-28.882260326109904,-27.75753366840169,-30.470557373252433
600,4.5,+0.75,0.85,-1,-30.102956068621335,-28.581946174108644,-27.423679612787282,-31.1617923493424
600,4.5,+0.75,0.85,2,-30.074639151441232,-28.65286154471177,-27.74118138161189,-30.735984242048854
600,4.5,+0.75,0.85,10,-29.858098618925,-28.884593850674992,-28.001960395991915,-30.284609463899823
600,4.5,+1.0,0.1,-1,-29.590484231282232,-28.687078625930628,-27.224774602772072,-31.126777340729475
600,4.5,+1.0,0.1,2,-29.57042595031068,-28.60138658990206,-27.51964236605218,-30.89026533899746
600,4.5,+1.0,0.1,10,-29.048235296832257,-28.96467466094037,-27.256606677741566,-30.749025049394408
600,4.5,+1.0,0.55,-1,-29.98036205690442,-28.556366486970084,-27.37611109990634,-31.078761232870328
600,4.5,+1.0,0.55,2,-29.92818858022117,-28.536129477274912,-27.75151423072434,-30.670769112924088
600,4.5,+1.0,0.55,10,-29.831021877364414,-28.870935088972054,-27.712913822946792,-30.40914537689106
600,4.5,+1.0,0.85,-1,-29.86489519085303,-28.558916820795798,-27.53843606000171,-31.107216309017485
600,4.5,+1.0,0.85,2,-29.85153246724119,-28.620386099559518,-27.90926987440372,-30.57433417560273
600,4.5,+1.0,0.85,10,-29.858007565787396,-28.832212456595432,-28.062916931159375,-30.14626965633869
600,5.0,-2.5,0.1,-1,-26.7791740117827,-28.28750374666308,-28.245846668726323,-31.429279982966914
600,5.0,-2.5,0.1,2,-26.779140684568958,-28.287514086688468,-28.24594295777453,-31.42927321126574
600,5.0,-2.5,0.1,10,-26.798381149978315,-28.261296575809347,-28.23223564958582,-31.433799947444342
600,5.0,-2.5,0.55,-1,-26.899275142626603,-28.408436737404635,-28.341639890330438,-31.468219173667443
600,5.0,-2.5,0.55,2,-26.93706510013563,-28.439804346938704,-28.34036230599784,-31.46431445950123
600,5.0,-2.5,0.55,10,-26.9373579386787,-28.399299278420756,-28.333755997603266,-31.4750897606015
600,5.0,-2.5,0.85,-1,-26.908617082474862,-28.47983644359534,-28.309687170521794,-31.454922387621586
600,5.0,-2.5,0.85,2,-26.900385700256603,-28.486370130425648,-28.316868161349184,-31.460077140053336
600,5.0,-2.5,0.85,10,-26.934989136812067,-28.458812539077044,-28.304125767668673,-31.46429970390478
600,5.0,-2.0,0.1,-1,-27.200324205493168,-28.246565255290356,-28.11495604022374,-31.516523691058545
600,5.0,-2.0,0.1,2,-27.199859785119294,-28.246862945607106,-28.116004206326405,-31.51645879455029
600,5.0,-2.0,0.1,10,-27.19811620215813,-28.19747101156853,-28.100324246119254,-31.522281689750752
600,5.0,-2.0,0.55,-1,-27.37982977280896,-28.469051533335914,-28.240823055489436,-31.566996731521854
600,5.0,-2.0,0.55,2,-27.351092522954875,-28.44134402086977,-28.244459253599153,-31.565344045316156
600,5.0,-2.0,0.55,10,-27.389670280163088,-28.4079456800143,-28.217242157516246,-31.573970740314614
600,5.0,-2.0,0.85,-1,-27.35151574466221,-28.503754449032932,-28.26034551879146,-31.54965763177326
600,5.0,-2.0,0.85,2,-27.32458976689876,-28.49084068436926,-28.2629644163956,-31.548936111882703
600,5.0,-2.0,0.85,10,-27.389972922832648,-28.455940391347106,-28.232103520065174,-31.55897787085735
600,5.0,-1.5,0.1,-1,-27.81772661395668,-28.17593585780625,-27.83685490141619,-31.604687833440956
600,5.0,-1.5,0.1,2,-27.775430901650267,-28.159537405631667,-27.858737223082027,-31.60555435752058
600,5.0,-1.5,0.1,10,-27.83026443829245,-28.169469725839697,-27.846915715212816,-31.6081418556772
600,5.0,-1.5,0.55,-1,-27.9734881572653,-28.38866897526256,-28.008730118015286,-31.65259302576279
600,5.0,-1.5,0.55,2,-27.997734002922634,-28.411142045956844,-28.012229615760695,-31.648846766681096
600,5.0,-1.5,0.55,10,-28.05705199345613,-28.395475013336423,-27.988703274543283,-31.636061762135043
600,5.0,-1.5,0.85,-1,-27.948178091583312,-28.394833402726825,-28.057068630503604,-31.638472922122453
600,5.0,-1.5,0.85,2,-27.96138808147651,-28.40761973676649,-28.06243340607776,-31.634388867379094
600,5.0,-1.5,0.85,10,-28.004013285797118,-28.383232246633266,-28.040998523413165,-31.64261980498774
600,5.0,-1.0,0.1,-1,-28.531544077520216,-28.206698387947945,-27.421191598760807,-31.655695928125876
600,5.0,-1.0,0.1,2,-28.44234764242939,-28.22722525441586,-27.4637090963787,-31.6541543850797
600,5.0,-1.0,0.1,10,-28.529454442451843,-28.287675603732808,-27.511452913565716,-31.625509426240942
600,5.0,-1.0,0.55,-1,-28.72661940737156,-28.35626549354737,-27.65795862804023,-31.686188245919436
600,5.0,-1.0,0.55,2,-28.713110442628636,-28.38719705017382,-27.706372184414022,-31.686332679673384
600,5.0,-1.0,0.55,10,-28.76978867156124,-28.469654483524245,-27.758652339014127,-31.608894247504278
600,5.0,-1.0,0.85,-1,-28.701840527083213,-28.376216165034368,-27.723642173677057,-31.67616309167372
600,5.0,-1.0,0.85,2,-28.681823421910728,-28.40809714728323,-27.776041798400968,-31.672264345045946
600,5.0,-1.0,0.85,10,-28.804462550677528,-28.526541899682847,-27.843663257887677,-31.585479462348765
600,5.0,-0.5,0.1,-1,-29.226274550544936,-28.362609981815282,-27.088646003645465,-31.5628057094872
600,5.0,-0.5,0.1,2,-29.15063681220279,-28.49324217198501,-27.23165731645298,-31.57214255125957
600,5.0,-0.5,0.1,10,-29.198318792752623,-28.585639211636106,-27.324627904276767,-31.477465662182436
600,5.0,-0.5,0.55,-1,-29.329056512959735,-28.407568606390633,-27.351601564623866,-31.585964549014616
600,5.0,-0.5,0.55,2,-29.30348163361254,-28.56369809520958,-27.49936967599,-31.567500880458876
600,5.0,-0.5,0.55,10,-29.387933912953308,-28.72699828035962,-27.646292060680242,-31.39655791172666
600,5.0,-0.5,0.85,-1,-29.311355224032425,-28.384989413236028,-27.44418607222684,-31.592200890708703
600,5.0,-0.5,0.85,2,-29.27649353277993,-28.50514901342638,-27.573295349119753,-31.57905570192304
600,5.0,-0.5,0.85,10,-29.316644761911014,-28.78911594270371,-27.73330115986571,-31.34585383771405
600,5.0,-0.25,0.1,-1,-29.510471073538657,-28.487224465517194,-27.009972485595227,-31.48526154616661
600,5.0,-0.25,0.1,2,-29.395068026125173,-28.63484191104154,-27.159978464384963,-31.48622988619113
600,5.0,-0.25,0.1,10,-29.453219029707483,-28.759202850153276,-27.25492593174421,-31.346749288297083
600,5.0,-0.25,0.55,-1,-29.51913554686021,-28.475089644493625,-27.286765843762343,-31.51800809992045
600,5.0,-0.25,0.55,2,-29.507945726707234,-28.66874080690652,-27.449719832247563,-31.470941744038385
600,5.0,-0.25,0.55,10,-29.62009156278161,-28.913363638585757,-27.647441768405066,-31.173140805363314
600,5.0,-0.25,0.85,-1,-29.516765802039217,-28.453829847397945,-27.37942103314907,-31.532235607976787
600,5.0,-0.25,0.85,2,-29.509620938153592,-28.688556135043708,-27.561029089312594,-31.483055915461534
600,5.0,-0.25,0.85,10,-29.619495903717446,-28.903192085663978,-27.758252774023838,-31.195116971661378
600,5.0,+0.0,0.1,-1,-29.57826383697413,-28.609465951958114,-27.02645425669516,-31.428501494451883
600,5.0,+0.0,0.1,2,-29.572418407761244,-28.794316281385566,-27.135576671657414,-31.390477384845763
600,5.0,+0.0,0.1,10,-29.51367592108457,-28.944928932935213,-27.207290378025412,-31.200228244200833
600,5.0,+0.0,0.55,-1,-29.681991705397508,-28.54929800384304,-27.255768494925018,-31.450912261632165
600,5.0,+0.0,0.55,2,-29.70079579154673,-28.76548040390791,-27.427206267334142,-31.349391094127377
600,5.0,+0.0,0.55,10,-29.74052673155349,-28.980572323737942,-27.636212811339533,-31.01190007617045
600,5.0,+0.0,0.85,-1,-29.629694629133176,-28.503041283757284,-27.304804222749542,-31.451198046341734
600,5.0,+0.0,0.85,2,-29.64890036633552,-28.78009867333262,-27.519837417690706,-31.32256200408683
600,5.0,+0.0,0.85,10,-29.723048777000823,-28.98638678107041,-27.783873469385888,-30.9703875797368
600,5.0,+0.25,0.1,-1,-29.626653611369235,-28.681089816498123,-27.024640171602023,-31.358558309823387
600,5.0,+0.25,0.1,2,-29.664742225844233,-28.871721366296917,-27.157250849894737,-31.28677607758408
600,5.0,+0.25,0.1,10,-29.643642698571412,-29.090383180341426,-27.209408740070927,-31.118419855428726
600,5.0,+0.25,0.55,-1,-29.75618241700403,-28.59152357240411,-27.199867130376525,-31.36380349584019
600,5.0,+0.25,0.55,2,-29.792280712403848,-28.808614168248774,-27.425061394341487,-31.19619166210354
600,5.0,+0.25,0.55,10,-29.853324566642033,-29.025097380098146,-27.663734267721843,-30.862905730654173
600,5.0,+0.25,0.85,-1,-29.748642203324028,-28.58897010204071,-27.30330474460468,-31.388480215672374
600,5.0,+0.25,0.85,2,-29.763061925781685,-28.825585274406116,-27.52946924184527,-31.147530090200128
600,5.0,+0.25,0.85,10,-29.807098454220462,-28.994861101951344,-27.796850379095808,-30.787049469354848
600,5.0,+0.5,0.1,-1,-29.692689052598826,-28.73621750754291,-27.02168850060508,-31.29152255602932
600,5.0,+0.5,0.1,2,-29.63167745708047,-28.878472670143513,-27.1920327999659,-31.165540205199306
600,5.0,+0.5,0.1,10,-29.555039140004066,-29.083153017482836,-27.110565336502912,-30.992173605721014
600,5.0,+0.5,0.55,-1,-29.871023521004098,-28.624262967990333,-27.162097624230633,-31.281450499169434
600,5.0,+0.5,0.55,2,-29.84767449383913,-28.82110565761929,-27.48275805134018,-31.026970565638358
600,5.0,+0.5,0.55,10,-29.88396545840915,-29.002576974767564,-27.58043371520094,-30.73157840805701
600,5.0,+0.5,0.85,-1,-29.78995278956787,-28.623576669275785,-27.263504694838726,-31.303181725034722
600,5.0,+0.5,0.85,2,-29.818401099133695,-28.85053966737403,-27.60136089408558,-30.953386431086646
600,5.0,+0.5,0.85,10,-29.833202514360835,-28.977691212063274,-27.68869874843866,-30.644103824070758
600,5.0,+0.75,0.1,-1,-29.694201498423606,-28.75261041046936,-27.029349177980993,-31.22869042343687
600,5.0,+0.75,0.1,2,-29.696740916995697,-28.85649498931805,-27.27228407332307,-31.03762498872266
600,5.0,+0.75,0.1,10,-29.42963487662552,-29.096749343201267,-27.07418455621938,-30.908447635572365
600,5.0,+0.75,0.55,-1,-29.852560423073925,-28.633787715258418,-27.155998663635334,-31.20757118654739
600,5.0,+0.75,0.55,2,-29.82697199742124,-28.775438852340585,-27.559428456688106,-30.83652269201798
600,5.0,+0.75,0.55,10,-29.947829178708346,-28.950704944720837,-27.54204326930688,-30.589311824458363
600,5.0,+0.75,0.85,-1,-29.97567914271769,-28.64206587288574,-27.273086115321163,-31.23206826240559
600,5.0,+0.75,0.85,2,-29.831737659742515,-28.813833669629535,-27.66106505088031,-30.730210520099867
600,5.0,+0.75,0.85,10,-29.890862711815377,-28.9668700375542,-27.776317898084052,-30.478384656057106
600,5.0,+1.0,0.1,-1,-29.683508987582012,-28.764232267086513,-27.068998635829452,-31.179880642727174
600,5.0,+1.0,0.1,2,-29.66119656044001,-28.809926312320393,-27.370837108309107,-30.911791834755988
600,5.0,+1.0,0.1,10,-29.237758297717402,-29.09088940874865,-27.05018878316065,-30.831499462455376
600,5.0,+1.0,0.55,-1,-29.87225677352425,-28.622327590710533,-27.214468311877912,-31.14896574799488
600,5.0,+1.0,0.55,2,-29.799537332808438,-28.749291054029435,-27.64271314590701,-30.643851639872295
600,5.0,+1.0,0.55,10,-29.928768948805452,-28.923956340948543,-27.558925119528027,-30.49955257621583
600,5.0,+1.0,0.85,-1,-29.792330036377727,-28.634225005910565,-27.320605526575022,-31.167642382303413
600,5.0,+1.0,0.85,2,-29.784891050837004,-28.795976675534792,-27.800108224657883,-30.55964674504967
600,5.0,+1.0,0.85,10,-29.970485113097453,-28.89324146338148,-27.79651403727563,-30.293712298066477
600,5.25,-2.5,0.1,-1,-26.645858429660475,-28.269852384592028,-28.186581464696108,-31.37138278001909
600,5.25,-2.5,0.1,2,-26.63037300629064,-28.26287508539286,-28.19961490967382,-31.37442219808952
600,5.25,-2.5,0.1,10,-26.63462469304347,-28.229674077127868,-28.19453564911094,-31.378574600310813
600,5.25,-2.5,0.55,-1,-26.739412343878378,-28.41246788829606,-28.251716526426932,-31.405843884150823
600,5.25,-2.5,0.55,2,-26.720577473180633,-28.39859589798543,-28.25303689080945,-31.4053902444971
600,5.25,-2.5,0.55,10,-26.768838918361986,-28.384219844072128,-28.240339252044883,-31.409625818504065
600,5.25,-2.5,0.85,-1,-26.83204856741702,-28.4879272938402,-28.325334021135532,-31.429984180477547
600,5.25,-2.5,0.85,2,-26.852472299202944,-28.49925960825678,-28.326578455807365,-31.42983944838368
600,5.25,-2.5,0.85,10,-26.83657316785769,-28.453984682276552,-28.320853352627324,-31.441273256322575
600,5.25,-2.0,0.1,-1,-27.036900564465856,-28.183762532948762,-28.101433055541648,-31.45618746483575
600,5.25,-2.0,0.1,2,-27.005107825059316,-28.166573528385186,-28.10349291728112,-31.454342571055733
600,5.25,-2.0,0.1,10,-27.03316300055623,-28.12801252205215,-28.084457209703153,-31.45721449806475
600,5.25,-2.0,0.55,-1,-27.141079540871562,-28.379806598439874,-28.210446629763794,-31.496896754002073
600,5.25,-2.0,0.55,2,-27.140894376826772,-28.379987152890426,-28.21097465687933,-31.496862775731298
600,5.25,-2.0,0.55,10,-27.16142869535038,-28.327790811860936,-28.19203988464721,-31.5061882703078
600,5.25,-2.0,0.85,-1,-27.18833297724945,-28.43350262459586,-28.269619149353776,-31.51622233555559
600,5.25,-2.0,0.85,2,-27.208617805435363,-28.46161789160286,-28.265220648308503,-31.50790988780492
600,5.25,-2.0,0.85,10,-27.243761076063358,-28.40692379451546,-28.259474845079605,-31.53118930806106
600,5.25,-1.5,0.1,-1,-27.561933717862477,-28.098456526347686,-27.88212875032962,-31.580087948496498
600,5.25,-1.5,0.1,2,-27.575315349857334,-28.100374307796532,-27.878010551362628,-31.57635902824934
600,5.25,-1.5,0.1,10,-27.636993148417865,-28.10642884344404,-27.83605340403062,-31.58079933554152
600,5.25,-1.5,0.55,-1,-27.801926255367384,-28.34212493178554,-28.019130146501606,-31.61366013824559
600,5.25,-1.5,0.55,2,-27.78181155420812,-28.330313064338885,-28.033635720624275,-31.612261468760217
600,5.25,-1.5,0.55,10,-27.84117156472986,-28.310304875492925,-27.9858500117426,-31.62131282368363
600,5.25,-1.5,0.85,-1,-27.715091301887142,-28.362281594327193,-28.05924192532639,-31.610398630428232
600,5.25,-1.5,0.85,2,-27.750988088483922,-28.398252714440503,-28.085761197626642,-31.62102162479634
600,5.25,-1.5,0.85,10,-27.82991058135064,-28.381139632679652,-28.049858754680894,-31.63203235477028
600,5.25,-1.0,0.1,-1,-28.370207212680484,-28.192273722207197,-27.48763944390186,-31.651836661698347
600,5.25,-1.0,0.1,2,-28.353047880351923,-28.202962870980368,-27.501145057603832,-31.64810429198953
600,5.25,-1.0,0.1,10,-28.399125219449843,-28.242054532265715,-27.51056064221224,-31.627132821375135
600,5.25,-1.0,0.55,-1,-28.546185530025237,-28.358114496015844,-27.697127273704375,-31.682420016523682
600,5.25,-1.0,0.55,2,-28.529638108703672,-28.363423082046836,-27.705052583381324,-31.67632510904469
600,5.25,-1.0,0.55,10,-28.605883867214423,-28.425024065937208,-27.742782193296325,-31.629795997595238
600,5.25,-1.0,0.85,-1,-28.563347810875047,-28.398031976801796,-27.782103099624223,-31.681903963477946
600,5.25,-1.0,0.85,2,-28.544153537517918,-28.423535879466904,-27.822393449319378,-31.681111868765896
600,5.25,-1.0,0.85,10,-28.661996365537416,-28.473282084956843,-27.829714153927824,-31.610660223730513
600,5.25,-0.5,0.1,-1,-29.099434856596055,-28.327292868468213,-27.105859457144618,-31.5971579584208
600,5.25,-0.5,0.1,2,-28.963138346181516,-28.398161253243277,-27.1835826866933,-31.60351109453444
600,5.25,-0.5,0.1,10,-28.990019005007728,-28.520464591202085,-27.28795361892648,-31.522336433106297
600,5.25,-0.5,0.55,-1,-29.215887010159754,-28.3746200842777,-27.3629737950821,-31.61732480412514
600,5.25,-0.5,0.55,2,-29.186125512250655,-28.461495982292902,-27.4611058207728,-31.613675562990803
600,5.25,-0.5,0.55,10,-29.29514133420717,-28.64937819443007,-27.5777392988957,-31.45836035613176
600,5.25,-0.5,0.85,-1,-29.256422477093153,-28.379433843833468,-27.418063275094102,-31.608784919197532
600,5.25,-0.5,0.85,2,-29.23164294635129,-28.499175774567927,-27.52601386705186,-31.60001339863736
600,5.25,-0.5,0.85,10,-29.341860761382456,-28.701211859709108,-27.68982840551147,-31.408217312988
600,5.25,-0.25,0.1,-1,-29.40214932552248,-28.429717423353544,-26.981508695469877,-31.513819506147392
600,5.25,-0.25,0.1,2,-29.338868150001613,-28.53812815591445,-27.10017687078842,-31.52906794330983
600,5.25,-0.25,0.1,10,-29.385717723871533,-28.68570705157762,-27.217907600388116,-31.402522383632707
600,5.25,-0.25,0.55,-1,-29.458715149112088,-28.45458435705751,-27.283037007119127,-31.556801750447182
600,5.25,-0.25,0.55,2,-29.453818124902824,-28.646859337945287,-27.43007028696461,-31.529428597763925
600,5.25,-0.25,0.55,10,-29.549386126255893,-28.823851338764797,-27.580424446318467,-31.318109660436704
600,5.25,-0.25,0.85,-1,-29.431294726125472,-28.41110114436399,-27.34390375859605,-31.55440404448722
600,5.25,-0.25,0.85,2,-29.430318001983697,-28.586002340741867,-27.46194224552308,-31.522323049167106
600,5.25,-0.25,0.85,10,-29.53002696221973,-28.819305107091626,-27.65879354583939,-31.27730691127524
600,5.25,+0.0,0.1,-1,-29.508479907120837,-28.569315361794846,-27.0069717566837,-31.46630516327867
600,5.25,+0.0,0.1,2,-29.518995044376723,-28.72704538962436,-27.07062666685728,-31.426979675115167
600,5.25,+0.0,0.1,10,-29.567319973192447,-28.851632498035478,-27.161195152216035,-31.26959334848579
600,5.25,+0.0,0.55,-1,-29.59095167437717,-28.512757108667024,-27.24011767113378,-31.489398966493653
600,5.25,+0.0,0.55,2,-29.623210933817653,-28.761793505390834,-27.377843166130557,-31.396386336843317
600,5.25,+0.0,0.55,10,-29.68783430962302,-28.957552111155724,-27.58322146243718,-31.111655201106476
600,5.25,+0.0,0.85,-1,-29.573399579654126,-28.466638805925864,-27.319919131758475,-31.498016252139756
600,5.25,+0.0,0.85,2,-29.58441351973628,-28.692573883941925,-27.446005852245854,-31.43115484975562
600,5.25,+0.0,0.85,10,-29.686522434653938,-28.940309466514265,-27.6612401301446,-31.106447779527002
600,5.25,+0.25,0.1,-1,-29.577492932251893,-28.64836516090928,-26.996991415138204,-31.394171197458117
600,5.25,+0.25,0.1,2,-29.633569912533705,-28.858983699350883,-27.069034781571975,-31.3218547632319
600,5.25,+0.25,0.1,10,-29.655105457744142,-28.978980387482338,-27.15648760606952,-31.151344739550872
600,5.25,+0.25,0.55,-1,-29.723623819343857,-28.592715153627303,-27.204128110972412,-31.414985660586986
600,5.25,+0.25,0.55,2,-29.761983230103528,-28.824873731648317,-27.346129901941325,-31.23130643686052
600,5.25,+0.25,0.55,10,-29.82762836420028,-28.999065014339998,-27.570558571228712,-30.94439931645413
600,5.25,+0.25,0.85,-1,-29.680563164387728,-28.538717355905913,-27.27448563221285,-31.423697727284864
600,5.25,+0.25,0.85,2,-29.701043216437995,-28.811262692213138,-27.43249457236797,-31.294863181792675
600,5.25,+0.25,0.85,10,-29.801418684473617,-29.01511827369444,-27.67839905333874,-30.923640011099053
600,5.25,+0.5,0.1,-1,-29.65939124703271,-28.727023443971266,-27.00114216744108,-31.331762647118055
600,5.25,+0.5,0.1,2,-29.72955505702242,-28.946643240276217,-27.1015728417997,-31.202771741713896
600,5.25,+0.5,0.1,10,-29.5552779598448,-29.133221691531432,-27.141433078812103,-31.08898075950887
600,5.25,+0.5,0.55,-1,-29.83644173553276,-28.630366376889857,-27.158302995975767,-31.3318009157678
600,5.25,+0.5,0.55,2,-29.870181015525326,-28.876785390938487,-27.390166504330868,-31.047900437961257
600,5.25,+0.5,0.55,10,-29.875842879991502,-29.026496685320865,-27.578824863124364,-30.813892413576358
600,5.25,+0.5,0.85,-1,-29.74696345014828,-28.600128631208133,-27.24011993665648,-31.345864631718918
600,5.25,+0.5,0.85,2,-29.766995831112556,-28.831028845784328,-27.426090576955005,-31.15374177506347
600,5.25,+0.5,0.85,10,-29.858726053609978,-29.00817738611159,-27.718059129205066,-30.716657601908437
600,5.25,+0.75,0.1,-1,-29.6839892548774,-28.754503941065487,-26.992594782872676,-31.263422585634682
600,5.25,+0.75,0.1,2,-29.73275376254131,-28.93044593445002,-27.15935729382105,-31.058798126705234
600,5.25,+0.75,0.1,10,-29.460287143883086,-29.10039763114307,-27.004235486723754,-30.953904511860827
600,5.25,+0.75,0.55,-1,-29.823246936249475,-28.659148307324237,-27.11430912798236,-31.24613918055044
600,5.25,+0.75,0.55,2,-29.877809399399666,-28.870180793362596,-27.44236041432128,-30.832569522191488
600,5.25,+0.75,0.55,10,-29.92550555840307,-29.017493563177993,-27.499617145009516,-30.699998186836318
600,5.25,+0.75,0.85,-1,-29.781788465516208,-28.647689841032033,-27.208497926813,-31.26371456414801
600,5.25,+0.75,0.85,2,-29.743399403162268,-28.786773617847736,-27.424365219739858,-30.994772302062046
600,5.25,+0.75,0.85,10,-29.882476741704846,-28.96108237084701,-27.64473273129868,-30.576111714062044
600,5.25,+1.0,0.1,-1,-29.697020743587387,-28.762405279933397,-26.996885074341602,-31.20255275661522
600,5.25,+1.0,0.1,2,-29.71744776655825,-28.894131914912023,-27.24793704591372,-30.92749557128634
600,5.25,+1.0,0.1,10,-29.34555077669001,-29.1120904483739,-26.92406423290906,-30.86800595521437
600,5.25,+1.0,0.55,-1,-29.858191750384393,-28.655131703555384,-27.122555294801813,-31.176411851406613
600,5.25,+1.0,0.55,2,-29.851704412738933,-28.821905414781313,-27.560567152225932,-30.6656744452097
600,5.25,+1.0,0.55,10,-29.90048915650914,-28.937340192131256,-27.458572069543365,-30.557276705557364
600,5.25,+1.0,0.85,-1,-29.7913270349897,-28.67439588401295,-27.22395166512005,-31.191864050202014
600,5.25,+1.0,0.85,2,-29.76265784915999,-28.755488021140803,-27.551013748636755,-30.841841808906597
600,5.25,+1.0,0.85,10,-29.898849085146125,-28.905348226791578,-27.68965468484389,-30.420701252773373
650,3.5,-2.5,0.1,-1,-28.198452310722995,-28.834472909588893,-28.68999901236725,-31.800980083818352
650,3.5,-2.5,0.1,2,-28.20158821815699,-28.84287454445522,-28.70112499681221,-31.79932740830033
650,3.5,-2.5,0.1,10,-28.19292266078149,-28.810594872000536,-28.706955253362878,-31.800269590975645
650,3.5,-2.5,0.55,-1,-28.340588642757766,-29.040922333281372,-28.809662815654733,-31.8403046917903
650,3.5,-2.5,0.55,2,-28.327941431963943,-29.043475390084694,-28.822508270085336,-31.841293116383408
650,3.5,-2.5,0.55,10,-28.34963605792765,-29.024322038795212,-28.82873222467559,-31.83410665393241
650,3.5,-2.5,0.85,-1,-28.330974921584012,-29.048319991664794,-28.831281571034925,-31.83729777157793
650,3.5,-2.5,0.85,2,-28.32440279342237,-29.051641570154516,-28.842263785714287,-31.83671821350846
650,3.5,-2.5,0.85,10,-28.352814902190303,-29.039488453197556,-28.842125487925042,-31.837870923650236
650,3.5,-2.0,0.1,-1,-28.678531480352195,-28.73445855258148,-28.43058142096007,-31.867151860750727
650,3.5,-2.0,0.1,2,-28.655863435532012,-28.76493073239019,-28.51012831049112,-31.865090820529367
650,3.5,-2.0,0.1,10,-28.66477256006465,-28.788372430244777,-28.538243127846524,-31.854646732925843
650,3.5,-2.0,0.55,-1,-28.84004486094293,-28.925232212096518,-28.607501477350795,-31.897895216147
650,3.5,-2.0,0.55,2,-28.81585812072821,-28.96442040863745,-28.676494416816762,-31.89595488876708
650,3.5,-2.0,0.55,10,-28.826710479309927,-28.97367789185636,-28.72031660572111,-31.871784668942794
650,3.5,-2.0,0.85,-1,-28.871416262499565,-28.993935004863594,-28.649933195451204,-31.891754996344226
650,3.5,-2.0,0.85,2,-28.85030066027784,-29.001798022030606,-28.692597194884648,-31.890428135578617
650,3.5,-2.0,0.85,10,-28.873279178814606,-29.039137544405776,-28.754820356961105,-31.853901145239192
650,3.5,-1.5,0.1,-1,-29.316910032313682,-28.758602539597685,-28.106783014097836,-31.85326670780863
650,3.5,-1.5,0.1,2,-29.205062230708975,-28.794179228291586,-28.28773156492973,-31.8530014870733
650,3.5,-1.5,0.1,10,-29.20594825182475,-28.89011043524967,-28.401998714377612,-31.779281238420577
650,3.5,-1.5,0.55,-1,-29.442626339729078,-28.878789094555756,-28.320380752514286,-31.86112140568219
650,3.5,-1.5,0.55,2,-29.350496406060508,-28.92446261028953,-28.497582465561987,-31.86125655359539
650,3.5,-1.5,0.55,10,-29.434724999885425,-29.087727287985427,-28.63558145719618,-31.71498895979483
650,3.5,-1.5,0.85,-1,-29.430808258359157,-28.905359920498167,-28.404813690379207,-31.860741071427768
650,3.5,-1.5,0.85,2,-29.336897475425026,-28.958981766475567,-28.591137107218145,-31.855962677359607
650,3.5,-1.5,0.85,10,-29.390737250688538,-29.10274434139326,-28.725301618157793,-31.773099427883675
650,3.5,-1.0,0.1,-1,-29.75710826871785,-28.913831733164916,-27.872178703049897,-31.763337039541195
650,3.5,-1.0,0.1,2,-29.654612182088343,-29.01228902707959,-28.171704650914933,-31.76849477846936
650,3.5,-1.0,0.1,10,-29.6535592421763,-29.103972572036053,-28.279387242681672,-31.619387928924887
650,3.5,-1.0,0.55,-1,-29.878911522884017,-28.937010226002457,-28.125503681051512,-31.755991915893617
650,3.5,-1.0,0.55,2,-29.774909244923315,-29.038493449819967,-28.40942392658999,-31.732153568072043
650,3.5,-1.0,0.55,10,-29.87151106969184,-29.243115907463633,-28.604153803736043,-31.456371187426768
650,3.5,-1.0,0.85,-1,-29.881786757603763,-28.92201732607438,-28.198608287573613,-31.749289823943133
650,3.5,-1.0,0.85,2,-29.766851675560765,-29.00260332182323,-28.438068953636826,-31.732331350430396
650,3.5,-1.0,0.85,10,-29.856819989209317,-29.27744612275989,-28.720307928362292,-31.402229652977777
650,3.5,-0.5,0.1,-1,-30.068398784387995,-29.025204692789757,-27.771011470751287,-31.59771756530474
650,3.5,-0.5,0.1,2,-29.90374079758375,-29.098430554501782,-28.10983601605149,-31.589117659309842
650,3.5,-0.5,0.1,10,-29.870029739346492,-29.241601293568138,-28.183686808690062,-31.39302177089259
650,3.5,-0.5,0.55,-1,-30.25554704403337,-28.916560951742767,-27.9426584085969,-31.564678913723462
650,3.5,-0.5,0.55,2,-30.108916562572997,-29.031022352427776,-28.312399093151832,-31.516523828744095
650,3.5,-0.5,0.55,10,-30.159183870976037,-29.295494917247225,-28.563582746077337,-31.1353958061474
650,3.5,-0.5,0.85,-1,-30.11253495265308,-29.011695095255362,-28.173676904113023,-31.620215629917055
650,3.5,-0.5,0.85,2,-30.035243742662683,-29.09447832105259,-28.44293552291513,-31.50461373184596
650,3.5,-0.5,0.85,10,-30.12805875940461,-29.343116959563726,-28.716549904614265,-31.068480933367347
650,3.5,-0.25,0.1,-1,-30.123242833494576,-29.048535846010616,-27.76839831358727,-31.520688655909467
650,3.5,-0.25,0.1,2,-29.997811498450112,-29.082048958718868,-28.11179925226828,-31.491127115016443
650,3.5,-0.25,0.1,10,-29.83569432599139,-29.290466643477945,-28.171097950190287,-31.30439496899846
650,3.5,-0.25,0.55,-1,-30.37614842697325,-28.93505548321159,-27.96493551390682,-31.492604844796197
650,3.5,-0.25,0.55,2,-30.21051883876226,-28.99621778045897,-28.294304125839048,-31.399412107500755
650,3.5,-0.25,0.55,10,-30.187666549291073,-29.28907166052548,-28.56237112823171,-31.002426321092294
650,3.5,-0.25,0.85,-1,-30.140799739200027,-28.993686566596665,-28.165623486108515,-31.543560741745168
650,3.5,-0.25,0.85,2,-30.127290726404183,-29.082262790781265,-28.455575524523265,-31.36430421154724
650,3.5,-0.25,0.85,10,-30.169248082905998,-29.35190681402944,-28.753170786606212,-30.909386405356358
650,3.5,+0.0,0.1,-1,-30.08281719660853,-29.07516120115078,-27.85494571746153,-31.474854285480916
650,3.5,+0.0,0.1,2,-29.999804087529533,-29.03102891600205,-28.124583793458086,-31.388445540041225
650,3.5,+0.0,0.1,10,-29.753909957253985,-29.318181531219437,-28.132551568960547,-31.222495026361692
650,3.5,+0.0,0.55,-1,-30.270627017971176,-28.984010329094623,-28.095025263027686,-31.46134247711638
650,3.5,+0.0,0.55,2,-30.21480794893035,-29.034581785068497,-28.361104612377176,-31.266703705713994
650,3.5,+0.0,0.55,10,-30.194379315614267,-29.283747194637254,-28.53187788372257,-30.901842055633484
650,3.5,+0.0,0.85,-1,-30.342706835861996,-29.004342629651706,-28.189145815567823,-31.465899532903293
650,3.5,+0.0,0.85,2,-30.23028071220011,-29.108356466361588,-28.482522052308784,-31.185976391271886
650,3.5,+0.0,0.85,10,-30.174461527671355,-29.335555696677183,-28.789911898605503,-30.768286693589477
650,3.5,+0.25,0.1,-1,-30.011775935644586,-29.05347877735357,-27.9641356494437,-31.433244620048203
650,3.5,+0.25,0.1,2,-29.984708473517028,-29.00487485575173,-28.180999641455998,-31.277182060296948
650,3.5,+0.25,0.1,10,-29.445046154116724,-29.322953184394812,-28.001183326518877,-31.118362459232554
650,3.5,+0.25,0.55,-1,-30.296369724582814,-28.965154501133746,-28.168468088665968,-31.398176614489024
650,3.5,+0.25,0.55,2,-30.321439393786314,-29.046106212147834,-28.37559929336053,-31.08620043087609
650,3.5,+0.25,0.55,10,-30.188346456547652,-29.25785631806638,-28.5254485319653,-30.791235577294636
650,3.5,+0.25,0.85,-1,-30.20226850328937,-29.05303344640814,-28.281237977596984,-31.402843323228943
650,3.5,+0.25,0.85,2,-30.184859358885227,-29.111081929411505,-28.59532396543991,-31.020707251210272
650,3.5,+0.25,0.85,10,-30.20110793075292,-29.36665107341136,-28.89513416510974,-30.618892241942742
650,3.5,+0.5,0.1,-1,-29.95313497857936,-29.0246994434929,-28.020035323132223,-31.37428905863239
650,3.5,+0.5,0.1,2,-29.942324526915442,-29.00406582912464,-28.23725290366764,-31.1519516231203
650,3.5,+0.5,0.1,10,-29.291874746947112,-29.293361010968884,-27.99511452758668,-31.031924138291117
650,3.5,+0.5,0.55,-1,-30.37054115282401,-28.934746219029726,-28.20055973169704,-31.311055379616086
650,3.5,+0.5,0.55,2,-30.375487266578975,-28.985716535609455,-28.454176059250493,-30.93034548370109
650,3.5,+0.5,0.55,10,-30.140688698189,-29.22976814493262,-28.51360757010372,-30.69346895663041
650,3.5,+0.5,0.85,-1,-30.24235595801789,-29.10407939178643,-28.331892061894457,-31.317341169099056
650,3.5,+0.5,0.85,2,-30.222506972366944,-29.140939688388645,-28.709566309436116,-30.853201159743247
650,3.5,+0.5,0.85,10,-30.221695923171946,-29.314331361331384,-28.974438960206616,-30.36448969054309
650,3.5,+0.75,0.1,-1,-29.852763742058833,-29.012749559433004,-28.085137335830026,-31.318610873733682
650,3.5,+0.75,0.1,2,-29.84829023993164,-28.98804185290579,-28.278940013381522,-31.059201528764785
650,3.5,+0.75,0.1,10,-29.06418020301985,-29.189485338968673,-27.975687263647,-30.947439022379175
650,3.5,+0.75,0.55,-1,-30.128474643263733,-28.96310117368154,-28.27175278503461,-31.234767420492318
650,3.5,+0.75,0.55,2,-30.072117836302844,-28.95658295586469,-28.547519032416165,-30.788797106683084
650,3.5,+0.75,0.55,10,-30.058569047855066,-29.225590805525847,-28.514918407724824,-30.631476381244234
650,3.5,+0.75,0.85,-1,-30.237736210833205,-29.16358539207775,-28.4039196743306,-31.247551795548908
650,3.5,+0.75,0.85,2,-30.230985034605457,-29.189460710393345,-28.604351499175195,-30.971986343445934
650,3.5,+0.75,0.85,10,-30.22650428989566,-29.3338395639981,-29.128054373099207,-30.231307314476048
650,3.5,+1.0,0.1,-1,-29.756650474875865,-28.977047208933186,-28.18964739074037,-31.276487865194255
650,3.5,+1.0,0.1,2,-29.731642883827256,-29.00521215263044,-28.331999203875988,-31.002049138440203
650,3.5,+1.0,0.1,10,-28.967488248147735,-29.137561128912207,-27.967747135445045,-30.871306159246302
650,3.5,+1.0,0.55,-1,-30.080292489821552,-28.965285795450114,-28.321996334411168,-31.16069955340049
650,3.5,+1.0,0.55,2,-30.0995730218113,-28.980720371026596,-28.62696863722956,-30.676974759858226
650,3.5,+1.0,0.55,10,-29.97543265852029,-29.221331667636314,-28.534816468112293,-30.558993758602856
650,3.5,+1.0,0.85,-1,-30.53138960967445,-29.24863501713178,-28.39548074854656,-31.14790211176144
650,3.5,+1.0,0.85,2,-30.483636101143293,-29.20073852643039,-28.859200402075228,-30.59149138106048
650,3.5,+1.0,0.85,10,-30.103207779028367,-29.27448939759517,-29.270794980605444,-30.074506425113707
650,4.0,-2.5,0.1,-1,-28.03670749657533,-28.875596780654696,-28.733832525106454,-31.780285908883243
650,4.0,-2.5,0.1,2,-28.024950827845103,-28.869156604583072,-28.73900826363968,-31.779841126986256
650,4.0,-2.5,0.1,10,-28.04761179211798,-28.85444227063774,-28.735746250321334,-31.78443581017849
650,4.0,-2.5,0.55,-1,-28.166822860948407,-29.097077633881135,-28.84420116232336,-31.819103364976648
650,4.0,-2.5,0.55,2,-28.15130218403312,-29.084024302107622,-28.855282670473873,-31.820191205803546
650,4.0,-2.5,0.55,10,-28.19325124142988,-29.06160835608152,-28.834922813873362,-31.82190524011152
650,4.0,-2.5,0.85,-1,-28.20224990609863,-29.129246100963503,-28.870980111532724,-31.818500650757816
650,4.0,-2.5,0.85,2,-28.178638704243074,-29.113991789622,-28.87873575766989,-31.817593555771474
650,4.0,-2.5,0.85,10,-28.220488509947373,-29.074674993619563,-28.857386418593084,-31.8185687581188
650,4.0,-2.0,0.1,-1,-28.524344102286538,-28.785307046500538,-28.507680581676873,-31.86080413398072
650,4.0,-2.0,0.1,2,-28.51165673255553,-28.782979956562293,-28.524014361698956,-31.857665420563986
650,4.0,-2.0,0.1,10,-28.51231054784588,-28.77032291788868,-28.550056814703662,-31.847937445141806
650,4.0,-2.0,0.55,-1,-28.68846472572414,-28.99683849299238,-28.674030365388703,-31.89462727578038
650,4.0,-2.0,0.55,2,-28.68380908212297,-29.0112204117719,-28.69906733117159,-31.89522691327094
650,4.0,-2.0,0.55,10,-28.71494130324212,-29.00794552358431,-28.709907355235686,-31.874315436475804
650,4.0,-2.0,0.85,-1,-28.68604310591218,-29.07044692404638,-28.71669656800161,-31.899810266173446
650,4.0,-2.0,0.85,2,-28.66189819725818,-29.050254501554413,-28.729166187809348,-31.896077258605434
650,4.0,-2.0,0.85,10,-28.69045258018982,-29.043086564124195,-28.740578145688772,-31.89136253885016
650,4.0,-1.5,0.1,-1,-29.091765051517513,-28.747166942010743,-28.15893849849528,-31.883511322900866
650,4.0,-1.5,0.1,2,-29.056743959022082,-28.773486542311616,-28.244103774966838,-31.88572162233454
650,4.0,-1.5,0.1,10,-29.05629365770284,-28.852086139998065,-28.329846697580678,-31.853345225524198
650,4.0,-1.5,0.55,-1,-29.261781347002994,-28.926958869573042,-28.35278912129243,-31.907875102833813
650,4.0,-1.5,0.55,2,-29.215750745565913,-28.990790056872836,-28.48128042311213,-31.90827583121802
650,4.0,-1.5,0.55,10,-29.244867148849064,-29.04075257502397,-28.54360486999734,-31.84092086969624
650,4.0,-1.5,0.85,-1,-29.30126011654012,-28.948828706722498,-28.4232870632863,-31.893890949806686
650,4.0,-1.5,0.85,2,-29.255349398247272,-28.990727596722458,-28.512535862066784,-31.895570997881492
650,4.0,-1.5,0.85,10,-29.31983514720139,-29.08410708434685,-28.60665985407548,-31.79194303574959
650,4.0,-1.0,0.1,-1,-29.66489486568308,-28.8589687125406,-27.82424438294869,-31.812504052838626
650,4.0,-1.0,0.1,2,-29.562561476513668,-28.93480826619435,-28.058229404887236,-31.822517550350806
650,4.0,-1.0,0.1,10,-29.596475849403653,-29.053836578133524,-28.18430810709426,-31.747926700653313
650,4.0,-1.0,0.55,-1,-29.80132459778181,-28.90840838298312,-28.07615315300069,-31.81451943269876
650,4.0,-1.0,0.55,2,-29.72337708469564,-29.006260447110265,-28.285769219111366,-31.80657885404452
650,4.0,-1.0,0.55,10,-29.83175705387849,-29.212626039550248,-28.45454574575453,-31.551098913870646
650,4.0,-1.0,0.85,-1,-29.7935875439493,-28.939489320013536,-28.18971860904074,-31.82396951613974
650,4.0,-1.0,0.85,2,-29.692868657623592,-29.040120986648258,-28.38475409161376,-31.805951038092406
650,4.0,-1.0,0.85,10,-29.787244253241177,-29.229343798267962,-28.54889236621498,-31.594122314419447
650,4.0,-0.5,0.1,-1,-30.060998930288356,-29.038322996556158,-27.670530950839595,-31.658855660824244
650,4.0,-0.5,0.1,2,-29.944279442669007,-29.11919106687977,-27.934149803333955,-31.660226483988936
650,4.0,-0.5,0.1,10,-29.837775244117534,-29.26043147832351,-28.038115732939822,-31.469451062917205
650,4.0,-0.5,0.55,-1,-30.14220585537032,-29.01365189276499,-27.945810139109845,-31.671177347499476
650,4.0,-0.5,0.55,2,-30.060720175790145,-29.06895405905576,-28.172070101335475,-31.616899813165983
650,4.0,-0.5,0.55,10,-30.1299778960365,-29.34440325866425,-28.427956093334164,-31.259092995017568
650,4.0,-0.5,0.85,-1,-30.114654059394496,-29.015694375983987,-28.06283415819764,-31.686683419999454
650,4.0,-0.5,0.85,2,-29.9146313266847,-29.103544071329193,-28.2814756307183,-31.61796104756114
650,4.0,-0.5,0.85,10,-30.108645126395878,-29.38383743297759,-28.570024567131327,-31.196199804390268
650,4.0,-0.25,0.1,-1,-30.089135801260753,-29.117441321013708,-27.697630608027556,-31.599873039584608
650,4.0,-0.25,0.1,2,-30.0482138145361,-29.157585302901552,-27.936654194505767,-31.56956978840242
650,4.0,-0.25,0.1,10,-29.91530817150361,-29.344981942931987,-27.998782477724525,-31.374746586648975
650,4.0,-0.25,0.55,-1,-30.24104135572559,-29.050527316415753,-27.93077983391301,-31.598217350246717
650,4.0,-0.25,0.55,2,-30.174144204098248,-29.092347400501573,-28.180990919890952,-31.522883025563047
650,4.0,-0.25,0.55,10,-30.237551730892868,-29.348979818273385,-28.41688948891932,-31.102099171586445
650,4.0,-0.25,0.85,-1,-30.20748291475992,-29.051825918944676,-28.025023283999957,-31.607731974233392
650,4.0,-0.25,0.85,2,-30.12757719582625,-29.12595867773707,-28.280349716722665,-31.51719715635626
650,4.0,-0.25,0.85,10,-30.187958610655873,-29.426550317977366,-28.62447692557739,-31.05451018985551
650,4.0,+0.0,0.1,-1,-30.11043769614002,-29.14339783691141,-27.721975322298235,-31.53429272038477
650,4.0,+0.0,0.1,2,-30.08824055576936,-29.148112080240622,-27.949406499863837,-31.477288716999503
650,4.0,+0.0,0.1,10,-29.849179454887246,-29.383608981088074,-27.952882143968466,-31.28444568127877
650,4.0,+0.0,0.55,-1,-30.346016103028873,-29.075331775129353,-27.942664731158565,-31.52857995220867
650,4.0,+0.0,0.55,2,-30.29270550116572,-29.05187956954962,-28.158288449899366,-31.413468525160923
650,4.0,+0.0,0.55,10,-30.287636738019078,-29.334788870046747,-28.366122003125284,-30.96973873014544
650,4.0,+0.0,0.85,-1,-30.19322039272143,-29.066502490910516,-28.03938240340774,-31.53612002177195
650,4.0,+0.0,0.85,2,-30.151115298481944,-29.116207135168896,-28.29916480333745,-31.407094417225295
650,4.0,+0.0,0.85,10,-30.215825226406892,-29.390124699170354,-28.590471394145073,-30.899021759229186
650,4.0,+0.25,0.1,-1,-30.11951149911381,-29.163022047976654,-27.7769854968974,-31.47995450410038
650,4.0,+0.25,0.1,2,-30.060794976041297,-29.111479928059847,-28.00904617757183,-31.40143832938545
650,4.0,+0.25,0.1,10,-29.702483753359488,-29.415093368234608,-27.93750222346008,-31.204134295968537
650,4.0,+0.25,0.55,-1,-30.477467957620107,-29.058191724649923,-27.953742530292335,-31.446428143312318
650,4.0,+0.25,0.55,2,-30.363700129844553,-29.02298132648873,-28.17071602558791,-31.300425700342345
650,4.0,+0.25,0.55,10,-30.33069079505202,-29.35382665001039,-28.418950311390923,-30.867944790609066
650,4.0,+0.25,0.85,-1,-30.258095978847088,-29.054471690750162,-28.09939302978702,-31.46805655233639
650,4.0,+0.25,0.85,2,-30.247328362630782,-29.108195171285818,-28.33284522128986,-31.256552184461555
650,4.0,+0.25,0.85,10,-30.246935388083124,-29.37831101192037,-28.62099479398575,-30.734162452634344
650,4.0,+0.5,0.1,-1,-30.05073572654181,-29.120829997285156,-27.850999388040062,-31.426977661110627
650,4.0,+0.5,0.1,2,-30.026363338411887,-29.083332541520623,-28.07033314865199,-31.318347725238098
650,4.0,+0.5,0.1,10,-29.55601231278225,-29.410735162396776,-27.922446036039304,-31.127409098117095
650,4.0,+0.5,0.55,-1,-30.488806874315358,-29.02650524418833,-28.023663264101458,-31.379585876684267
650,4.0,+0.5,0.55,2,-30.44342858067287,-29.058176039236642,-28.236395255600485,-31.150626898855034
650,4.0,+0.5,0.55,10,-30.269031508621445,-29.283073694852185,-28.35881362711262,-30.766285095792036
650,4.0,+0.5,0.85,-1,-30.417189563024174,-29.068506734936676,-28.175540679331416,-31.406012624902605
650,4.0,+0.5,0.85,2,-30.421045076970046,-29.15611992522374,-28.388501017583565,-31.073319851894446
650,4.0,+0.5,0.85,10,-30.267678912481003,-29.382775563210362,-28.713227262691547,-30.57679881539275
650,4.0,+0.75,0.1,-1,-30.003538568138907,-29.114233367022525,-27.95186331772216,-31.38824012399935
650,4.0,+0.75,0.1,2,-29.998787674596077,-29.087214866170296,-28.143627210656756,-31.204255898468524
650,4.0,+0.75,0.1,10,-29.38504894317829,-29.36419386907829,-27.913219353891105,-31.044960657224593
650,4.0,+0.75,0.55,-1,-30.512314139948955,-29.03108731509057,-28.098799550329613,-31.31495824573974
650,4.0,+0.75,0.55,2,-30.528473772843338,-29.08026418344234,-28.292891040320885,-30.98105576597545
650,4.0,+0.75,0.55,10,-30.153258635524367,-29.331258237930577,-28.356585628832764,-30.711990724401872
650,4.0,+0.75,0.85,-1,-30.485229635469576,-29.102093650467907,-28.244779429399735,-31.32821317796064
650,4.0,+0.75,0.85,2,-30.481601462251575,-29.176817945206007,-28.51673288723674,-30.89447844639162
650,4.0,+0.75,0.85,10,-30.337602935866215,-29.371776200737646,-28.79955344212974,-30.40192967007783
650,4.0,+1.0,0.1,-1,-29.885173392425706,-29.08852540629057,-28.009140703278213,-31.33451775854786
650,4.0,+1.0,0.1,2,-29.892008953923916,-29.046673272147373,-28.208777812345826,-31.099436237620274
650,4.0,+1.0,0.1,10,-29.177108975425348,-29.268314395851355,-27.88156919295912,-30.96199912851474
650,4.0,+1.0,0.55,-1,-30.224969429803043,-29.045617249234557,-28.150404891623655,-31.2336862796467
650,4.0,+1.0,0.55,2,-30.21319810044657,-29.02166072831571,-28.43286371797842,-30.84641122988346
650,4.0,+1.0,0.55,10,-30.07748760147429,-29.335016166439658,-28.384897804458824,-30.641275892122906
650,4.0,+1.0,0.85,-1,-30.45808613056265,-29.163943182231186,-28.310547836478854,-31.24649999657668
650,4.0,+1.0,0.85,2,-30.469648672253445,-29.2196748245548,-28.619830248509114,-30.745985200719865
650,4.0,+1.0,0.85,10,-30.11697531544975,-29.33070010478282,-29.029200332132724,-30.236136245066906
650,4.5,-2.5,0.1,-1,-27.87408401800557,-28.90641402844753,-28.74540643838641,-31.73918281739766
650,4.5,-2.5,0.1,2,-27.89226856353734,-28.92468330109054,-28.74385080040149,-31.741077301504795
650,4.5,-2.5,0.1,10,-27.916885572285565,-28.90155666659917,-28.735984044500363,-31.747032302018113
650,4.5,-2.5,0.55,-1,-27.965751613832623,-29.06736107743354,-28.812775471414902,-31.76708844546363
650,4.5,-2.5,0.55,2,-27.947670459712747,-29.057897716055905,-28.820839401429723,-31.76872160683962
650,4.5,-2.5,0.55,10,-27.98589356758024,-29.031041974679034,-28.807328785193427,-31.775618134132646
650,4.5,-2.5,0.85,-1,-28.0361150651266,-29.14684034715038,-28.89416651758313,-31.793572107746797
650,4.5,-2.5,0.85,2,-28.035796766900752,-29.146874236147802,-28.894714924288625,-31.793515054127717
650,4.5,-2.5,0.85,10,-28.081442180309896,-29.11666327494647,-28.874638263877213,-31.79525353199587
650,4.5,-2.0,0.1,-1,-28.331047238586912,-28.797722435542497,-28.576229101965325,-31.821964302030203
650,4.5,-2.0,0.1,2,-28.328344580282653,-28.79933464437752,-28.58118439978648,-31.8215241128311
650,4.5,-2.0,0.1,10,-28.348831827123078,-28.77789942412167,-28.566707330928622,-31.824891336749147
650,4.5,-2.0,0.55,-1,-28.46415704193756,-29.020632624280495,-28.709249163452483,-31.86138607071542
650,4.5,-2.0,0.55,2,-28.460644536318974,-29.020955007528045,-28.71460842853623,-31.860595881912467
650,4.5,-2.0,0.55,10,-28.49196189141212,-28.98060475515298,-28.698172149172567,-31.85758507089522
650,4.5,-2.0,0.85,-1,-28.463388856622167,-29.09518240298459,-28.78424347064041,-31.87961761789075
650,4.5,-2.0,0.85,2,-28.495351644435218,-29.121958366355788,-28.77803203492772,-31.878672006124674
650,4.5,-2.0,0.85,10,-28.5105756130926,-29.05606751661749,-28.76317390833533,-31.879819400352105
650,4.5,-1.5,0.1,-1,-28.89859182360547,-28.78440199843009,-28.24230505612863,-31.900111653064613
650,4.5,-1.5,0.1,2,-28.861329195671736,-28.79012607222161,-28.28014649818527,-31.897733103990994
650,4.5,-1.5,0.1,10,-28.887673023516733,-28.82149820959433,-28.31030721446746,-31.87461334097598
650,4.5,-1.5,0.55,-1,-29.039455298259774,-28.959077341902084,-28.437884791693556,-31.92991742216521
650,4.5,-1.5,0.55,2,-29.014370656675116,-28.962008901078235,-28.464556514631823,-31.92586214608198
650,4.5,-1.5,0.55,10,-29.086175826371928,-29.023640841314055,-28.50407603280386,-31.876290414517143
650,4.5,-1.5,0.85,-1,-29.039787191518865,-29.005722925638313,-28.49854369174794,-31.923387595975722
650,4.5,-1.5,0.85,2,-29.03167704521902,-29.046186014250654,-28.53629741357865,-31.926239561451016
650,4.5,-1.5,0.85,10,-29.097185995539906,-29.068277501264923,-28.56649787841702,-31.85824229431048
650,4.5,-1.0,0.1,-1,-29.501760807902894,-28.814245151660955,-27.86345991948679,-31.86383664767628
650,4.5,-1.0,0.1,2,-29.45873964596788,-28.868142677651015,-27.972969203966784,-31.866268826940253
650,4.5,-1.0,0.1,10,-29.478350659958092,-28.98118248718044,-28.086191573265012,-31.794502135071117
650,4.5,-1.0,0.55,-1,-29.66081091566846,-28.91132824925148,-28.082853269668334,-31.869933287532604
650,4.5,-1.0,0.55,2,-29.59326113983137,-28.971971537680044,-28.203064143182402,-31.87307769859874
650,4.5,-1.0,0.55,10,-29.673069928903377,-29.13955815429469,-28.351622601016256,-31.72388855744442
650,4.5,-1.0,0.85,-1,-29.647251596563923,-28.918725468887352,-28.182191339425646,-31.871244922102285
650,4.5,-1.0,0.85,2,-29.584692932003097,-28.986651817666043,-28.286448381408892,-31.866923984944016
650,4.5,-1.0,0.85,10,-29.725155654475948,-29.18779154972881,-28.418380311317794,-31.67692626271796
650,4.5,-0.5,0.1,-1,-29.96998663824676,-28.995771421378414,-27.62882132034614,-31.729963421603493
650,4.5,-0.5,0.1,2,-29.880119896540766,-29.14115295449176,-27.82940862459441,-31.740230047925046
650,4.5,-0.5,0.1,10,-29.902328616059354,-29.244580175999822,-27.938758398643785,-31.59396340059015
650,4.5,-0.5,0.55,-1,-30.025659398682343,-29.002342978590995,-27.907266820970623,-31.74881775356299
650,4.5,-0.5,0.55,2,-30.00192775251209,-29.160069467684377,-28.080681141309803,-31.703623281664832
650,4.5,-0.5,0.55,10,-30.071813696245254,-29.33936436654659,-28.27016999215814,-31.438671709091565
650,4.5,-0.5,0.85,-1,-30.005187783648953,-28.99016580497941,-28.00432884274545,-31.75620392064589
650,4.5,-0.5,0.85,2,-29.974326185052472,-29.1634220046803,-28.19539714694446,-31.696276951435138
650,4.5,-0.5,0.85,10,-30.057260400570733,-29.36003022738148,-28.391997336899557,-31.397075929297475
650,4.5,-0.25,0.1,-1,-30.04594158142469,-29.09695172522383,-27.61474182538658,-31.66287847124424
650,4.5,-0.25,0.1,2,-30.021828345949825,-29.213198632932315,-27.796864041368675,-31.643538613978436
650,4.5,-0.25,0.1,10,-30.027663392693267,-29.344322514021894,-27.88718251418318,-31.465801739931663
650,4.5,-0.25,0.55,-1,-30.119438484171518,-29.049699571216024,-27.865577089969925,-31.671352763826157
650,4.5,-0.25,0.55,2,-30.145036855273432,-29.210863764569524,-28.05229349410691,-31.589512079795178
650,4.5,-0.25,0.55,10,-30.179303861732294,-29.404084528423024,-28.269425639609143,-31.25160213814834
650,4.5,-0.25,0.85,-1,-30.1142477674925,-29.038978061531132,-27.958474471904267,-31.68391531665508
650,4.5,-0.25,0.85,2,-30.097907697529696,-29.21314186010299,-28.166541186024446,-31.575206328455398
650,4.5,-0.25,0.85,10,-30.165535741084433,-29.41831265682017,-28.402206099824813,-31.226901565480848
650,4.5,+0.0,0.1,-1,-30.102316033272615,-29.174285590637066,-27.632567625741885,-31.601152081797338
650,4.5,+0.0,0.1,2,-30.1234186050784,-29.26258690928841,-27.80227730563125,-31.544499077598456
650,4.5,+0.0,0.1,10,-29.989125643878687,-29.357686992136887,-27.792347885996808,-31.320414326326066
650,4.5,+0.0,0.55,-1,-30.230478228811414,-29.099979735774475,-27.858799596947552,-31.603763691420564
650,4.5,+0.0,0.55,2,-30.214939483039394,-29.20863681510696,-28.028939560021186,-31.4522953988742
650,4.5,+0.0,0.55,10,-30.260330631934544,-29.429792200462842,-28.26922342902627,-31.123827154072966
650,4.5,+0.0,0.85,-1,-30.236682705581302,-29.094831054702546,-27.944738322239612,-31.612554558908876
650,4.5,+0.0,0.85,2,-30.157028753806976,-29.239933890075452,-28.183622212234575,-31.43193440632192
650,4.5,+0.0,0.85,10,-30.2261519274394,-29.43308862210629,-28.414046923201948,-31.05777397504104
650,4.5,+0.25,0.1,-1,-30.12836516940352,-29.195290027913664,-27.64898750471818,-31.533712912469216
650,4.5,+0.25,0.1,2,-30.117831396762377,-29.266426602531816,-27.850786986057656,-31.445463405339716
650,4.5,+0.25,0.1,10,-29.852039144194073,-29.467725746455336,-27.76423908733097,-31.274812198576644
650,4.5,+0.25,0.55,-1,-30.313030882053692,-29.11587262602886,-27.858889378058155,-31.530181404345434
650,4.5,+0.25,0.55,2,-30.21398536629324,-29.20764164596919,-28.094873488342742,-31.310800133738464
650,4.5,+0.25,0.55,10,-30.315793639883587,-29.43037745385577,-28.237359413886864,-30.99622889602777
650,4.5,+0.25,0.85,-1,-30.2844689737212,-29.104304160846098,-27.933014711449534,-31.531788465393426
650,4.5,+0.25,0.85,2,-30.221800239484207,-29.24437500088116,-28.251317739388075,-31.25792595246287
650,4.5,+0.25,0.85,10,-30.236176367598237,-29.45264524721054,-28.508212573527306,-30.886903866723795
650,4.5,+0.5,0.1,-1,-30.12161562923581,-29.204283779105246,-27.691663719998964,-31.47986103224724
650,4.5,+0.5,0.1,2,-30.092818672059664,-29.2226830301157,-27.88318543359334,-31.318356321701067
650,4.5,+0.5,0.1,10,-29.74099224727983,-29.48874414510332,-27.744004421170906,-31.19123191051182
650,4.5,+0.5,0.55,-1,-30.296613784913312,-29.09925571743708,-27.856016285371517,-31.4511483811189
650,4.5,+0.5,0.55,2,-30.443221332345317,-29.179971678034843,-28.156711806668874,-31.133778538027336
650,4.5,+0.5,0.55,10,-30.321759104141258,-29.396029225044398,-28.193636051840375,-30.888717169369126
650,4.5,+0.5,0.85,-1,-30.175178853151188,-29.11630709157743,-27.969685242951122,-31.46117389340357
650,4.5,+0.5,0.85,2,-30.161927618137383,-29.234297540885347,-28.321425682378365,-31.05648973556796
650,4.5,+0.5,0.85,10,-30.303006328691808,-29.423277995702794,-28.48109222990344,-30.72939849818352
650,4.5,+0.75,0.1,-1,-30.05965925392443,-29.189614881958494,-27.746484897806543,-31.42959710258737
650,4.5,+0.75,0.1,2,-30.04050147376975,-29.19170535539008,-27.981391247583556,-31.203259647042934
650,4.5,+0.75,0.1,10,-29.55866739871105,-29.474090912219843,-27.73346677146843,-31.110548464582045
650,4.5,+0.75,0.55,-1,-30.327392378991856,-29.067717094081928,-27.931962692847257,-31.387182002524728
650,4.5,+0.75,0.55,2,-30.35230371386426,-29.156959861369455,-28.26631323955428,-30.962700290876537
650,4.5,+0.75,0.55,10,-30.31990383180643,-29.3668534615043,-28.233593482308773,-30.771702525435607
650,4.5,+0.75,0.85,-1,-30.560262344074843,-29.15498012582056,-28.047634890491445,-31.394550227880224
650,4.5,+0.75,0.85,2,-30.491601209132924,-29.221506418954192,-28.42442754709531,-30.88347319605608
650,4.5,+0.75,0.85,10,-30.32746636346588,-29.399796079577193,-28.590115671153985,-30.571787225717717
650,4.5,+1.0,0.1,-1,-29.98996703691223,-29.158207923351057,-27.8525649921593,-31.38853957141437
650,4.5,+1.0,0.1,2,-29.979946641295683,-29.17947819593539,-28.053758640503336,-31.10602066896505
650,4.5,+1.0,0.1,10,-29.352949680609,-29.406884400165787,-27.712308757301763,-31.02867445940928
650,4.5,+1.0,0.55,-1,-30.17730125131861,-29.061912623018817,-28.024688190396887,-31.325245243102565
650,4.5,+1.0,0.55,2,-30.198194954664544,-29.132643286587076,-28.364490591582165,-30.830090177457265
650,4.5,+1.0,0.55,10,-30.25053280194666,-29.3530878323139,-28.24360640936841,-30.7063034443652
650,4.5,+1.0,0.85,-1,-30.583954603440336,-29.19734526005569,-28.117568047474823,-31.326726852969063
650,4.5,+1.0,0.85,2,-30.513472411276723,-29.229947259255034,-28.528817556230766,-30.741000480572712
650,4.5,+1.0,0.85,10,-30.276724033061004,-29.336155647405878,-28.662388495053914,-30.416358791457796
650,5.0,-2.5,0.1,-1,-27.666267570615698,-28.882615346954815,-28.721889028042682,-31.688413063710527
650,5.0,-2.5,0.1,2,-27.666736261558924,-28.882903190805294,-28.722016811928324,-31.68836737969896
650,5.0,-2.5,0.1,10,-27.732545811628214,-28.898607163541882,-28.716392397641556,-31.695964064169285
650,5.0,-2.5,0.55,-1,-27.761832209726713,-29.022456101802693,-28.788240710116405,-31.722237082099504
650,5.0,-2.5,0.55,2,-27.763844612331514,-29.03011189139712,-28.788158844312704,-31.723981569304787
650,5.0,-2.5,0.55,10,-27.79777918407424,-29.015989834700612,-28.78103328226686,-31.730011433189475
650,5.0,-2.5,0.85,-1,-27.829097717075136,-29.11757988650639,-28.866183834807945,-31.743534230785965
650,5.0,-2.5,0.85,2,-27.836175838820182,-29.118078175233457,-28.87231157620544,-31.744011541472634
650,5.0,-2.5,0.85,10,-27.90753512467765,-29.12400410846463,-28.852414411800943,-31.751575952168572
650,5.0,-2.0,0.1,-1,-28.060339634140064,-28.801853921037633,-28.604243690036164,-31.766683461309654
650,5.0,-2.0,0.1,2,-28.04511834751928,-28.791257681607117,-28.608914020463917,-31.763630724978515
650,5.0,-2.0,0.1,10,-28.08703916971435,-28.770953106054257,-28.583716517441744,-31.771818858468475
650,5.0,-2.0,0.55,-1,-28.18574451165223,-29.00235554722689,-28.711601271289958,-31.800480383666006
650,5.0,-2.0,0.55,2,-28.175385545431443,-28.993324355270925,-28.70876045171783,-31.800808519352234
650,5.0,-2.0,0.55,10,-28.218589053316833,-28.959679051661436,-28.683109747860215,-31.80563626684295
650,5.0,-2.0,0.85,-1,-28.264316537149362,-29.10983738353357,-28.794458821621497,-31.82277051513853
650,5.0,-2.0,0.85,2,-28.283026147394867,-29.12456159449297,-28.795855639880564,-31.82797853918736
650,5.0,-2.0,0.85,10,-28.333224687952892,-29.074693699610904,-28.776916386614815,-31.839782801730593
650,5.0,-1.5,0.1,-1,-28.611342489224832,-28.72715633685462,-28.31652065349253,-31.85744657869106
650,5.0,-1.5,0.1,2,-28.59762834123074,-28.736338001851696,-28.321516729921264,-31.861855649562397
650,5.0,-1.5,0.1,10,-28.64895064843156,-28.743940867513235,-28.30835562662874,-31.861218894150728
650,5.0,-1.5,0.55,-1,-28.745395714987637,-28.915358834103635,-28.4783937405831,-31.885305679795984
650,5.0,-1.5,0.55,2,-28.74348757752665,-28.916205418812964,-28.486269688218062,-31.883483166441174
650,5.0,-1.5,0.55,10,-28.791184778658817,-28.90948034596009,-28.46439457563633,-31.8811189202742
650,5.0,-1.5,0.85,-1,-28.787359625071293,-29.0276352365141,-28.55480465017059,-31.912936172970344
650,5.0,-1.5,0.85,2,-28.782259989089948,-29.028016302254844,-28.56658716446184,-31.91192795803357
650,5.0,-1.5,0.85,10,-28.832118616162422,-29.020755270481544,-28.55480408971593,-31.902841622102297
650,5.0,-1.0,0.1,-1,-29.27377714031744,-28.79249280006416,-27.943234694692485,-31.896182942940978
650,5.0,-1.0,0.1,2,-29.180967754816866,-28.833275904734133,-28.011246997921155,-31.89851961873979
650,5.0,-1.0,0.1,10,-29.29002205508371,-28.89322494783993,-28.045738591511427,-31.84151120313864
650,5.0,-1.0,0.55,-1,-29.43254720327912,-28.94042531469396,-28.16294789772387,-31.922273949913297
650,5.0,-1.0,0.55,2,-29.361271194985115,-28.97129387008077,-28.221350803707143,-31.917308286074455
650,5.0,-1.0,0.55,10,-29.499670895112608,-29.080738303660674,-28.279487876692244,-31.799637552764896
650,5.0,-1.0,0.85,-1,-29.433531604373634,-28.954732360804293,-28.22923823940842,-31.91158012149062
650,5.0,-1.0,0.85,2,-29.389688342405066,-29.01009051931616,-28.317251347847595,-31.910803349845143
650,5.0,-1.0,0.85,10,-29.511295516906667,-29.11709857210318,-28.394945909148124,-31.848476443060324
650,5.0,-0.5,0.1,-1,-29.829964326504257,-28.918685928121654,-27.6176320887555,-31.799119394057158
650,5.0,-0.5,0.1,2,-29.769159658970384,-29.016681084385997,-27.727202372969643,-31.807752057571584
650,5.0,-0.5,0.1,10,-29.812523133404163,-29.147602424052508,-27.82307763014463,-31.675681889965276
650,5.0,-0.5,0.55,-1,-29.90817795499701,-28.959843820528107,-27.878453527660266,-31.817084665529606
650,5.0,-0.5,0.55,2,-29.88656071375461,-29.086801975548646,-27.989746437784984,-31.803161980351277
650,5.0,-0.5,0.55,10,-29.97897214725608,-29.294782197590045,-28.1441092582893,-31.5708529780403
650,5.0,-0.5,0.85,-1,-29.884334736931,-28.95622008493349,-27.997035028314222,-31.83043867289353
650,5.0,-0.5,0.85,2,-29.95766428083538,-29.103615188574913,-28.108169972824587,-31.804901980411163
650,5.0,-0.5,0.85,10,-29.97318104235959,-29.3257743553461,-28.27837865637033,-31.539946357439895
650,5.0,-0.25,0.1,-1,-29.98034588086929,-29.02257174607748,-27.554450377420146,-31.726302272481387
650,5.0,-0.25,0.1,2,-29.969371400488413,-29.140571815624646,-27.66593839502335,-31.72699411282473
650,5.0,-0.25,0.1,10,-29.997962415485006,-29.291147765979826,-27.760121773523444,-31.55698833733949
650,5.0,-0.25,0.55,-1,-30.029574291699902,-29.019546616577053,-27.852607806949187,-31.760029806072776
650,5.0,-0.25,0.55,2,-30.03495825412405,-29.182378566955805,-27.95255377428312,-31.717767887570638
650,5.0,-0.25,0.55,10,-30.094702582011553,-29.368895569568465,-28.114238851217333,-31.434313808316322
650,5.0,-0.25,0.85,-1,-30.04284536034981,-28.992037783687135,-27.92783510984932,-31.761941197835462
650,5.0,-0.25,0.85,2,-30.05503282447643,-29.186050700334544,-28.030431029723605,-31.706486843172033
650,5.0,-0.25,0.85,10,-30.145675537745106,-29.436338295378253,-28.292897511338865,-31.384103633527047
650,5.0,+0.0,0.1,-1,-30.13658525715374,-29.12129988253899,-27.549277049747726,-31.66110961996126
650,5.0,+0.0,0.1,2,-30.117775233545387,-29.255590624851678,-27.630174592418463,-31.63141879805947
650,5.0,+0.0,0.1,10,-29.972696310077552,-29.415108832963092,-27.700044973206765,-31.448408858553535
650,5.0,+0.0,0.55,-1,-30.166528502132408,-29.0911589667199,-27.82993570199764,-31.69209589220186
650,5.0,+0.0,0.55,2,-30.015865747745792,-29.250984288268683,-27.923537718425035,-31.612233035324984
650,5.0,+0.0,0.55,10,-30.20979425829804,-29.44386907807845,-28.1136187938068,-31.283174984392964
650,5.0,+0.0,0.85,-1,-30.112474598564244,-29.044243210236303,-27.87998047907291,-31.68696804361307
650,5.0,+0.0,0.85,2,-30.125231416259403,-29.239764297779498,-27.999025927379936,-31.596237835043723
650,5.0,+0.0,0.85,10,-30.1902925282577,-29.45040107042976,-28.224867080823692,-31.228681396702555
650,5.0,+0.25,0.1,-1,-30.136462967618392,-29.210702500561183,-27.595666094027575,-31.614005340278638
650,5.0,+0.25,0.1,2,-30.150734286778164,-29.34005235892529,-27.66650148872769,-31.552223945572898
650,5.0,+0.25,0.1,10,-30.095609667800332,-29.48491558554437,-27.667223274372766,-31.344413037230545
650,5.0,+0.25,0.55,-1,-30.204244848995142,-29.117394786970415,-27.786029599026442,-31.60604533346661
650,5.0,+0.25,0.55,2,-30.218005951685804,-29.27217060475682,-27.909079675820244,-31.492622858611035
650,5.0,+0.25,0.55,10,-30.265840962703095,-29.465158412868966,-28.12497653172158,-31.135053199982266
650,5.0,+0.25,0.85,-1,-30.23317533124144,-29.117575703287038,-27.88100466089581,-31.6214685500846
650,5.0,+0.25,0.85,2,-30.229383790135934,-29.29373822239839,-28.028171015449406,-31.478863606555336
650,5.0,+0.25,0.85,10,-30.250518603732036,-29.47692609745392,-28.245319973595635,-31.069530536551206
650,5.0,+0.5,0.1,-1,-30.125269266712955,-29.254159123909616,-27.61347459476695,-31.554279929329923
650,5.0,+0.5,0.1,2,-30.148951945972215,-29.349312341117425,-27.70725234471106,-31.46427202435977
650,5.0,+0.5,0.1,10,-30.01513115111787,-29.535860464054032,-27.63725869747489,-31.259354487290377
650,5.0,+0.5,0.55,-1,-30.26793401620847,-29.1568598926828,-27.7702892624221,-31.53191011284086
650,5.0,+0.5,0.55,2,-30.27112520485209,-29.268170290111108,-27.945787308850086,-31.36907811137231
650,5.0,+0.5,0.55,10,-30.332083027091997,-29.494776140449307,-28.147467321071673,-31.037403759421004
650,5.0,+0.5,0.85,-1,-30.25935772017892,-29.142226834095474,-27.850676342586308,-31.5368174878649
650,5.0,+0.5,0.85,2,-30.26007210699463,-29.2663106777859,-28.04948964210332,-31.31908661765104
650,5.0,+0.5,0.85,10,-30.307479655374628,-29.48618033966987,-28.285266356095473,-30.91802099773041
650,5.0,+0.75,0.1,-1,-30.100419601345205,-29.25380868428153,-27.630945565805668,-31.493524262751645
650,5.0,+0.75,0.1,2,-30.124331396634304,-29.286961441857233,-27.7416482755988,-31.35314425851697
650,5.0,+0.75,0.1,10,-29.849760823257625,-29.56359252671211,-27.613508991220506,-31.19273038274283
650,5.0,+0.75,0.55,-1,-30.296766886106973,-29.135966821232987,-27.767825185751107,-31.453524454735096
650,5.0,+0.75,0.55,2,-30.232699288797043,-29.20018303531965,-27.990783976309565,-31.204987582686595
650,5.0,+0.75,0.55,10,-30.291860236349514,-29.4370908495412,-28.06434908103151,-30.918615631321874
650,5.0,+0.75,0.85,-1,-30.200375972078074,-29.142476891131004,-27.875429459247258,-31.46580916009704
650,5.0,+0.75,0.85,2,-30.20903272097928,-29.245600365324186,-28.135490047442786,-31.138971614954315
650,5.0,+0.75,0.85,10,-30.29926273748082,-29.406011317477464,-28.296552335045494,-30.759492806460017
650,5.0,+1.0,0.1,-1,-30.072887637298436,-29.26737703170394,-27.68606015502388,-31.44981197589472
650,5.0,+1.0,0.1,2,-30.088650994122506,-29.243296858916366,-27.840659002772185,-31.25506994232206
650,5.0,+1.0,0.1,10,-29.6461438239888,-29.591249428338298,-27.5778826440218,-31.146419817442677
650,5.0,+1.0,0.55,-1,-30.268369621381893,-29.146132332095437,-27.809611338706368,-31.388721338867676
650,5.0,+1.0,0.55,2,-30.255245780140505,-29.190598233723698,-28.095881166063577,-31.037856589580734
650,5.0,+1.0,0.55,10,-30.304714321625585,-29.39448912667066,-28.027854713044732,-30.792317010293992
650,5.0,+1.0,0.85,-1,-30.401169027924375,-29.151488723830727,-27.958284462785873,-31.405935537844258
650,5.0,+1.0,0.85,2,-30.416189828898727,-29.264397358766132,-28.249866103928014,-30.943903888760623
650,5.0,+1.0,0.85,10,-30.328167936471544,-29.3778230897933,-28.405619774098373,-30.599417693390834
650,5.25,-2.5,0.1,-1,-27.720591664252122,-28.949384902345873,-28.754415353069625,-31.697711078704785
650,5.25,-2.5,0.1,2,-27.678801531544504,-28.930274443237533,-28.769114064572715,-31.702575904566554
650,5.25,-2.5,0.1,10,-27.73871868387317,-28.933549785715556,-28.74672654369042,-31.70234460266521
650,5.25,-2.5,0.55,-1,-27.8205183718514,-29.075925240439705,-28.845156502690084,-31.72411433324004
650,5.25,-2.5,0.55,2,-27.82195098733046,-29.08001805257293,-28.846170344293544,-31.724987858212877
650,5.25,-2.5,0.55,10,-27.837423458537252,-29.053101444668116,-28.83844405157206,-31.731135827676866
650,5.25,-2.5,0.85,-1,-27.782546027511422,-29.09157688241105,-28.82994331158351,-31.72233366842001
650,5.25,-2.5,0.85,2,-27.771304246735728,-29.081901391304502,-28.832884843890607,-31.71918984917689
650,5.25,-2.5,0.85,10,-27.74329062456074,-29.02520188633752,-28.833297600882428,-31.73006322220269
650,5.25,-2.0,0.1,-1,-28.003912129174285,-28.86650519129928,-28.64817939806437,-31.778040887664723
650,5.25,-2.0,0.1,2,-28.003619398624124,-28.86658842224289,-28.648816085419433,-31.777970988198657
650,5.25,-2.0,0.1,10,-28.03725802388801,-28.842252759972638,-28.624404751126367,-31.783458242812486
650,5.25,-2.0,0.55,-1,-28.162895844552565,-29.06692106883199,-28.764634405426325,-31.81593496279509
650,5.25,-2.0,0.55,2,-28.16251167626529,-29.066899239694184,-28.765308219197735,-31.815855361896116
650,5.25,-2.0,0.55,10,-28.20421779116316,-29.037771010711726,-28.74117917227146,-31.8256338002245
650,5.25,-2.0,0.85,-1,-28.12555384841656,-29.105568410443755,-28.77870943326755,-31.814153811304315
650,5.25,-2.0,0.85,2,-28.128812055338727,-29.102465580364537,-28.779856583981335,-31.811811209045246
650,5.25,-2.0,0.85,10,-28.15997376314154,-29.058362315884878,-28.755959887848007,-31.817980716936482
650,5.25,-1.5,0.1,-1,-28.511684606169865,-28.788522509663146,-28.39258470250147,-31.853161343009887
650,5.25,-1.5,0.1,2,-28.50424670435164,-28.78421748075009,-28.400959893325254,-31.853684455850228
650,5.25,-1.5,0.1,10,-28.556909069860804,-28.775074256378147,-28.364681735079863,-31.85098833931461
650,5.25,-1.5,0.55,-1,-28.6405845757942,-28.99459439896136,-28.560178683788745,-31.89615168426773
650,5.25,-1.5,0.55,2,-28.636112555810634,-28.9966720299417,-28.567020775944513,-31.89618045477242
650,5.25,-1.5,0.55,10,-28.713134682740304,-28.98696475134303,-28.515428352317166,-31.89206463926508
650,5.25,-1.5,0.85,-1,-28.65695222316482,-29.04517793937562,-28.592731584037434,-31.881172811845314
650,5.25,-1.5,0.85,2,-28.64922687302181,-29.04790533613098,-28.604042034271046,-31.882112142447482
650,5.25,-1.5,0.85,10,-28.715326742732245,-29.013837332665663,-28.555874559456992,-31.876860892917943
650,5.25,-1.0,0.1,-1,-29.135835596963812,-28.75256148895137,-27.991546183516554,-31.898088133528884
650,5.25,-1.0,0.1,2,-29.12391951255328,-28.779060386544508,-28.026543061564915,-31.894445887331774
650,5.25,-1.0,0.1,10,-29.137791965570756,-28.801166861513607,-28.038796100414235,-31.877712170469277
650,5.25,-1.0,0.55,-1,-29.3104924095687,-28.909470994719555,-28.18671221473737,-31.919082745174222
650,5.25,-1.0,0.55,2,-29.29772138526784,-28.94799418251385,-28.244467658666366,-31.919908193031436
650,5.25,-1.0,0.55,10,-29.36988004450468,-29.015740106516414,-28.286435407001605,-31.887476631978593
650,5.25,-1.0,0.85,-1,-29.277955640751752,-28.938888700399197,-28.256932975284933,-31.919088618141362
650,5.25,-1.0,0.85,2,-29.279473110273013,-28.97327709067458,-28.303816400990517,-31.92442467378578
650,5.25,-1.0,0.85,10,-29.324089015900917,-29.003917422149897,-28.296485497167858,-31.861164794026116
650,5.25,-0.5,0.1,-1,-29.74392022904546,-28.88677435902857,-27.633712184553385,-31.83179438264795
650,5.25,-0.5,0.1,2,-29.630804714652747,-28.989143614572164,-27.735477007025302,-31.84112784927118
650,5.25,-0.5,0.1,10,-29.76438784337747,-29.10181340617275,-27.811279731183678,-31.723013228912382
650,5.25,-0.5,0.55,-1,-29.827346129131893,-28.943878157898432,-27.892671015387766,-31.851819747882143
650,5.25,-0.5,0.55,10,-29.839714370946172,-29.25775345100839,-28.127730124792688,-31.641612226462293
650,5.25,-0.5,0.85,-1,-29.81139167577443,-28.946230936850146,-27.982551138057467,-31.857049468595807
650,5.25,-0.5,0.85,2,-29.791966319994142,-29.06884150652249,-28.078078755580034,-31.833746212238374
650,5.25,-0.5,0.85,10,-29.914092684076664,-29.268478914639857,-28.205153829180233,-31.603312000299987
650,5.25,-0.25,0.1,-1,-29.960808209068173,-28.97920697954121,-27.536197005401483,-31.758250574180963
650,5.25,-0.25,0.1,2,-29.907026705044718,-29.087481934846465,-27.63328849286284,-31.761273051859614
650,5.25,-0.25,0.1,10,-29.953113903167935,-29.221030783568374,-27.709512033241495,-31.602791932520358
650,5.25,-0.25,0.55,-1,-29.83288770419324,-28.984908221518815,-27.82764517474029,-31.791108573863234
650,5.25,-0.25,0.55,2,-30.017955266021765,-29.164344820922867,-27.93387487057505,-31.76380455042032
650,5.25,-0.25,0.55,10,-30.097890168857077,-29.34386675380789,-28.073940426525738,-31.51144426892925
650,5.25,-0.25,0.85,-1,-29.964641567180834,-28.978961872400838,-27.92662605286058,-31.803925699407664
650,5.25,-0.25,0.85,2,-29.968219887977043,-29.154656590430857,-28.016782967369117,-31.75566412288945
650,5.25,-0.25,0.85,10,-30.051723586509734,-29.36275490741528,-28.21889947624446,-31.476096704589956
650,5.25,+0.0,0.1,-1,-30.099635540488897,-29.077774806046108,-27.538434708597187,-31.700749038599195
650,5.25,+0.0,0.1,2,-30.08266746804393,-29.215583161030317,-27.579267080856678,-31.669011004242996
650,5.25,+0.0,0.1,10,-30.086334743784327,-29.354624047136838,-27.654497598934565,-31.486067326486612
650,5.25,+0.0,0.55,-1,-30.087358265985046,-29.039634033569,-27.7966009364429,-31.724537060571187
650,5.25,+0.0,0.55,2,-30.10102930828458,-29.22974015203564,-27.87953185104218,-31.65784774165774
650,5.25,+0.0,0.55,10,-30.16243972353033,-29.404567057293992,-28.05662162163667,-31.36635314410625
650,5.25,+0.0,0.85,-1,-30.06358769165177,-29.018880649777252,-27.896271232897067,-31.739390619178316
650,5.25,+0.0,0.85,2,-30.085080639564843,-29.231199128099252,-27.981708658651343,-31.649490085664283
650,5.25,+0.0,0.85,10,-30.15941013894066,-29.4074294341172,-28.1625169918455,-31.31978365429056
650,5.25,+0.25,0.1,-1,-30.19460350943616,-29.193071273115386,-27.55700665173036,-31.645679372997556
650,5.25,+0.25,0.1,2,-30.210660332194106,-29.348690910846294,-27.583086683438815,-31.5876100376337
650,5.25,+0.25,0.1,10,-30.120768432871827,-29.450763265300264,-27.624873822355795,-31.390263670033868
650,5.25,+0.25,0.55,-1,-30.17482710143963,-29.101547385763254,-27.761847506860807,-31.647778571916874
650,5.25,+0.25,0.55,2,-30.19261067368085,-29.29075670680502,-27.859718046311954,-31.536224187265276
650,5.25,+0.25,0.55,10,-30.2369827488773,-29.45606895627854,-28.056237663166534,-31.21760767630198
650,5.25,+0.25,0.85,-1,-30.157289923219253,-29.07270508307598,-27.843294939725997,-31.65705749507898
650,5.25,+0.25,0.85,2,-30.17928849231665,-29.30723246344243,-27.958101297386516,-31.509790858312762
650,5.25,+0.25,0.85,10,-30.060005790110196,-29.458991674369486,-28.171736544590452,-31.16394200628946
650,5.25,+0.5,0.1,-1,-30.23291008933764,-29.254594741176064,-27.571645483466938,-31.585540204658567
650,5.25,+0.5,0.1,2,-30.15883390378063,-29.385263516609278,-27.62190980461988,-31.498266016462708
650,5.25,+0.5,0.1,10,-30.05425142286534,-29.519221076699182,-27.596525902640924,-31.30643179905029
650,5.25,+0.5,0.55,-1,-30.23261647850671,-29.147847528034987,-27.740271541860476,-31.572906194526944
650,5.25,+0.5,0.55,2,-30.24540821826168,-29.31293779587459,-27.88877981056963,-31.397461657514974
650,5.25,+0.5,0.55,10,-30.286081697734595,-29.471230169111614,-28.05388501442506,-31.086712227166487
650,5.25,+0.5,0.85,-1,-30.291207938589643,-29.14141955810777,-27.82920505330791,-31.583809484960824
650,5.25,+0.5,0.85,2,-30.279196326281415,-29.338170896204435,-28.000291543629586,-31.34164895075324
650,5.25,+0.5,0.85,10,-30.26534217655769,-29.45523760661469,-28.15537231395117,-31.004719809433464
650,5.25,+0.75,0.1,-1,-30.05730530730082,-29.257630538658063,-27.576762925366218,-31.523745460567465
650,5.25,+0.75,0.1,2,-30.112556334492457,-29.361937323140882,-27.674826097674483,-31.392306246602274
650,5.25,+0.75,0.1,10,-29.962303092123882,-29.581032893908677,-27.543922164164986,-31.23060498019678
650,5.25,+0.75,0.55,-1,-30.260893170686543,-29.16221686167489,-27.706398908504685,-31.487476157704318
650,5.25,+0.75,0.55,2,-30.176735916257257,-29.284950247961667,-27.93967327926707,-31.2202078240053
650,5.25,+0.75,0.55,10,-30.286575934039185,-29.453056143861225,-28.04515292742841,-30.98565605926824
650,5.25,+0.75,0.85,-1,-30.287507246893718,-29.141276430473752,-27.783119716146615,-31.490467335885025
650,5.25,+0.75,0.85,2,-30.29447519339159,-29.314987574388425,-28.04962365243339,-31.136243881108072
650,5.25,+0.75,0.85,10,-30.28587917238772,-29.453647625121032,-28.21699694952704,-30.852278948090756
650,5.25,+1.0,0.1,-1,-30.099568827930796,-29.277307840139727,-27.61725207510155,-31.475319504423453
650,5.25,+1.0,0.1,2,-30.115880536119235,-29.33947637626527,-27.77003283478402,-31.279652325483198
650,5.25,+1.0,0.1,10,-29.785196862893415,-29.598019473916892,-27.517304993362966,-31.16197962873949
650,5.25,+1.0,0.55,-1,-30.269179837359484,-29.178052675015238,-27.768811654607937,-31.4345104223086
650,5.25,+1.0,0.55,2,-30.291134353884978,-29.29041109818945,-28.043874079308285,-31.0390768840207
650,5.25,+1.0,0.55,10,-30.28865728028865,-29.427946334275646,-27.950552328755187,-30.896401866517724
650,5.25,+1.0,0.85,-1,-30.32360712460221,-29.175263453745902,-27.841130195161277,-31.431411589319225
650,5.25,+1.0,0.85,2,-30.31938039775916,-29.309212428392186,-28.19626272539341,-30.960683649946105
650,5.25,+1.0,0.85,10,-30.306429767852446,-29.369765822571715,-28.25015336680693,-30.702831803768337
700,3.5,-2.5,0.1,-1,-28.892497429272474,-29.343947521974304,-29.095970115129916,-32.03140882901614
700,3.5,-2.5,0.1,2,-28.883670730916254,-29.342256597057926,-29.103299775248406,-32.0297596816078
700,3.5,-2.5,0.1,10,-28.882638774225086,-29.335097798067295,-29.126917566452512,-32.03191442743384
700,3.5,-2.5,0.55,-1,-29.04339296872475,-29.5313026870367,-29.20689988532839,-32.057198101932784
700,3.5,-2.5,0.55,2,-29.03247254229324,-29.535424285356587,-29.22761147679582,-32.05645407130829
700,3.5,-2.5,0.55,10,-29.031721649016028,-29.51131521604891,-29.23662134510744,-32.05711297734125
700,3.5,-2.5,0.85,-1,-29.036323038935677,-29.584624426476655,-29.238319631922828,-32.05853862454822
700,3.5,-2.5,0.85,2,-29.01198298351651,-29.57138599781187,-29.252184007889266,-32.056500830611974
700,3.5,-2.5,0.85,10,-29.043825610774732,-29.556901469728007,-29.261265194474912,-32.05186015180461
700,3.5,-2.0,0.1,-1,-29.37877103607684,-29.27072268473904,-28.878576681651296,-32.07780617535162
700,3.5,-2.0,0.1,2,-29.344921608324736,-29.283501468906252,-28.946634676036687,-32.07674334577519
700,3.5,-2.0,0.1,10,-29.347552418670432,-29.320498627774946,-29.003179453983314,-32.05661025899528
700,3.5,-2.0,0.55,-1,-29.49772547370301,-29.450227566326657,-29.03520955558536,-32.10350236462752
700,3.5,-2.0,0.55,2,-29.464425871563936,-29.460882548574258,-29.0989340821387,-32.102465000503635
700,3.5,-2.0,0.55,10,-29.483607896100526,-29.498612571757775,-29.160694066119945,-32.06010483008813
700,3.5,-2.0,0.85,-1,-29.477596090922972,-29.55136925913338,-29.126876113936756,-32.113449744524516
700,3.5,-2.0,0.85,2,-29.503450385997038,-29.541107253840163,-29.1706410605218,-32.1031494600605
700,3.5,-2.0,0.85,10,-29.543322093086815,-29.588834126638265,-29.23813644272841,-32.0461587235131
700,3.5,-1.5,0.1,-1,-29.834905318377913,-29.306232655659343,-28.59739010193563,-32.08434941767668
700,3.5,-1.5,0.1,2,-29.763782950737365,-29.346839324738127,-28.792924360315553,-32.08369035379584
700,3.5,-1.5,0.1,10,-29.78003430294967,-29.410810591977864,-28.85731026759519,-32.0239031363979
700,3.5,-1.5,0.55,-1,-29.940668391533226,-29.443749786534376,-28.824262908025112,-32.09300061616898
700,3.5,-1.5,0.55,2,-29.88956980315905,-29.481681462625097,-28.987941882950246,-32.07936192643512
700,3.5,-1.5,0.55,10,-29.924360843682642,-29.59075035519868,-29.09419438712122,-31.9740366499863
700,3.5,-1.5,0.85,-1,-29.972831228100848,-29.466086238006596,-28.88705315437186,-32.08739844489667
700,3.5,-1.5,0.85,2,-29.871098248858306,-29.54473040288178,-29.08119597853027,-32.085640752039275
700,3.5,-1.5,0.85,10,-29.967620048955695,-29.657373216779106,-29.16408650239326,-31.930949027922185
700,3.5,-1.0,0.1,-1,-30.258420164681837,-29.412462425867947,-28.370325925796045,-31.97520443921273
700,3.5,-1.0,0.1,2,-30.207393385247173,-29.467148661735813,-28.591272882107415,-31.98046854923247
700,3.5,-1.0,0.1,10,-30.16168223951538,-29.598048655331933,-28.717099943936184,-31.826235622196716
700,3.5,-1.0,0.55,-1,-30.361095086603687,-29.42279482844873,-28.61299213428957,-31.95698152117162
700,3.5,-1.0,0.55,2,-30.273821800502706,-29.500609228740636,-28.827364557189107,-31.947721775051452
700,3.5,-1.0,0.55,10,-30.310409240097272,-29.70732815310958,-29.014743286666437,-31.657179509785678
700,3.5,-1.0,0.85,-1,-30.35033686371783,-29.41597545659984,-28.70348551986476,-31.958850160923262
700,3.5,-1.0,0.85,2,-30.277771869691,-29.487459525405093,-28.91390297001245,-31.929937629292585
700,3.5,-1.0,0.85,10,-30.34567925070267,-29.679326386691123,-29.10029177518805,-31.65197018287241
700,3.5,-0.5,0.1,-1,-30.46483186266714,-29.523957368219868,-28.30977991497734,-31.831575447817038
700,3.5,-0.5,0.1,2,-30.397044244813127,-29.539767686796182,-28.5361953040454,-31.820156435994512
700,3.5,-0.5,0.1,10,-30.25576870369808,-29.6778781640159,-28.58144300259019,-31.62779527161662
700,3.5,-0.5,0.55,-1,-30.541754265435376,-29.49968655811706,-28.580241195240717,-31.82671434180881
700,3.5,-0.5,0.55,2,-30.475673212791627,-29.506219815086627,-28.76452409845949,-31.76669852356138
700,3.5,-0.5,0.55,10,-30.562191038969534,-29.71845036941449,-28.97370037367509,-31.37095235651119
700,3.5,-0.5,0.85,-1,-30.5487654037978,-29.528053616650723,-28.722760751979486,-31.840949162739463
700,3.5,-0.5,0.85,2,-30.455015115657382,-29.52413242945186,-28.863143825052543,-31.758061077328648
700,3.5,-0.5,0.85,10,-30.50070674642604,-29.80756885663084,-29.193011733774128,-31.301666577315025
700,3.5,-0.25,0.1,-1,-30.499984816650255,-29.521021819478783,-28.334812290901866,-31.762951431613434
700,3.5,-0.25,0.1,2,-30.463957729814663,-29.5172064168814,-28.538942749136773,-31.686601486637866
700,3.5,-0.25,0.1,10,-30.19566507421619,-29.722417081837293,-28.542386119462385,-31.548017256305698
700,3.5,-0.25,0.55,-1,-30.792039180773052,-29.48924752997227,-28.594686756934102,-31.74805073000927
700,3.5,-0.25,0.55,2,-30.714649596211952,-29.45411529860472,-28.747368540589825,-31.534067693723248
700,3.5,-0.25,0.55,10,-30.613593716774844,-29.74278252873375,-28.984487528546147,-31.25380340243248
700,3.5,-0.25,0.85,-1,-30.50741812918089,-29.544326723246645,-28.707505016919082,-31.763611871968628
700,3.5,-0.25,0.85,2,-30.476915167446368,-29.5453843022587,-28.878671934470567,-31.670817699514302
700,3.5,-0.25,0.85,10,-30.575269978092233,-29.79935410722001,-29.201376212443297,-31.146339353635575
700,3.5,+0.0,0.1,-1,-30.456955567895125,-29.519172731254308,-28.401526698610514,-31.71428637336696
700,3.5,+0.0,0.1,2,-30.438675805987522,-29.52369821169736,-28.603880677559324,-31.56890803242788
700,3.5,+0.0,0.1,10,-30.06404660219558,-29.740679940279332,-28.52311756011065,-31.475006703840428
700,3.5,+0.0,0.55,-1,-30.878378389115355,-29.489865405504897,-28.582841633701253,-31.66292577634338
700,3.5,+0.0,0.55,2,-30.823465776377475,-29.49399868663339,-28.75535827274358,-31.580341209747218
700,3.5,+0.0,0.55,10,-30.574763722818624,-29.714042696208335,-28.95022248879194,-31.15760106608647
700,3.5,+0.0,0.85,-1,-30.76249565561894,-29.577152505072178,-28.74701914310188,-31.677121421929833
700,3.5,+0.0,0.85,2,-30.833255104563698,-29.59578177186305,-28.898608904441904,-31.542105612778432
700,3.5,+0.0,0.85,10,-30.57536677322565,-29.819208093768957,-29.286700214846213,-30.99374041000099
700,3.5,+0.25,0.1,-1,-30.41760229879459,-29.53951072899781,-28.464667869699987,-31.662353300347096
700,3.5,+0.25,0.1,2,-30.372043113263064,-29.4684274538406,-28.608333944571225,-31.590553684312116
700,3.5,+0.25,0.1,10,-29.90250538202488,-29.731057922181478,-28.493524207275534,-31.393451144403738
700,3.5,+0.25,0.55,-1,-30.88275696492751,-29.504518957809065,-28.60284811685962,-31.57003856009191
700,3.5,+0.25,0.55,2,-30.863009693057727,-29.491527432997398,-28.746556575477847,-31.439031505429735
700,3.5,+0.25,0.55,10,-30.61232559699643,-29.656321222149554,-28.95922102920471,-31.03344759622646
700,3.5,+0.25,0.85,-1,-30.791045070869508,-29.607391666512207,-28.815732265448368,-31.605150539236245
700,3.5,+0.25,0.85,2,-30.788751370138506,-29.66732647302041,-28.947005090877873,-31.38243492371766
700,3.5,+0.25,0.85,10,-30.549455735734487,-29.816755409467277,-29.34242720317634,-30.859664125062807
700,3.5,+0.5,0.1,-1,-30.316429684421784,-29.495426681638683,-28.56262669667579,-31.61064440057404
700,3.5,+0.5,0.1,2,-30.321681085584146,-29.495318547739128,-28.66073788153733,-31.493725475612273
700,3.5,+0.5,0.1,10,-29.75811712735862,-29.706522496214237,-28.487657089262296,-31.31157356114874
700,3.5,+0.5,0.55,-1,-30.930377209582968,-29.524356918918304,-28.730780754355774,-31.51542976045793
700,3.5,+0.5,0.55,2,-30.944271154742793,-29.582125305084652,-28.83715902198325,-31.285106641261105
700,3.5,+0.5,0.55,10,-30.42083194188394,-29.73395921113822,-28.88303860241134,-31.02133373003697
700,3.5,+0.5,0.85,-1,-30.57405550691833,-29.625732734571393,-28.90186614364093,-31.541603962225096
700,3.5,+0.5,0.85,2,-30.585714448633862,-29.665287332832236,-29.110941029634084,-31.233939623393315
700,3.5,+0.5,0.85,10,-30.42602700368509,-29.815432026195438,-29.474661893137274,-30.73504628696615
700,3.5,+0.75,0.1,-1,-30.21099238241572,-29.481565812083193,-28.630483962568107,-31.571333827848985
700,3.5,+0.75,0.1,2,-30.191438912838077,-29.492907893667287,-28.758232082170842,-31.398075198704177
700,3.5,+0.75,0.1,10,-29.585628961746053,-29.62490553568704,-28.479994329301633,-31.23285606337071
700,3.5,+0.75,0.55,-1,-30.470653899103542,-29.417116970738025,-28.79720886075919,-31.444145153738635
700,3.5,+0.75,0.55,2,-30.479899952632415,-29.447297982090245,-28.971716694765096,-31.150705825844
700,3.5,+0.75,0.55,10,-30.367017430588376,-29.705224761465438,-28.90281335079738,-30.903600933888452
700,3.5,+0.75,0.85,-1,-30.606161344177906,-29.729353236821794,-28.95310818775394,-31.45193207769413
700,3.5,+0.75,0.85,2,-30.703890809482118,-29.75366873653778,-29.222085359156125,-31.092468570981552
700,3.5,+0.75,0.85,10,-30.56029075152788,-29.792335373196998,-29.62377081794694,-30.46844005929197
700,3.5,+1.0,0.1,-1,-30.11117741628864,-29.471096425777752,-28.73179831536888,-31.533673934621905
700,3.5,+1.0,0.1,2,-30.113360009519813,-29.508554945745953,-28.793988145647273,-31.328223236797598
700,3.5,+1.0,0.1,10,-29.373013834765118,-29.52375060115781,-28.47373147956359,-31.158765298869678
700,3.5,+1.0,0.55,-1,-30.39064409122547,-29.44319842318557,-28.89527023517182,-31.371838199628602
700,3.5,+1.0,0.55,2,-30.47841271085511,-29.46928051610932,-29.102969614844337,-31.037309847806732
700,3.5,+1.0,0.55,10,-30.182611331756178,-29.686372855816934,-28.865643362025107,-30.846356486668213
700,3.5,+1.0,0.85,-1,-30.606968608710417,-29.715645168981325,-28.96996972740929,-31.34619681810068
700,3.5,+1.0,0.85,2,-30.75393892858958,-29.812693480646093,-29.268533506862124,-30.93493958598749
700,3.5,+1.0,0.85,10,-30.5351152546651,-29.79556742040055,-29.681405431716552,-30.31104080484394
700,4.0,-2.5,0.1,-1,-28.790021870779125,-29.398050428821946,-29.14063745998604,-32.010886311531074
700,4.0,-2.5,0.1,2,-28.787599225746963,-29.39860863214081,-29.145941377069132,-32.01045504747138
700,4.0,-2.5,0.1,10,-28.801708978261882,-29.37458825252937,-29.136843618450648,-32.011863181043
700,4.0,-2.5,0.55,-1,-28.920492938297553,-29.580675204932902,-29.250896615500118,-32.03777675080049
700,4.0,-2.5,0.55,2,-28.912420224784196,-29.578803446477224,-29.25978760363979,-32.038417375155845
700,4.0,-2.5,0.55,10,-28.93977504769021,-29.554813963272082,-29.247587307798607,-32.038120752306504
700,4.0,-2.5,0.85,-1,-28.899547941075603,-29.612485332581763,-29.245162676062368,-32.03814589043772
700,4.0,-2.5,0.85,2,-28.880754110494387,-29.60525939503432,-29.25956977657159,-32.04051878437681
700,4.0,-2.5,0.85,10,-28.902140427362895,-29.572981269482007,-29.248745224541274,-32.04007973297457
700,4.0,-2.0,0.1,-1,-29.224760738242338,-29.303773784122484,-28.936589112524487,-32.07463389706112
700,4.0,-2.0,0.1,2,-29.217770756038064,-29.306989568466946,-28.947048887539175,-32.0713705516058
700,4.0,-2.0,0.1,10,-29.20917211288215,-29.306649122734765,-28.988433142092237,-32.06999120203816
700,4.0,-2.0,0.55,-1,-29.37240384391974,-29.515402356222538,-29.073705034374733,-32.11315727684233
700,4.0,-2.0,0.55,2,-29.362345904474832,-29.52352056483601,-29.106783789246133,-32.106954303932284
700,4.0,-2.0,0.55,10,-29.37464649743561,-29.509573256406675,-29.129179604682225,-32.093878710309546
700,4.0,-2.0,0.85,-1,-29.35102386396139,-29.5599681807785,-29.126297460535405,-32.10320025633605
700,4.0,-2.0,0.85,2,-29.353525112147665,-29.56770774863648,-29.140470095571946,-32.099548595425105
700,4.0,-2.0,0.85,10,-29.36562184036161,-29.560482288949473,-29.169333654140836,-32.083374371756854
700,4.0,-1.5,0.1,-1,-29.732265359064307,-29.261762847741423,-28.618390892304667,-32.09366430064406
700,4.0,-1.5,0.1,2,-29.70320048144693,-29.28647434279426,-28.713812524196847,-32.090762633887955
700,4.0,-1.5,0.1,10,-29.70797119882328,-29.350512817150253,-28.787226661652582,-32.03602220192554
700,4.0,-1.5,0.55,-1,-29.860292180333282,-29.41580038262874,-28.805606213173625,-32.10529477965912
700,4.0,-1.5,0.55,2,-29.821656440025134,-29.43220867821536,-28.895224610375372,-32.102325984306425
700,4.0,-1.5,0.55,10,-29.86618319161473,-29.532276492122733,-28.98568421608372,-32.003050154645926
700,4.0,-1.5,0.85,-1,-29.842129745641177,-29.498556162663775,-28.905961191503565,-32.121653354911544
700,4.0,-1.5,0.85,2,-29.804960305897737,-29.52850766463003,-29.016551455388573,-32.11465523229021
700,4.0,-1.5,0.85,10,-29.867338523076864,-29.633846753391722,-29.090777419526702,-31.979172021694726
700,4.0,-1.0,0.1,-1,-30.157224394828198,-29.380037487739283,-28.326485586500322,-32.03076395298726
700,4.0,-1.0,0.1,2,-30.08169819223024,-29.472062792242127,-28.55354770729527,-32.04466090028727
700,4.0,-1.0,0.1,10,-30.10161627068002,-29.545256355419333,-28.617791170129298,-31.92270820393444
700,4.0,-1.0,0.55,-1,-30.25755796522055,-29.440266579848572,-28.572009227628183,-32.02748392342424
700,4.0,-1.0,0.55,2,-30.190864458003585,-29.541390758078713,-28.77050480178355,-32.0203070112904
700,4.0,-1.0,0.55,10,-30.264247465370847,-29.689606152418428,-28.903333768107746,-31.801525786672666
700,4.0,-1.0,0.85,-1,-30.280736679987292,-29.436808662615025,-28.63038187616285,-32.01564270449262
700,4.0,-1.0,0.85,2,-30.205975278890666,-29.51796161976531,-28.809751183716056,-32.01440281548466
700,4.0,-1.0,0.85,10,-30.30343225410716,-29.723929795435666,-28.982612425532295,-31.73596433546658
700,4.0,-0.5,0.1,-1,-30.487867082557333,-29.511504077227308,-28.179367325309425,-31.88002921166069
700,4.0,-0.5,0.1,2,-30.417535032276884,-29.606859650653398,-28.418952905436612,-31.88852044703733
700,4.0,-0.5,0.1,10,-30.374357010027616,-29.707459503900036,-28.475166308289104,-31.707826921825742
700,4.0,-0.5,0.55,-1,-30.559876876645163,-29.489149510022425,-28.465507188075097,-31.88402490646995
700,4.0,-0.5,0.55,2,-30.517560297497184,-29.583778825867846,-28.647180534205976,-31.830377211084183
700,4.0,-0.5,0.55,10,-30.567264180888838,-29.776313586761283,-28.841188431149824,-31.50040444672607
700,4.0,-0.5,0.85,-1,-30.508511960328896,-29.511475193666904,-28.587795002663103,-31.90008129542015
700,4.0,-0.5,0.85,2,-30.483075633900416,-29.6021375130056,-28.729736278500205,-31.806833551619583
700,4.0,-0.5,0.85,10,-30.551562181577975,-29.811422429337426,-28.961549862770482,-31.437297105795608
700,4.0,-0.25,0.1,-1,-30.562311953222327,-29.559709077590853,-28.170793284979663,-31.804261429496275
700,4.0,-0.25,0.1,2,-30.458791545780507,-29.59982867920261,-28.375438900202038,-31.78307973226019
700,4.0,-0.25,0.1,10,-30.332773293000905,-29.840343432748163,-28.473344066349956,-31.657092699985135
700,4.0,-0.25,0.55,-1,-30.63960659031813,-29.524168041565293,-28.468567863146667,-31.81701122996142
700,4.0,-0.25,0.55,2,-30.600598537563943,-29.59518987518182,-28.65095030902163,-31.727775102841544
700,4.0,-0.25,0.55,10,-30.5800910586632,-29.797885253451938,-28.841448280601742,-31.37079385764309
700,4.0,-0.25,0.85,-1,-30.625424541488037,-29.55163231348744,-28.57448226567204,-31.826075886443963
700,4.0,-0.25,0.85,2,-30.650983311193535,-29.596793278057607,-28.70974047973785,-31.67723111641284
700,4.0,-0.25,0.85,10,-30.592624981345615,-29.83668214466054,-28.987059952641555,-31.283147039821944
700,4.0,+0.0,0.1,-1,-30.53817358942956,-29.603368498484247,-28.251151346129898,-31.76669568396327
700,4.0,+0.0,0.1,2,-30.490517188523217,-29.604695413158787,-28.414984930915608,-31.70110369021629
700,4.0,+0.0,0.1,10,-30.188113543666347,-29.805837776867328,-28.353734090453642,-31.531066351306556
700,4.0,+0.0,0.55,-1,-30.680895470041346,-29.525282549451944,-28.491060581129773,-31.747600720574912
700,4.0,+0.0,0.55,2,-30.66505956019136,-29.589596089711026,-28.668334276242383,-31.595225297960965
700,4.0,+0.0,0.55,10,-30.664135322590358,-29.779969574549394,-28.827021375279944,-31.23433577268151
700,4.0,+0.0,0.85,-1,-30.719211502054883,-29.543358405439214,-28.5960306306807,-31.75240326717404
700,4.0,+0.0,0.85,2,-30.653795548945226,-29.622276414025478,-28.766010951247218,-31.517613451875818
700,4.0,+0.0,0.85,10,-30.59537619515432,-29.87851167965195,-29.11854161432544,-31.143469616638974
700,4.0,+0.25,0.1,-1,-30.476144541236376,-29.575023227992617,-28.309878814538468,-31.711865554636198
700,4.0,+0.25,0.1,2,-30.47486330166137,-29.589747219251365,-28.464680558184753,-31.599013095591097
700,4.0,+0.25,0.1,10,-30.067953251922837,-29.825633168907718,-28.336472087184802,-31.449352436636786
700,4.0,+0.25,0.55,-1,-30.615896672684787,-29.51212767696672,-28.541575155601535,-31.68127888004239
700,4.0,+0.25,0.55,2,-30.657173647884598,-29.578220702457276,-28.722626000837877,-31.430692925340132
700,4.0,+0.25,0.55,10,-30.65602326864336,-29.75727256074674,-28.776677843007597,-31.12468647842155
700,4.0,+0.25,0.85,-1,-30.613834047075894,-29.562769293847047,-28.639067305972628,-31.682490118229328
700,4.0,+0.25,0.85,2,-30.53636366909958,-29.642939293109034,-28.90254381112342,-31.36840647490438
700,4.0,+0.25,0.85,10,-30.616461512353787,-29.81606188392931,-29.107333441131857,-30.99250486568344
700,4.0,+0.5,0.1,-1,-30.426464876686055,-29.572292721089674,-28.386312057345524,-31.666731012064197
700,4.0,+0.5,0.1,2,-30.43098958297446,-29.572389451803403,-28.55828320942973,-31.488050725996732
700,4.0,+0.5,0.1,10,-29.88571583649765,-29.79212229213894,-28.320001424987037,-31.36744908876763
700,4.0,+0.5,0.55,-1,-30.893653159181422,-29.508344523461037,-28.562409244593375,-31.59589167289241
700,4.0,+0.5,0.55,2,-30.864074839192153,-29.540125718742075,-28.782215647428764,-31.267831873637434
700,4.0,+0.5,0.55,10,-30.628952356543596,-29.73256237382049,-28.776044145152646,-31.039498999872848
700,4.0,+0.5,0.85,-1,-30.754595416493842,-29.657940714055798,-28.68936689819388,-31.597000558096262
700,4.0,+0.5,0.85,2,-30.717965113514815,-29.68838548876569,-28.996193074624,-31.19491286576851
700,4.0,+0.5,0.85,10,-30.70254547989105,-29.851797710551438,-29.23995995090806,-30.80746560284149
700,4.0,+0.75,0.1,-1,-30.358274191786588,-29.58059256646269,-28.4673517490848,-31.621702616153456
700,4.0,+0.75,0.1,2,-30.279989930235132,-29.55477306356622,-28.625414832470245,-31.398451355528614
700,4.0,+0.75,0.1,10,-29.701355378425536,-29.7188206080991,-28.299573948123765,-31.28363050917381
700,4.0,+0.75,0.55,-1,-30.790440019046223,-29.505697259597554,-28.657458409850825,-31.524360960034237
700,4.0,+0.75,0.55,2,-30.79360700755723,-29.51220500781465,-28.89066388311869,-31.135760935317528
700,4.0,+0.75,0.55,10,-30.561235972616533,-29.7405287901295,-28.782574632159275,-30.972356689881018
700,4.0,+0.75,0.85,-1,-30.659616100087174,-29.65511232602061,-28.786933204475872,-31.53057869319415
700,4.0,+0.75,0.85,2,-30.656127230897003,-29.675933339015437,-29.12790564414982,-31.07412220672765
700,4.0,+0.75,0.85,10,-30.72142121125509,-29.879916040110402,-29.378191584688572,-30.661659494076645
700,4.0,+1.0,0.1,-1,-30.238550777857547,-29.532977381239828,-28.57283636721641,-31.574912093524418
700,4.0,+1.0,0.1,2,-30.2412749794591,-29.584693313548666,-28.63634322911729,-31.319572072056925
700,4.0,+1.0,0.1,10,-29.55781720131503,-29.645047451548336,-28.314482601852013,-31.20904074874362
700,4.0,+1.0,0.55,-1,-30.743044125896567,-29.48868941280808,-28.70612044215266,-31.44187718285981
700,4.0,+1.0,0.55,2,-30.751199665355657,-29.50134620291642,-28.96628838581445,-31.025915313514464
700,4.0,+1.0,0.55,10,-30.392826914115915,-29.712091164642548,-28.809504507921577,-30.8997190097485
700,4.0,+1.0,0.85,-1,-30.832309378911443,-29.744554973786926,-28.823324835270796,-31.44437544644926
700,4.0,+1.0,0.85,2,-30.875720357267635,-29.724507789026163,-29.214728064566096,-30.941752325924227
700,4.0,+1.0,0.85,10,-30.626420059941715,-29.809764522171292,-29.47185386498848,-30.473149133319815
700,4.5,-2.5,0.1,-1,-28.680939738088206,-29.45790887914224,-29.191466180123605,-31.988217852364357
700,4.5,-2.5,0.1,2,-28.687681925383444,-29.456922023402406,-29.187258059031443,-31.986269308445713
700,4.5,-2.5,0.1,10,-28.706200134069086,-29.430012228690096,-29.1715391615598,-31.990272443229774
700,4.5,-2.5,0.55,-1,-28.78148489573146,-29.610821940195837,-29.296000113175744,-32.012520701501664
700,4.5,-2.5,0.55,2,-28.76382118014272,-29.597054010201738,-29.30429185595073,-32.011298245407644
700,4.5,-2.5,0.55,10,-28.80357063907686,-29.5734926189772,-29.277233365486847,-32.01744656018663
700,4.5,-2.5,0.85,-1,-28.747414306800287,-29.63562967700248,-29.29803868528065,-32.01670776122868
700,4.5,-2.5,0.85,2,-28.75958105610458,-29.626805713521232,-29.28544423546832,-32.01145243786595
700,4.5,-2.5,0.85,10,-28.789840280951786,-29.60869200300649,-29.27085526195515,-32.02064035897714
700,4.5,-2.0,0.1,-1,-29.084636576385478,-29.37375154261995,-29.010699340522315,-32.068034352705496
700,4.5,-2.0,0.1,2,-29.09425618459109,-29.38828824357615,-29.027594589806654,-32.066871363864685
700,4.5,-2.0,0.1,10,-29.106419539844296,-29.36758728267894,-29.006080134476285,-32.06371901869255
700,4.5,-2.0,0.55,-1,-29.19257459501198,-29.570915067262263,-29.14971749822245,-32.104653931851786
700,4.5,-2.0,0.55,2,-29.187205591017946,-29.576202316708656,-29.159275716466517,-32.10462211642158
700,4.5,-2.0,0.55,10,-29.224318600341057,-29.5517361545399,-29.151384940719204,-32.09435692649349
700,4.5,-2.0,0.85,-1,-29.178731934321576,-29.61184410667525,-29.175658361485716,-32.087818229876206
700,4.5,-2.0,0.85,2,-29.16101909385923,-29.607828788177557,-29.19221426673865,-32.08946757875957
700,4.5,-2.0,0.85,10,-29.224598996056006,-29.584796704582775,-29.1625746185167,-32.07934719591977
700,4.5,-1.5,0.1,-1,-29.57279406728873,-29.27886370361155,-28.674106454705182,-32.102625849043804
700,4.5,-1.5,0.1,2,-29.5525409225679,-29.290207960973138,-28.724889044113418,-32.1038748477505
700,4.5,-1.5,0.1,10,-29.561057961287535,-29.328027893565213,-28.76530650210322,-32.086386420698865
700,4.5,-1.5,0.55,-1,-29.722872609378143,-29.473535160077567,-28.880200303875508,-32.133257347906266
700,4.5,-1.5,0.55,2,-29.69121172190309,-29.49587447576079,-28.915154712908855,-32.128408524422426
700,4.5,-1.5,0.55,10,-29.737804477123614,-29.522335267213716,-28.94318198595814,-32.085057465890465
700,4.5,-1.5,0.85,-1,-29.694890988830373,-29.48384152817914,-28.916320232858737,-32.119005025236056
700,4.5,-1.5,0.85,2,-29.669705658652106,-29.49758179652049,-28.964137293760366,-32.119829256774274
700,4.5,-1.5,0.85,10,-29.717289154656186,-29.53075511362044,-28.9937368367106,-32.06989314103517
700,4.5,-1.0,0.1,-1,-30.066567434104016,-29.32496823096381,-28.319510434183787,-32.07456526779348
700,4.5,-1.0,0.1,2,-30.003799842180932,-29.38958318333345,-28.459962044302117,-32.08335735255013
700,4.5,-1.0,0.1,10,-30.041857916644716,-29.485090471892622,-28.52115070115799,-31.976031815293293
700,4.5,-1.0,0.55,-1,-30.180408363661147,-29.410230684579854,-28.543934340172186,-32.07933516294173
700,4.5,-1.0,0.55,2,-30.128144929385172,-29.476571749895257,-28.669139248950117,-32.078375488053084
700,4.5,-1.0,0.55,10,-30.229182443147458,-29.63469828377276,-28.762110311976983,-31.880469810942472
700,4.5,-1.0,0.85,-1,-30.166469160415804,-29.462814210577942,-28.668707154672518,-32.089053012605476
700,4.5,-1.0,0.85,2,-30.106567890619033,-29.5352111211903,-28.790143194545415,-32.08065954291536
700,4.5,-1.0,0.85,10,-30.22351013329033,-29.70656056709899,-28.88730718638191,-31.847133896727215
700,4.5,-0.5,0.1,-1,-30.4231506394653,-29.487566185846493,-28.12926754660281,-31.949436418880456
700,4.5,-0.5,0.1,2,-30.368788507399458,-29.574281260300594,-28.270261925191008,-31.952261027735528
700,4.5,-0.5,0.1,10,-30.356147417830194,-29.693881064422527,-28.372865832163697,-31.784464847439086
700,4.5,-0.5,0.55,-1,-30.490741371416377,-29.48908898919894,-28.398538296960837,-31.95706667665029
700,4.5,-0.5,0.55,2,-30.46388206306184,-29.587603708841563,-28.520910865646172,-31.925899041636324
700,4.5,-0.5,0.55,10,-30.516615914719907,-29.7961794591536,-28.727873385224516,-31.623341396759756
700,4.5,-0.5,0.85,-1,-30.492926891066002,-29.492392370739736,-28.52454912665077,-31.972954581255543
700,4.5,-0.5,0.85,2,-30.444803465781867,-29.609150461059347,-28.618263304836233,-31.920048271260832
700,4.5,-0.5,0.85,10,-30.507415985771868,-29.83219287111915,-28.842500728232572,-31.560865683814605
700,4.5,-0.25,0.1,-1,-30.56022270231487,-29.553801251123282,-28.092163312560494,-31.86969552347015
700,4.5,-0.25,0.1,2,-30.499817657464053,-29.641220019377762,-28.232078223871227,-31.862506482104337
700,4.5,-0.25,0.1,10,-30.431957220439937,-29.78049025813565,-28.302897788270496,-31.682131387615186
700,4.5,-0.25,0.55,-1,-30.56147911702338,-29.523677907370413,-28.383191699536333,-31.887460793109575
700,4.5,-0.25,0.55,2,-30.548069216067162,-29.61042487009302,-28.506575022110642,-31.831846537904312
700,4.5,-0.25,0.55,10,-30.59109735983297,-29.8138331478835,-28.691266429704587,-31.489006130110816
700,4.5,-0.25,0.85,-1,-30.56864120943196,-29.541807127626917,-28.49319943976432,-31.903088141457175
700,4.5,-0.25,0.85,2,-30.539580405026243,-29.64092194730297,-28.58689731326395,-31.8220458170827
700,4.5,-0.25,0.85,10,-30.581999005431072,-29.847298754418453,-28.812780697368687,-31.43461339930123
700,4.5,+0.0,0.1,-1,-30.626418821436307,-29.607644470018624,-28.094609708106148,-31.800667013090433
700,4.5,+0.0,0.1,2,-30.56318325655152,-29.68132213861841,-28.234623870506223,-31.74099950443573
700,4.5,+0.0,0.1,10,-30.406371842140615,-29.834521488475545,-28.269779544134778,-31.5914819172912
700,4.5,+0.0,0.55,-1,-30.615090699193168,-29.542749857654435,-28.349235996631865,-31.80789229848452
700,4.5,+0.0,0.55,2,-30.61381707665131,-29.626981025431327,-28.532162867985452,-31.610973886809862
700,4.5,+0.0,0.55,10,-30.642605945263007,-29.82822562527875,-28.69587536208058,-31.362127731278623
700,4.5,+0.0,0.85,-1,-30.573355374122535,-29.54841709599797,-28.466323044337965,-31.82036170521507
700,4.5,+0.0,0.85,2,-30.55401423800419,-29.635633429883335,-28.606806855019883,-31.72451897610175
700,4.5,+0.0,0.85,10,-30.63069957854757,-29.862226213571702,-28.85143867539721,-31.285956818535947
700,4.5,+0.25,0.1,-1,-30.572125925121586,-29.648998634325356,-28.171104248506488,-31.76631396706144
700,4.5,+0.25,0.1,2,-30.567218240706744,-29.70539593236792,-28.322562034778763,-31.630550837237106
700,4.5,+0.25,0.1,10,-30.2105987204505,-29.884511479961155,-28.24459927357494,-31.521391495871466
700,4.5,+0.25,0.55,-1,-30.644830333898025,-29.5501938313719,-28.37336467594751,-31.740101905691937
700,4.5,+0.25,0.55,2,-30.628096718478975,-29.601290569709025,-28.53477779212071,-31.63967191582082
700,4.5,+0.25,0.55,10,-30.697681290271955,-29.83899091511537,-28.720246700590142,-31.24521133469251
700,4.5,+0.25,0.85,-1,-30.788387542217226,-29.58666603298908,-28.478427310529813,-31.74856910653201
700,4.5,+0.25,0.85,2,-30.72047116478998,-29.687691893954362,-28.65097923146977,-31.59922597762585
700,4.5,+0.25,0.85,10,-30.637914050189174,-29.858039126043646,-28.895110990820818,-31.144184699492374
700,4.5,+0.5,0.1,-1,-30.54689447849542,-29.648063206636046,-28.23007085534963,-31.717124537977924
700,4.5,+0.5,0.1,2,-30.509242044156437,-29.64636935849057,-28.31873007529986,-31.625066863206555
700,4.5,+0.5,0.1,10,-30.148514276613238,-29.894946957648298,-28.223230444379407,-31.45113520580309
700,4.5,+0.5,0.55,-1,-30.78103199230724,-29.55972863046179,-28.424571012049856,-31.674277712389028
700,4.5,+0.5,0.55,2,-30.80063762525438,-29.607257011397156,-28.56387525574919,-31.49544966001725
700,4.5,+0.5,0.55,10,-30.67554426856048,-29.85373328901334,-28.64765205412003,-31.170283270030094
700,4.5,+0.5,0.85,-1,-30.888366095711493,-29.609592203022373,-28.55083035617813,-31.686931234295848
700,4.5,+0.5,0.85,2,-30.910550276273998,-29.700715397302933,-28.705865934952563,-31.422784692119233
700,4.5,+0.5,0.85,10,-30.673479319933833,-29.877232707344177,-28.98710826121256,-31.007451076649488
700,4.5,+0.75,0.1,-1,-30.413300696597414,-29.633543163618658,-28.309302739511338,-31.676314497055202
700,4.5,+0.75,0.1,2,-30.403136243039548,-29.63317147280769,-28.40990700734212,-31.527780604334225
700,4.5,+0.75,0.1,10,-29.958170895337304,-29.822518291752985,-28.162147458244355,-31.33952661590253
700,4.5,+0.75,0.55,-1,-30.912250687894186,-29.55379364381356,-28.48359187421634,-31.603738497042816
700,4.5,+0.75,0.55,2,-30.926517134915755,-29.611938059154475,-28.633109107345575,-31.325603439353205
700,4.5,+0.75,0.55,10,-30.4911932079855,-29.816287479151697,-28.6264008195296,-31.078102561461524
700,4.5,+0.75,0.85,-1,-30.72850499953754,-29.603580913152395,-28.601649327579022,-31.608361548618277
700,4.5,+0.75,0.85,2,-30.78740304445265,-29.663009929723884,-28.81385096707417,-31.249555765316718
700,4.5,+0.75,0.85,10,-30.718413025585633,-29.854850577733476,-29.09944540253005,-30.822418277473176
700,4.5,+1.0,0.1,-1,-30.343735025170908,-29.627717706994513,-28.37746443926006,-31.629786208744505
700,4.5,+1.0,0.1,2,-30.357592691029858,-29.62718575902935,-28.517141408514185,-31.42842909579755
700,4.5,+1.0,0.1,10,-29.781094002416527,-29.79670889063705,-28.161036129361,-31.288778887873498
700,4.5,+1.0,0.55,-1,-30.68226589841309,-29.539876114139734,-28.519438668805883,-31.522697815096684
700,4.5,+1.0,0.55,2,-30.68125141991014,-29.550795961516855,-28.752299263647807,-31.175625572081618
700,4.5,+1.0,0.55,10,-30.563850385983834,-29.83620347412168,-28.64764362628206,-30.992166048765878
700,4.5,+1.0,0.85,-1,-30.948828219172672,-29.681110137623847,-28.663427003180274,-31.52466625413534
700,4.5,+1.0,0.85,2,-30.9664755819723,-29.743868693173955,-28.92266108496299,-31.084169800993614
700,4.5,+1.0,0.85,10,-30.49692074388861,-29.80818182600306,-29.225421103328465,-30.673001566635808
700,5.0,-2.5,0.1,-1,-28.59261045892087,-29.51400893900192,-29.229455687148427,-31.96274132649545
700,5.0,-2.5,0.1,2,-28.60924998150235,-29.518618261084644,-29.226371593645393,-31.959031067936237
700,5.0,-2.5,0.1,10,-28.610128973618178,-29.486947431516665,-29.21535054568039,-31.965916936789718
700,5.0,-2.5,0.55,-1,-28.664870122802864,-29.634595334755925,-29.31801687486498,-31.987916598985088
700,5.0,-2.5,0.55,2,-28.675868798458545,-29.634719664783976,-29.31120080240766,-31.983715006371312
700,5.0,-2.5,0.55,10,-28.69296326701008,-29.616390199304604,-29.303003312438985,-31.990455405845104
700,5.0,-2.5,0.85,-1,-28.631193025979563,-29.641340179983374,-29.313917196682638,-31.98380825345393
700,5.0,-2.5,0.85,2,-28.63708988284188,-29.641817042462613,-29.311402710025774,-31.981634048664386
700,5.0,-2.5,0.85,10,-28.681766002495582,-29.628724747197793,-29.287083559384108,-31.9876999202131
700,5.0,-2.0,0.1,-1,-28.896263750587806,-29.420341347043127,-29.09737800250404,-32.043579084977544
700,5.0,-2.0,0.1,2,-28.900618579811912,-29.426752237213854,-29.09160347739116,-32.04451972065766
700,5.0,-2.0,0.1,10,-28.94441782619154,-29.4117299866313,-29.06362827834294,-32.04623655382938
700,5.0,-2.0,0.55,-1,-29.004501548322782,-29.61260356877076,-29.22354851216231,-32.074898345050194
700,5.0,-2.0,0.55,2,-29.015570027589213,-29.61919309526335,-29.21708377880706,-32.071545713331865
700,5.0,-2.0,0.55,10,-29.05078141667287,-29.58196300291764,-29.18809296351279,-32.07812179958665
700,5.0,-2.0,0.85,-1,-29.014841336521787,-29.67181288072257,-29.241228292635984,-32.07146843027195
700,5.0,-2.0,0.85,2,-29.01968598748236,-29.673422551954282,-29.238865261163077,-32.07100323692261
700,5.0,-2.0,0.85,10,-29.055528116603753,-29.61644626242283,-29.206077163817405,-32.07567341906752
700,5.0,-1.5,0.1,-1,-29.35527448162935,-29.31104674211663,-28.798527690446974,-32.09684074438796
700,5.0,-1.5,0.1,2,-29.351100971198996,-29.31742212563444,-28.813898301455133,-32.095533402751386
700,5.0,-1.5,0.1,10,-29.380539285440967,-29.31918251451224,-28.793482178633397,-32.08846685458295
700,5.0,-1.5,0.55,-1,-29.470792747213842,-29.513724115049964,-28.957100410330714,-32.132396206244344
700,5.0,-1.5,0.55,2,-29.46745942843464,-29.520898415457527,-28.977549086286807,-32.13229977380292
700,5.0,-1.5,0.55,10,-29.51874512920544,-29.512837221346764,-28.95433473526221,-32.1089895457801
700,5.0,-1.5,0.85,-1,-29.4698456399436,-29.542310404249154,-28.994262879136233,-32.120352199369705
700,5.0,-1.5,0.85,2,-29.45637731187478,-29.566624556971043,-29.039212424416906,-32.12353949910855
700,5.0,-1.5,0.85,10,-29.516564483677257,-29.53797355039837,-29.002184167413354,-32.09327806794961
700,5.0,-1.0,0.1,-1,-29.879213327846905,-29.286998275841405,-28.387151016073243,-32.10548860121659
700,5.0,-1.0,0.1,2,-29.868119309402733,-29.316726157760936,-28.450994211294955,-32.10733056758189
700,5.0,-1.0,0.1,10,-29.877042215591757,-29.36893451843865,-28.498245901555567,-32.06231890944427
700,5.0,-1.0,0.55,-1,-30.04682152418226,-29.420649581286686,-28.596733324039583,-32.12071118299577
700,5.0,-1.0,0.55,2,-30.0139299262145,-29.476388611799624,-28.68247916085408,-32.11739486644273
700,5.0,-1.0,0.55,10,-30.046528330168044,-29.536647393048074,-28.7116799707537,-32.027873230743246
700,5.0,-1.0,0.85,-1,-30.007757978439127,-29.437337924815292,-28.670524614592953,-32.117450905608095
700,5.0,-1.0,0.85,2,-29.987463820987543,-29.485630945130865,-28.74140367779262,-32.11882944735754
700,5.0,-1.0,0.85,10,-30.074872811989543,-29.57472024425239,-28.76635350995441,-31.994817492862374
700,5.0,-0.5,0.1,-1,-30.338695435821315,-29.408824223668056,-28.09003700082963,-32.004728991783644
700,5.0,-0.5,0.1,2,-30.27433811430061,-29.520404463155728,-28.20353622155292,-32.0154514877795
700,5.0,-0.5,0.1,10,-30.31154747417964,-29.621607508259892,-28.25767301959271,-31.85639401402154
700,5.0,-0.5,0.55,-1,-30.379449016736263,-29.458001613552792,-28.392831739955582,-32.03387659654217
700,5.0,-0.5,0.55,2,-30.375084365286902,-29.59056639303892,-28.469521290894786,-32.0053304193292
700,5.0,-0.5,0.55,10,-30.44713152036873,-29.755631396369928,-28.59389810665863,-31.753662643404695
700,5.0,-0.5,0.85,-1,-30.364607389395992,-29.457897437722572,-28.492176350234608,-32.04056850580428
700,5.0,-0.5,0.85,2,-30.349722610373785,-29.600425621512013,-28.585587677003204,-32.00400983532295
700,5.0,-0.5,0.85,10,-30.44906243908803,-29.786241408209627,-28.706010198749908,-31.71460145710094
700,5.0,-0.25,0.1,-1,-30.467138520140136,-29.50489212022913,-28.070655436943454,-31.950594041659063
700,5.0,-0.25,0.1,2,-30.432101883317024,-29.6162460236401,-28.137616257871713,-31.936120795427343
700,5.0,-0.25,0.1,10,-30.429196139208425,-29.731383055925594,-28.175654426389013,-31.75426879488227
700,5.0,-0.25,0.55,-1,-30.482917713701788,-29.50354369700341,-28.36415607671865,-31.97444783050296
700,5.0,-0.25,0.55,2,-30.503680141529657,-29.664864540210377,-28.428816287772328,-31.922053420160033
700,5.0,-0.25,0.55,10,-30.53887693480659,-29.821766559309964,-28.587011053922215,-31.627357996685635
700,5.0,-0.25,0.85,-1,-30.503206892200495,-29.514471910955397,-28.4796642760276,-31.991473361955606
700,5.0,-0.25,0.85,2,-30.511549626152853,-29.687794207132015,-28.56246835977554,-31.921522995506425
700,5.0,-0.25,0.85,10,-30.53520299996158,-29.839065827606277,-28.72812317637893,-31.58540123288114
700,5.0,+0.0,0.1,-1,-30.56647390061437,-29.596599420137807,-28.06830964812842,-31.88867053317502
700,5.0,+0.0,0.1,2,-30.55385002653674,-29.720709086622108,-28.106004444903647,-31.850245047314367
700,5.0,+0.0,0.1,10,-30.47406693221085,-29.829181461405664,-28.11461086060756,-31.660442133289948
700,5.0,+0.0,0.55,-1,-30.603310134571817,-29.561125251106667,-28.33881644123164,-31.904521584480342
700,5.0,+0.0,0.55,2,-30.5814776055305,-29.690423817705867,-28.385550320104688,-31.80475266358403
700,5.0,+0.0,0.55,10,-30.601179547055906,-29.843047588648254,-28.55911813393924,-31.50084999903033
700,5.0,+0.0,0.85,-1,-30.455413458180676,-29.536138823294557,-28.419407776048374,-31.908396986899277
700,5.0,+0.0,0.85,2,-30.42499469474756,-29.700874730105408,-28.502699418446575,-31.783565275217054
700,5.0,+0.0,0.85,10,-30.600217214580038,-29.876189871640292,-28.747870397410026,-31.436897363084135
700,5.0,+0.25,0.1,-1,-30.62298144066083,-29.66422018376786,-28.084680181941046,-31.82990294292913
700,5.0,+0.25,0.1,2,-30.60495311221654,-29.74383845633088,-28.09621810368638,-31.75020696488189
700,5.0,+0.25,0.1,10,-30.401871279556087,-29.9077674041878,-28.07135538880788,-31.585786199179626
700,5.0,+0.25,0.55,-1,-30.597970379934484,-29.56600685861751,-28.27944209329694,-31.81297836417801
700,5.0,+0.25,0.55,2,-30.612555027795125,-29.69216650208084,-28.379053419831738,-31.66468377049727
700,5.0,+0.25,0.55,10,-30.52780138234272,-29.880608641554907,-28.580413234118836,-31.391564470359228
700,5.0,+0.25,0.85,-1,-30.619106977574738,-29.57927890834558,-28.386710966885236,-31.8276747527019
700,5.0,+0.25,0.85,2,-30.62400966584913,-29.74134598534539,-28.519761855874755,-31.619303218077942
700,5.0,+0.25,0.85,10,-30.628076277359767,-29.868739208985463,-28.69767437107849,-31.308100718236478
700,5.0,+0.5,0.1,-1,-30.61791727020279,-29.67815944460043,-28.090614756481,-31.76612104150258
700,5.0,+0.5,0.1,2,-30.625084618919516,-29.76630789399307,-28.164153640316965,-31.662775870913215
700,5.0,+0.5,0.1,10,-30.32357654528704,-29.948027299215255,-28.022027740321395,-31.50679886078506
700,5.0,+0.5,0.55,-1,-30.63036853471132,-29.585572709506028,-28.270264497214406,-31.738537761321464
700,5.0,+0.5,0.55,2,-30.632679488322307,-29.68748437729908,-28.450268773060504,-31.506828111545154
700,5.0,+0.5,0.55,10,-30.657380156131463,-29.861039810464348,-28.55479800940527,-31.266010465969615
700,5.0,+0.5,0.85,-1,-30.596181330380862,-29.596012830034812,-28.370494421319215,-31.7484471533054
700,5.0,+0.5,0.85,2,-30.60892321977091,-29.736417786286058,-28.578537405684425,-31.429062550314455
700,5.0,+0.5,0.85,10,-30.680867717160712,-29.87756262811192,-28.735048888780913,-31.17007152392442
700,5.0,+0.75,0.1,-1,-30.594145341264504,-29.695185307549217,-28.133773555966165,-31.718285373501548
700,5.0,+0.75,0.1,2,-30.59785610831385,-29.746140112012153,-28.25350526455372,-31.54963475237041
700,5.0,+0.75,0.1,10,-30.16580044748082,-29.9573713110042,-28.022261899545153,-31.431731358600548
700,5.0,+0.75,0.55,-1,-30.67441950861227,-29.602517725934625,-28.319128103864646,-31.674983107588062
700,5.0,+0.75,0.55,2,-30.659218656007194,-29.68358884232923,-28.55869616388496,-31.339273356197637
700,5.0,+0.75,0.55,10,-30.711412919273716,-29.845081355815474,-28.54895103102428,-31.14895535471856
700,5.0,+0.75,0.85,-1,-30.761900493100264,-29.63510321940706,-28.407230288059203,-31.674122610327025
700,5.0,+0.75,0.85,2,-30.912273669745538,-29.773220052799875,-28.693876701776617,-31.253204511264656
700,5.0,+0.75,0.85,10,-30.73530064536534,-29.901335656772222,-28.848687049929943,-31.01694693187453
700,5.0,+1.0,0.1,-1,-30.441491559510425,-29.692065169484284,-28.22354452334869,-31.686124700365742
700,5.0,+1.0,0.1,2,-30.43959731073179,-29.71905147214963,-28.364894794732653,-31.45993193906949
700,5.0,+1.0,0.1,10,-29.967870908222952,-29.91280628381635,-27.996100846201088,-31.35662954087286
700,5.0,+1.0,0.55,-1,-30.722066771952527,-29.560460852351426,-28.361349672447368,-31.598682763303707
700,5.0,+1.0,0.55,2,-30.74992572834864,-29.63208339469876,-28.638120881845733,-31.189564970428712
700,5.0,+1.0,0.55,10,-30.487140589833736,-29.87218945430005,-28.47731449609002,-31.1118375814505
700,5.0,+1.0,0.85,-1,-30.921701164761657,-29.671343835788594,-28.472241358740664,-31.601967737071696
700,5.0,+1.0,0.85,2,-30.729930271646744,-29.70511279889549,-28.792270914489574,-31.104816624478843
700,5.0,+1.0,0.85,10,-30.666260070402245,-29.78949436888744,-28.902298025561933,-30.850353873634425
700,5.25,-2.5,0.1,-1,-28.41032374520609,-29.443525700064875,-29.169510656961126,-31.917420786812748
700,5.25,-2.5,0.1,2,-28.441565636002313,-29.459945173514445,-29.158439938730048,-31.917373710312184
700,5.25,-2.5,0.1,10,-28.439854109071515,-29.432723432326068,-29.15207199009531,-31.919048506707416
700,5.25,-2.5,0.55,-1,-28.495134559044473,-29.55988522654404,-29.2452402535713,-31.95068141406615
700,5.25,-2.5,0.55,2,-28.5278820540833,-29.584057759368886,-29.233268749894606,-31.950231473496558
700,5.25,-2.5,0.55,10,-28.526156883691314,-29.54976951850338,-29.22829143431602,-31.9564714311419
700,5.25,-2.5,0.85,-1,-28.48272548970367,-29.581160440439454,-29.267318823321126,-31.946824156414856
700,5.25,-2.5,0.85,2,-28.47405476363675,-29.576108641784504,-29.27497606763847,-31.948473796373893
700,5.25,-2.5,0.85,10,-28.51689843400098,-29.575447385504074,-29.267142343885606,-31.955422993302655
700,5.25,-2.0,0.1,-1,-28.764972000860517,-29.385414824860216,-29.07247811183398,-31.985395000783775
700,5.25,-2.0,0.1,2,-28.757267494224962,-29.372340019559378,-29.07383536780582,-31.983088098811653
700,5.25,-2.0,0.1,10,-28.780875323432625,-29.34283542465526,-29.051978811620472,-31.987298646833008
700,5.25,-2.0,0.55,-1,-28.875095033153197,-29.57550706421567,-29.185929818533506,-32.02733730106951
700,5.25,-2.0,0.55,2,-28.87730948209313,-29.57333039634131,-29.188590442784168,-32.02644611234653
700,5.25,-2.0,0.55,10,-28.905091825500428,-29.532684354343743,-29.158117638293287,-32.03144562912942
700,5.25,-2.0,0.85,-1,-28.854972551459884,-29.605760392709975,-29.199042809691136,-32.0107640950973
700,5.25,-2.0,0.85,2,-28.830320601928836,-29.588480685887966,-29.204502235865057,-32.01193495127824
700,5.25,-2.0,0.85,10,-28.889522098351975,-29.556907244846897,-29.18379662723111,-32.02245375807942
700,5.25,-1.5,0.1,-1,-29.23019915311579,-29.265275385515363,-28.817827114019266,-32.0601314779608
700,5.25,-1.5,0.1,2,-29.219671364101863,-29.263981445894125,-28.832766382259493,-32.06011688097482
700,5.25,-1.5,0.1,10,-29.23999871595364,-29.244867313300475,-28.802078322903416,-32.057426320666494
700,5.25,-1.5,0.55,-1,-29.361630148268546,-29.472453942058017,-28.949118641871443,-32.09263018567401
700,5.25,-1.5,0.55,2,-29.355665522486344,-29.482427299383914,-28.985171095261528,-32.097712374003336
700,5.25,-1.5,0.55,10,-29.386736335613545,-29.45175895509262,-28.942998004430947,-32.08337053695607
700,5.25,-1.5,0.85,-1,-29.31658349415949,-29.50540867676542,-28.99762424433934,-32.084424282887376
700,5.25,-1.5,0.85,2,-29.349947563864443,-29.522617055206574,-29.009413082830854,-32.08589123585689
700,5.25,-1.5,0.85,10,-29.39199336957723,-29.502564735208455,-28.982604809471916,-32.09315573814845
700,5.25,-1.0,0.1,-1,-29.76529268909379,-29.26814179751311,-28.416155651970435,-32.107379853870974
700,5.25,-1.0,0.1,2,-29.752632540490872,-29.295626347373908,-28.45550135483359,-32.107130192076674
700,5.25,-1.0,0.1,10,-29.773800265533833,-29.33467138213416,-28.47815032856117,-32.07311155158567
700,5.25,-1.0,0.55,-1,-29.88394443510288,-29.399750110349764,-28.611761474654386,-32.12696614372106
700,5.25,-1.0,0.55,2,-29.86781019916577,-29.425677280360635,-28.655818985123148,-32.126715619101034
700,5.25,-1.0,0.55,10,-29.93877248471001,-29.485462535346297,-28.665530302780688,-32.04835212447573
700,5.25,-1.0,0.85,-1,-29.914371592103365,-29.49144071545223,-28.718093715237536,-32.13739018507421
700,5.25,-1.0,0.85,2,-29.85328117424534,-29.49632781276044,-28.7492841481998,-32.130012524988544
700,5.25,-1.0,0.85,10,-29.968816258133288,-29.568137636559598,-28.773891965067577,-32.03379043176159
700,5.25,-0.5,0.1,-1,-30.202006732352203,-29.395251123349965,-28.118880184426377,-32.049020701508525
700,5.25,-0.5,0.1,2,-30.21159411035483,-29.466229268813258,-28.20003112188636,-32.042188526697814
700,5.25,-0.5,0.1,10,-30.249549984777392,-29.534423593405155,-28.247650992512938,-31.94272317771134
700,5.25,-0.5,0.55,-1,-30.309570043297633,-29.43621558795892,-28.380838629516177,-32.065207332851394
700,5.25,-0.5,0.55,2,-30.29729079270509,-29.55183492354712,-28.4628088819427,-32.043884630080655
700,5.25,-0.5,0.55,10,-30.38736121919104,-29.710330598943383,-28.541883787175998,-31.816429000882344
700,5.25,-0.5,0.85,-1,-30.412865623964557,-29.426296207075403,-28.454516577090295,-32.05831412371937
700,5.25,-0.5,0.85,2,-30.36317713159869,-29.492295343711987,-28.482708161830324,-32.02838896103926
700,5.25,-0.5,0.85,10,-30.39662366818132,-29.719384199776044,-28.65581126605615,-31.82660722192844
700,5.25,-0.25,0.1,-1,-30.408334014568602,-29.471103549043455,-28.06058447847789,-31.987485449082097
700,5.25,-0.25,0.1,2,-30.399213957015988,-29.592713147433834,-28.11606350001113,-31.97470467275687
700,5.25,-0.25,0.1,10,-30.41829969984018,-29.694558751528536,-28.16509323983818,-31.80309863796609
700,5.25,-0.25,0.55,-1,-30.48328334359391,-29.510253553242517,-28.368533136560274,-32.02267561507808
700,5.25,-0.25,0.55,2,-30.316989120694018,-29.647406330252096,-28.41331469239939,-31.969047118658356
700,5.25,-0.25,0.55,10,-30.54997550045973,-29.818139421717895,-28.564815670952953,-31.706297178606
700,5.25,-0.25,0.85,-1,-30.425440397442976,-29.471548612797903,-28.43132949638797,-32.01750733206779
700,5.25,-0.25,0.85,2,-30.429268692104593,-29.64571723412048,-28.49784331033636,-31.952412667511272
700,5.25,-0.25,0.85,10,-30.50311369787776,-29.805089978246542,-28.64920498254749,-31.66008334215968
700,5.25,+0.0,0.1,-1,-30.51319801973484,-29.577984819633816,-28.06474164182741,-31.9351816328209
700,5.25,+0.0,0.1,2,-30.515888953025247,-29.683234793714206,-28.046621253022845,-31.88170762523281
700,5.25,+0.0,0.1,10,-30.484256018273207,-29.78205562934746,-28.084000378158578,-31.698628081584754
700,5.25,+0.0,0.55,-1,-30.523182895628914,-29.52808545586332,-28.31522529358387,-31.943537511965367
700,5.25,+0.0,0.55,2,-30.542663676967187,-29.70053325994484,-28.361143589444655,-31.851433006124804
700,5.25,+0.0,0.55,10,-30.601194035807925,-29.850721433239666,-28.562600651430145,-31.58191146977643
700,5.25,+0.0,0.85,-1,-30.508125767434727,-29.515499216028513,-28.411992696151778,-31.95331950599831
700,5.25,+0.0,0.85,2,-30.530861424097296,-29.71927511413149,-28.48369780284369,-31.83239648543551
700,5.25,+0.0,0.85,10,-30.56897207304369,-29.85372205520363,-28.68890848045342,-31.5288938438919
700,5.25,+0.25,0.1,-1,-30.58298759580805,-29.653756976310067,-28.06285652506874,-31.870881825040858
700,5.25,+0.25,0.1,2,-30.537314490014715,-29.77254256684807,-28.04720492510325,-31.793500240531053
700,5.25,+0.25,0.1,10,-30.467441158529844,-29.867672925178702,-28.04560548883081,-31.618217811487163
700,5.25,+0.25,0.55,-1,-30.5770415302188,-29.572083575469787,-28.284328266756805,-31.865638886125733
700,5.25,+0.25,0.55,2,-30.608618375142935,-29.75127602759434,-28.344196637103817,-31.7028871285755
700,5.25,+0.25,0.55,10,-30.626761173033962,-29.84608528063083,-28.50799078400559,-31.45013890243991
700,5.25,+0.25,0.85,-1,-30.59230629863886,-29.57579459455737,-28.386434645688958,-31.88014222492139
700,5.25,+0.25,0.85,2,-30.618559202375593,-29.784404034837646,-28.49184926835936,-31.667637996288605
700,5.25,+0.25,0.85,10,-30.657884147294972,-29.908502545672047,-28.724891010293764,-31.402307869589166
700,5.25,+0.5,0.1,-1,-30.602714305016896,-29.68340067695919,-28.065522915581077,-31.804733998390958
700,5.25,+0.5,0.1,2,-30.622545897243818,-29.810440528315354,-28.084542502100682,-31.690257261923243
700,5.25,+0.5,0.1,10,-30.383764379450618,-29.943482659381495,-28.010152854249455,-31.54923953923472
700,5.25,+0.5,0.55,-1,-30.630023954221922,-29.602306462484247,-28.26075553303464,-31.78880385309303
700,5.25,+0.5,0.55,2,-30.66110079687511,-29.76294261461481,-28.387029428836932,-31.52753290178635
700,5.25,+0.5,0.55,10,-30.648039490832115,-29.858186567492847,-28.499794768934294,-31.33714966536441
700,5.25,+0.5,0.85,-1,-30.5886156121526,-29.597270372971277,-28.353478155912462,-31.794719974964227
700,5.25,+0.5,0.85,2,-30.616501901861874,-29.791941982611082,-28.528311039636,-31.468377962864558
700,5.25,+0.5,0.85,10,-30.73599153243002,-29.898163434450748,-28.669689808921945,-31.259871057460302
700,5.25,+0.75,0.1,-1,-30.602270563382262,-29.698947153154993,-28.086491589452276,-31.749626280870782
700,5.25,+0.75,0.1,2,-30.531776299320704,-29.79828335343847,-28.153946056863507,-31.56860912982078
700,5.25,+0.75,0.1,10,-30.257477414171294,-29.97228337589444,-27.948868671047187,-31.468979126222134
700,5.25,+0.75,0.55,-1,-30.63775283094118,-29.60745298756613,-28.259075171199473,-31.71157703506696
700,5.25,+0.75,0.55,2,-30.68179516930208,-29.726653455859932,-28.442318866703367,-31.342496716286547
700,5.25,+0.75,0.55,10,-30.658326148597776,-29.8526331870562,-28.479905946844887,-31.23018770477207
700,5.25,+0.75,0.85,-1,-30.825904546872458,-29.65057358599582,-28.366727940906763,-31.72247777809862
700,5.25,+0.75,0.85,2,-30.77846768714233,-29.790767977203704,-28.600053873223075,-31.26912271744525
700,5.25,+0.75,0.85,10,-30.671672416705928,-29.85902851147358,-28.710723846202406,-31.103450955586062
700,5.25,+1.0,0.1,-1,-30.54859378956172,-29.706500927980525,-28.12385978478112,-31.70194881329874
700,5.25,+1.0,0.1,2,-30.54723224887094,-29.77807472315253,-28.22965749848506,-31.463869661040334
700,5.25,+1.0,0.1,10,-30.095547516014584,-29.963652588115423,-27.90302038084489,-31.39372329654625
700,5.25,+1.0,0.55,-1,-30.623792332254425,-29.611170752724917,-28.301900848112503,-31.64759046563923
700,5.25,+1.0,0.55,2,-30.59318667685726,-29.697258251749084,-28.561023770929342,-31.208345717589374
700,5.25,+1.0,0.55,10,-30.651762928412197,-29.83478972531767,-28.440660191112237,-31.132520962073276
700,5.25,+1.0,0.85,-1,-30.79215876171915,-29.676995537420474,-28.407743885662256,-31.650515018635524
700,5.25,+1.0,0.85,2,-30.870426637372,-29.74784994296678,-28.595827906379213,-31.331691155799124
700,5.25,+1.0,0.85,10,-30.775493653332063,-29.82226540155552,-28.73248623379899,-30.92967406234034
750,3.5,-2.5,0.1,-1,-29.5629131574011,-29.89461408063284,-29.552000325026377,-32.24479913490411
750,3.5,-2.5,0.1,2,-29.55375739798943,-29.896736765321158,-29.57002747462579,-32.242202563128316
750,3.5,-2.5,0.1,10,-29.53779275772699,-29.87773712899616,-29.595508968539686,-32.242132013110634
750,3.5,-2.5,0.55,-1,-29.635719275736502,-30.06961255763624,-29.66638459949931,-32.276955817708874
750,3.5,-2.5,0.55,2,-29.63595642602854,-30.078415590051037,-29.67460324511098,-32.27831397835359
750,3.5,-2.5,0.55,10,-29.639026680240377,-30.0498585381378,-29.695512931644423,-32.26571801473478
750,3.5,-2.5,0.85,-1,-29.65955631907779,-30.102870045363606,-29.681724636860363,-32.26382662333074
750,3.5,-2.5,0.85,2,-29.63329788113572,-30.09472126670104,-29.71057157727525,-32.26514509807812
750,3.5,-2.5,0.85,10,-29.668238482502105,-30.07706674589563,-29.707598589784784,-32.250090938242664
750,3.5,-2.0,0.1,-1,-29.92486688883211,-29.80298798610864,-29.335289973764613,-32.298236520455475
750,3.5,-2.0,0.1,2,-29.898849527167144,-29.828074758966018,-29.42250694896493,-32.29438705052226
750,3.5,-2.0,0.1,10,-29.885859781626728,-29.828045242928624,-29.45552148719768,-32.28224239867488
750,3.5,-2.0,0.55,-1,-30.03397627851743,-29.990148628769706,-29.4954962156169,-32.31754186519368
750,3.5,-2.0,0.55,2,-29.990973352805863,-30.005854267693103,-29.582342279607964,-32.31536580670785
750,3.5,-2.0,0.55,10,-30.026021005156696,-30.037500297945208,-29.619851729788813,-32.28723397439605
750,3.5,-2.0,0.85,-1,-30.057192175157958,-30.02251394871521,-29.52266180241019,-32.3097865915127
750,3.5,-2.0,0.85,2,-30.00172566247983,-30.0366312949011,-29.619112596783367,-32.311017561216026
750,3.5,-2.0,0.85,10,-30.04487639311425,-30.05240914991642,-29.631624125835852,-32.26622027072915
750,3.5,-1.5,0.1,-1,-30.332687279031518,-29.778612403831403,-29.030132300673863,-32.275167458605694
750,3.5,-1.5,0.1,2,-30.281177118749035,-29.819630999350867,-29.184302902053215,-32.28374106893293
750,3.5,-1.5,0.1,10,-30.278357844192,-29.88077471161737,-29.256897381802005,-32.19177877086498
750,3.5,-1.5,0.55,-1,-30.414266619196194,-29.909586039767134,-29.24064270030645,-32.27718611331237
750,3.5,-1.5,0.55,2,-30.354961787875222,-29.943463577898555,-29.381638602296274,-32.28039738489365
750,3.5,-1.5,0.55,10,-30.401199185174086,-30.051021808231667,-29.484533081165534,-32.12249033202616
750,3.5,-1.5,0.85,-1,-30.475128340245526,-29.906028763119643,-29.296768179821065,-32.257601565438
750,3.5,-1.5,0.85,2,-30.41932897820823,-29.950337044922357,-29.435744632357867,-32.25790537267264
750,3.5,-1.5,0.85,10,-30.463428193837547,-30.071077120600766,-29.542707134975256,-32.066427763640995
750,3.5,-1.0,0.1,-1,-30.659627051050087,-29.865082029179856,-28.83247293963293,-32.17775930456624
750,3.5,-1.0,0.1,2,-30.61655667480883,-29.893210442384273,-29.008325959879645,-32.172138860704365
750,3.5,-1.0,0.1,10,-30.59527501735696,-29.970018810160248,-29.096299688851552,-32.03391384501891
750,3.5,-1.0,0.55,-1,-30.75576020953782,-29.87551929975516,-29.062186603974087,-32.15250915450164
750,3.5,-1.0,0.55,2,-30.69798872270527,-29.92644936842799,-29.2462590231276,-32.132367502352345
750,3.5,-1.0,0.55,10,-30.739228510581142,-30.086194377524976,-29.398794068398708,-31.871172907484503
750,3.5,-1.0,0.85,-1,-30.606651273613146,-29.988795381556915,-29.248261010680228,-32.18585378505879
750,3.5,-1.0,0.85,2,-30.70458834409262,-29.930896092607373,-29.318704434476814,-32.11182811731363
750,3.5,-1.0,0.85,10,-30.75876989760213,-30.1028206574088,-29.496198980816047,-31.807156854911234
750,3.5,-0.5,0.1,-1,-30.81130294901762,-29.941570348266062,-28.776893006878893,-32.032401639843975
750,3.5,-0.5,0.1,2,-30.780732710542793,-29.971165061353844,-28.961601918403392,-32.02757916552348
750,3.5,-0.5,0.1,10,-30.547255398853626,-30.07806506592479,-28.950365190526092,-31.856111076422597
750,3.5,-0.5,0.55,-1,-30.935964908306126,-29.93691609928701,-29.0778444717572,-32.027094633986344
750,3.5,-0.5,0.55,2,-30.866302584196394,-29.953883900700617,-29.198381432980923,-31.962639027829912
750,3.5,-0.5,0.55,10,-30.813256759351884,-30.176038569172746,-29.384617106498556,-31.635210738537594
750,3.5,-0.5,0.85,-1,-30.96939785288821,-29.959316629206974,-29.1460667288872,-32.01576037640984
750,3.5,-0.5,0.85,2,-30.90399610924038,-30.004699404386272,-29.302530647497356,-31.9369178283755
750,3.5,-0.5,0.85,10,-30.83731509980757,-30.197503077539608,-29.576425096732404,-31.535367512948458
750,3.5,-0.25,0.1,-1,-30.811975607076086,-29.973428022012676,-28.84087947209412,-31.987586933840046
750,3.5,-0.25,0.1,2,-30.78512427508447,-29.956723811284128,-28.960508234527474,-31.943338719879144
750,3.5,-0.25,0.1,10,-30.494132575533666,-30.095393502158558,-28.890050893589443,-31.76824273156339
750,3.5,-0.25,0.55,-1,-30.970866321215006,-29.989676555845204,-29.095495746627414,-31.954282730079054
750,3.5,-0.25,0.55,2,-30.920032322601468,-29.985670522712926,-29.224652449282743,-31.86323007435302
750,3.5,-0.25,0.55,10,-30.928934456591218,-30.123073550144234,-29.339750328314512,-31.488949406394767
750,3.5,-0.25,0.85,-1,-30.979898673997454,-29.994857209983085,-29.200979943541356,-31.94948516859915
750,3.5,-0.25,0.85,2,-30.97238943454645,-30.0566264202726,-29.318798669944947,-31.792366222127
750,3.5,-0.25,0.85,10,-30.864668737757505,-30.248061749064913,-29.653501010028727,-31.381050182235395
750,3.5,+0.0,0.1,-1,-30.782179260295802,-29.96575222008407,-28.869573102057625,-31.928159798693557
750,3.5,+0.0,0.1,2,-30.772122413093342,-29.947317111843695,-28.986416173083587,-31.860440920881913
750,3.5,+0.0,0.1,10,-30.36452079280265,-30.102273110284855,-28.87514698896775,-31.69167028427217
750,3.5,+0.0,0.55,-1,-31.15377584881959,-29.931400456000308,-29.093962116537128,-31.85867083087917
750,3.5,+0.0,0.55,2,-31.16359206455055,-29.985263840526017,-29.19990212267534,-31.69970474191633
750,3.5,+0.0,0.55,10,-30.902153524728583,-30.115581735069732,-29.3101311962188,-31.402710969764062
750,3.5,+0.0,0.85,-1,-30.93394103987434,-30.07037489193442,-29.294453301152767,-31.891328424541967
750,3.5,+0.0,0.85,2,-30.9388833832806,-30.127842176444695,-29.44846622814869,-31.657605259548205
750,3.5,+0.0,0.85,10,-30.939420375825332,-30.216661320832134,-29.67571054359017,-31.213943077389985
750,3.5,+0.25,0.1,-1,-30.727023229196334,-29.92384305789097,-28.954603022471645,-31.876099167292963
750,3.5,+0.25,0.1,2,-30.739850440421176,-29.943094531075204,-29.033587268823588,-31.752270025779524
750,3.5,+0.25,0.1,10,-30.222527205344186,-30.080885521894988,-28.882536960911466,-31.616886796017933
750,3.5,+0.25,0.55,-1,-31.187578031760218,-29.91008470923433,-29.146051086048207,-31.78254844870925
750,3.5,+0.25,0.55,2,-31.19551973712894,-29.951539101986935,-29.28735742292602,-31.555728415359376
750,3.5,+0.25,0.55,10,-30.889442387855116,-30.127428519455925,-29.36307762998968,-31.318010915064587
750,3.5,+0.25,0.85,-1,-30.836243882270722,-30.148481392146998,-29.328747912703477,-31.806874045486442
750,3.5,+0.25,0.85,2,-30.834576967093707,-30.176198452932503,-29.553963545869784,-31.502264352274963
750,3.5,+0.25,0.85,10,-30.94214546873249,-30.28779872472674,-29.83369827316586,-31.065738210606582
750,3.5,+0.5,0.1,-1,-30.647692542312058,-29.925164303181425,-29.026539831818763,-31.834346732811063
750,3.5,+0.5,0.1,2,-30.643445535515276,-29.938644623771946,-29.127393845360924,-31.66910269602965
750,3.5,+0.5,0.1,10,-30.051368544528337,-30.010217062724337,-28.86023062243406,-31.534556083107784
750,3.5,+0.5,0.55,-1,-31.102948562516577,-29.939563972308495,-29.218630150134906,-31.710323159395433
750,3.5,+0.5,0.55,2,-31.20553295603221,-29.93536141725414,-29.36776608970302,-31.41795176959899
750,3.5,+0.5,0.55,10,-30.871667686231987,-30.085238500898242,-29.331235568919773,-31.217843337040296
750,3.5,+0.5,0.85,-1,-31.263092145050358,-30.263114471588185,-29.38620807930386,-31.7218124139235
750,3.5,+0.5,0.85,2,-31.270732700187473,-30.275257917039852,-29.644263787217948,-31.372139793857205
750,3.5,+0.5,0.85,10,-30.93423157190326,-30.26528555499872,-29.86665218874872,-30.91727796761889
750,3.5,+0.75,0.1,-1,-30.49321890130571,-29.890991462131936,-29.13314253073104,-31.79660299537908
750,3.5,+0.75,0.1,2,-30.529722067482304,-29.949431865522197,-29.151602714452224,-31.600253876825324
750,3.5,+0.75,0.1,10,-29.921388315960947,-29.938550763971392,-28.888932969001957,-31.46603200125711
750,3.5,+0.75,0.55,-1,-31.13837996614146,-29.93136011567401,-29.31846222394407,-31.640753243286156
750,3.5,+0.75,0.55,2,-31.146587084498243,-29.940875522305266,-29.510630501260483,-31.329278150800125
750,3.5,+0.75,0.55,10,-30.762137399663224,-30.054109574300853,-29.300915444349215,-31.139963396202056
750,3.5,+0.75,0.85,-1,-31.209741728070853,-30.30235098936165,-29.417432000965256,-31.624050241095635
750,3.5,+0.75,0.85,2,-31.193382410008436,-30.310820027686674,-29.717288925615204,-31.240501772897527
750,3.5,+0.75,0.85,10,-30.814063105244784,-30.239626655748918,-30.086470716288638,-30.803871230871316
750,3.5,+1.0,0.1,-1,-30.402158930131414,-29.863279849407736,-29.23923475265414,-31.762537539564804
750,3.5,+1.0,0.1,2,-30.42072516483861,-29.961348600832807,-29.15074282115397,-31.54313965382585
750,3.5,+1.0,0.1,10,-29.766344226513244,-29.843944844463287,-28.90217724734883,-31.401625550759455
750,3.5,+1.0,0.55,-1,-30.79265868296444,-29.812973843707255,-29.44072548225911,-31.58304127614032
750,3.5,+1.0,0.55,2,-30.993929561974184,-29.924350857927656,-29.573034218025658,-31.22839963199044
750,3.5,+1.0,0.55,10,-30.483598690758818,-30.11959935372967,-29.24987114652652,-31.09840618842068
750,3.5,+1.0,0.85,-1,-31.15068062200671,-30.40789765164711,-29.52189564208647,-31.537129229706814
750,3.5,+1.0,0.85,2,-31.011930906250868,-30.32214095895265,-29.823241186250776,-31.137258545516087
750,3.5,+1.0,0.85,10,-31.02472235567965,-30.24881544941705,-30.105611999550533,-30.681726468350785
750,4.0,-2.5,0.1,-1,-29.439602916134717,-29.906035307943494,-29.565875350864328,-32.21892185071111
750,4.0,-2.5,0.1,2,-29.437479921754427,-29.90570251520632,-29.56982752818846,-32.21845648009801
750,4.0,-2.5,0.1,10,-29.4483986857503,-29.89574594718559,-29.5741665609912,-32.221105569774224
750,4.0,-2.5,0.55,-1,-29.51378425935481,-30.047191044911465,-29.648409132646574,-32.24116217470069
750,4.0,-2.5,0.55,2,-29.50526409395248,-30.048710987733372,-29.65768473278708,-32.24210350468989
750,4.0,-2.5,0.55,10,-29.531311140488675,-30.033658243143183,-29.643010935110784,-32.24503454343547
750,4.0,-2.5,0.85,-1,-29.5318230243838,-30.134350258015022,-29.71792165377737,-32.2548199686764
750,4.0,-2.5,0.85,2,-29.532686467925828,-30.137129211748814,-29.720880231240166,-32.254209220552546
750,4.0,-2.5,0.85,10,-29.548134716624446,-30.110443914291785,-29.71749558186211,-32.25500633736222
750,4.0,-2.0,0.1,-1,-29.830954783589647,-29.813722248761557,-29.379473883909874,-32.27833503528274
750,4.0,-2.0,0.1,2,-29.813332743380272,-29.811466665212038,-29.413579611439843,-32.275308784661036
750,4.0,-2.0,0.1,10,-29.83330791028812,-29.82737253389299,-29.424195915998055,-32.26207584106626
750,4.0,-2.0,0.55,-1,-29.934546144428815,-30.00222914675807,-29.50556822290281,-32.302918304145784
750,4.0,-2.0,0.55,2,-29.923397549854155,-30.003919042909978,-29.532546434444637,-32.300022771772014
750,4.0,-2.0,0.55,10,-29.940681837464243,-30.005702049066368,-29.55763694121692,-32.27245633391348
750,4.0,-2.0,0.85,-1,-29.90996041720304,-30.086305295443214,-29.584748810048637,-32.32037847153355
750,4.0,-2.0,0.85,2,-29.890971141393393,-30.091507517571515,-29.622658739916282,-32.31839254841792
750,4.0,-2.0,0.85,10,-29.922991832478463,-30.086440071924248,-29.637781869889427,-32.28398438719734
750,4.0,-1.5,0.1,-1,-30.223486320999516,-29.787958628213143,-29.058158531697863,-32.3071329154051
750,4.0,-1.5,0.1,2,-30.176608296338795,-29.821985418216222,-29.177789237775986,-32.30893755591304
750,4.0,-1.5,0.1,10,-30.186392635452563,-29.86442711767902,-29.220346255976366,-32.267822030462625
750,4.0,-1.5,0.55,-1,-30.305910228204386,-29.951193154872037,-29.269914534183826,-32.326511171675506
750,4.0,-1.5,0.55,2,-30.26000136885177,-29.96556600100722,-29.364541108084016,-32.320607594364674
750,4.0,-1.5,0.55,10,-30.308644273522056,-30.059507073100487,-29.441259785420964,-32.24830938479001
750,4.0,-1.5,0.85,-1,-30.327402676595835,-29.98112709840692,-29.3278273624902,-32.31409520257095
750,4.0,-1.5,0.85,2,-30.26145775896786,-30.008185049502035,-29.43869501511042,-32.3128964789712
750,4.0,-1.5,0.85,10,-30.32473994700025,-30.06650623189713,-29.474802248055305,-32.21104501561246
750,4.0,-1.0,0.1,-1,-30.63187403801556,-29.832779428688703,-28.766943830026264,-32.21951319290147
750,4.0,-1.0,0.1,2,-30.56249590487697,-29.88428389281885,-28.926929709378935,-32.22741523593416
750,4.0,-1.0,0.1,10,-30.549635819032176,-29.964938439940223,-29.005465629672386,-32.08494377978133
750,4.0,-1.0,0.55,-1,-30.696761947095688,-29.87755673645484,-29.00504038874353,-32.20585161555582
750,4.0,-1.0,0.55,2,-30.645074420366925,-29.959803578901536,-29.16653851910994,-32.21054402152965
750,4.0,-1.0,0.55,10,-30.69749394206127,-30.103757238381654,-29.26845068567566,-31.95193739309034
750,4.0,-1.0,0.85,-1,-30.71643014146329,-29.869710841237666,-29.05936897950529,-32.201160132624466
750,4.0,-1.0,0.85,2,-30.73275920545239,-29.957630594016255,-29.220711212094166,-32.18876959457483
750,4.0,-1.0,0.85,10,-30.7919456859265,-30.13617999474721,-29.37270615930554,-31.889460737105743
750,4.0,-0.5,0.1,-1,-30.81998260554963,-29.95483867976169,-28.664562306957542,-32.08837355199984
750,4.0,-0.5,0.1,2,-30.730630533977195,-30.0043511916994,-28.82140011488049,-32.08611812032902
750,4.0,-0.5,0.1,10,-30.723090754653555,-30.094375144041887,-28.86019184466327,-31.907824627625487
750,4.0,-0.5,0.55,-1,-30.866121887318478,-29.9557264669004,-28.9698020183914,-32.091692562589316
750,4.0,-0.5,0.55,2,-30.871228617673403,-30.01873445704588,-29.072281692880928,-32.00894222332785
750,4.0,-0.5,0.55,10,-30.92954770617308,-30.156839111200874,-29.208238372053003,-31.697361278042948
750,4.0,-0.5,0.85,-1,-30.89703582774874,-29.973187769234674,-29.038659700900048,-32.08863498369691
750,4.0,-0.5,0.85,2,-30.847606408038594,-30.03035219011788,-29.15700500522184,-32.03958844164006
750,4.0,-0.5,0.85,10,-30.847506952083226,-30.256226124221506,-29.441714404991806,-31.649219038694092
750,4.0,-0.25,0.1,-1,-30.928161554002145,-29.971411861122302,-28.660114871065993,-32.01558334970071
750,4.0,-0.25,0.1,2,-30.866865788484713,-30.019223781056297,-28.804304148590028,-31.97728841939179
750,4.0,-0.25,0.1,10,-30.68939460390549,-30.15605736675433,-28.810749900824078,-31.831738353105795
750,4.0,-0.25,0.55,-1,-31.013512843498305,-29.953511475349977,-28.948588302480623,-32.01447590235574
750,4.0,-0.25,0.55,2,-31.045652408362308,-29.98955929265945,-29.053912823453874,-31.85625343657832
750,4.0,-0.25,0.55,10,-30.96209659188733,-30.172675186098846,-29.232472128463115,-31.577180906377965
750,4.0,-0.25,0.85,-1,-30.921485951136955,-30.02802290560568,-29.078099205524424,-32.029827711572295
750,4.0,-0.25,0.85,2,-30.854010129422797,-30.054598921517183,-29.177557480949545,-31.961351619385816
750,4.0,-0.25,0.85,10,-30.942525996644047,-30.21070431252462,-29.41233403594865,-31.5018855546737
750,4.0,+0.0,0.1,-1,-30.91011142754087,-30.005638758012285,-28.710629788062533,-31.970392268331548
750,4.0,+0.0,0.1,2,-30.891182409750108,-30.022514184894003,-28.83657250181445,-31.86992513280572
750,4.0,+0.0,0.1,10,-30.59767424003219,-30.18471304904989,-28.782208855669097,-31.7601189474179
750,4.0,+0.0,0.55,-1,-31.037903452770017,-29.924326267426157,-28.945805210901923,-31.934844395201512
750,4.0,+0.0,0.55,2,-31.029768916073643,-29.98366307835777,-29.13336039841682,-31.70925881291826
750,4.0,+0.0,0.55,10,-30.96556015651025,-30.17047542672821,-29.235031810431327,-31.474511647494573
750,4.0,+0.0,0.85,-1,-31.19069829490792,-30.071167071585762,-29.091492990780765,-31.94867717458356
750,4.0,+0.0,0.85,2,-31.14351441560823,-30.058552226308773,-29.182524062247595,-31.84867235902392
750,4.0,+0.0,0.85,10,-30.955425188886878,-30.23629843894845,-29.48920587678723,-31.364477045735658
750,4.0,+0.25,0.1,-1,-30.887852064852407,-30.027605819819335,-28.780329953252558,-31.925454411934936
750,4.0,+0.25,0.1,2,-30.856751008754806,-30.031091162863454,-28.8975341511808,-31.75495665322272
750,4.0,+0.25,0.1,10,-30.491929817715693,-30.1927967764826,-28.775780128336024,-31.68755406363505
750,4.0,+0.25,0.55,-1,-31.108491288292008,-29.961363187774772,-28.98230930101528,-31.860066944176758
750,4.0,+0.25,0.55,2,-31.0806573214643,-30.00696845392254,-29.205888942227382,-31.55119664300729
750,4.0,+0.25,0.55,10,-30.96282995214109,-30.17554086018661,-29.145931568492315,-31.390961085829638
750,4.0,+0.25,0.85,-1,-31.142396697484074,-30.06645416225778,-29.144767006763722,-31.87142435698956
750,4.0,+0.25,0.85,2,-31.16252543347995,-30.101214778964597,-29.205050819614847,-31.69003874026093
750,4.0,+0.25,0.85,10,-30.912034370850495,-30.242807335783777,-29.543393698598894,-31.226664673909195
750,4.0,+0.5,0.1,-1,-30.749428010469735,-29.99658663965388,-28.872458237404558,-31.88586609543336
750,4.0,+0.5,0.1,2,-30.748777595291934,-30.03782757727705,-28.967766344054407,-31.67465339408118
750,4.0,+0.5,0.1,10,-30.2740263731978,-30.114914231095522,-28.70970620808919,-31.578531346896746
750,4.0,+0.5,0.55,-1,-31.035000279678385,-29.92244170950402,-29.069708433007474,-31.789505231406586
750,4.0,+0.5,0.55,2,-31.043596161191655,-29.963934590376297,-29.149204858197546,-31.605047444139256
750,4.0,+0.5,0.55,10,-30.918204410833432,-30.16069103729127,-29.15096487444243,-31.287561928677615
750,4.0,+0.5,0.85,-1,-31.276944350901648,-30.164641690469164,-29.19389786968143,-31.78996125099178
750,4.0,+0.5,0.85,2,-31.29127199300092,-30.187984146950573,-29.319662054332714,-31.535721976310633
750,4.0,+0.5,0.85,10,-31.069120117219917,-30.23413564380466,-29.54522542566992,-30.96391713972276
750,4.0,+0.75,0.1,-1,-30.660443578456245,-29.978964298214365,-28.95839673637895,-31.841931888938383
750,4.0,+0.75,0.1,2,-30.665511410993357,-29.97946728785219,-29.030941004130696,-31.69728652116681
750,4.0,+0.75,0.1,10,-30.131538332088557,-30.05798332852031,-28.709475166051433,-31.503902763669814
750,4.0,+0.75,0.55,-1,-31.314106946682013,-29.990452515727164,-29.150779044700474,-31.71893507227752
750,4.0,+0.75,0.55,2,-31.302957114649953,-30.02064644261847,-29.272407059775297,-31.460961007505524
750,4.0,+0.75,0.55,10,-30.846177707651094,-30.15720840765595,-29.136950260036485,-31.212946233537778
750,4.0,+0.75,0.85,-1,-31.090672103042486,-30.213879542152,-29.29331636875778,-31.72391551983075
750,4.0,+0.75,0.85,2,-31.103163628536553,-30.227783136326334,-29.518501176723568,-31.407735321006154
750,4.0,+0.75,0.85,10,-30.995280802456104,-30.262502747980946,-29.84034983832743,-30.884008660636752
750,4.0,+1.0,0.1,-1,-30.569580192058616,-29.939966869087982,-29.02196105884128,-31.79367026488316
750,4.0,+1.0,0.1,2,-30.578040491336775,-29.972282950641073,-29.06329851205514,-31.615440983652494
750,4.0,+1.0,0.1,10,-29.96630319330645,-29.987525805832902,-28.73074670716493,-31.44919066169626
750,4.0,+1.0,0.55,-1,-31.01081637556308,-29.920763357766273,-29.229739152944486,-31.64133261510528
750,4.0,+1.0,0.55,2,-31.021042982838367,-29.947825419318832,-29.401856720229954,-31.345682329192872
750,4.0,+1.0,0.55,10,-30.67986346024061,-30.15044532902855,-29.140082247909568,-31.16507479390296
750,4.0,+1.0,0.85,-1,-31.35639892477065,-30.36182651770841,-29.316791823615095,-31.621092462067622
750,4.0,+1.0,0.85,2,-31.373465930103297,-30.390189849453307,-29.561899639231058,-31.25111056014269
750,4.0,+1.0,0.85,10,-30.974061128741155,-30.27188315318106,-29.94653299745,-30.73918658415362
750,4.5,-2.5,0.1,-1,-29.324667958354507,-29.925495085337847,-29.56701481590534,-32.18175627969384
750,4.5,-2.5,0.1,2,-29.33712469345375,-29.93418748201727,-29.56173801884782,-32.18008767208315
750,4.5,-2.5,0.1,10,-29.34494783589562,-29.904024412354016,-29.547087233821046,-32.1834186549795
750,4.5,-2.5,0.55,-1,-29.38969960710518,-30.046330769975306,-29.651511173899564,-32.210665683593135
750,4.5,-2.5,0.55,2,-29.39834735213697,-30.055078987435117,-29.64459795226204,-32.20722646301241
750,4.5,-2.5,0.55,10,-29.425665113973473,-30.04127093609672,-29.62781727276271,-32.21548668076241
750,4.5,-2.5,0.85,-1,-29.39901578257534,-30.154253288616033,-29.717100298831376,-32.226686631539465
750,4.5,-2.5,0.85,2,-29.3970989605671,-30.15322451493684,-29.71832039654586,-32.22610166665357
750,4.5,-2.5,0.85,10,-29.426924002127492,-30.127056857371407,-29.709800452952866,-32.232662119005305
750,4.5,-2.0,0.1,-1,-29.69906156946015,-29.824313983516156,-29.39702322103347,-32.24566884469921
750,4.5,-2.0,0.1,2,-29.69428034078925,-29.827186356673305,-29.406777231857607,-32.24609227219727
750,4.5,-2.0,0.1,10,-29.69559914521534,-29.803118758091255,-29.411877262370027,-32.24566905728031
750,4.5,-2.0,0.55,-1,-29.793581389844555,-30.008909441836646,-29.51734287957979,-32.275731443901456
750,4.5,-2.0,0.55,2,-29.78502232576838,-30.013909658550194,-29.532880195161898,-32.27618960231255
750,4.5,-2.0,0.55,10,-29.801440026188804,-29.992186823946,-29.53432546029454,-32.2636266654543
750,4.5,-2.0,0.85,-1,-29.796831184647957,-30.11339291572851,-29.617285817872087,-32.292662595813304
750,4.5,-2.0,0.85,2,-29.782100250577898,-30.107010356269292,-29.622499900877802,-32.289392324855626
750,4.5,-2.0,0.85,10,-29.81214987046571,-30.078727977796007,-29.6099653646014,-32.28570750672808
750,4.5,-1.5,0.1,-1,-30.119290423528913,-29.750743336800888,-29.09487850481691,-32.30265253115587
750,4.5,-1.5,0.1,2,-30.10145655076187,-29.767149051330932,-29.151179153984618,-32.30068416316239
750,4.5,-1.5,0.1,10,-30.111731888676836,-29.794083758473107,-29.179677237060506,-32.2690401322207
750,4.5,-1.5,0.55,-1,-30.25368392536759,-29.91412342052186,-29.25828518588404,-32.317472332449604
750,4.5,-1.5,0.55,2,-30.239283557998455,-29.92900407677851,-29.314048391920036,-32.316425534743836
750,4.5,-1.5,0.55,10,-30.26963122316111,-29.981399663727064,-29.358535537453527,-32.24586159081965
750,4.5,-1.5,0.85,-1,-30.195083986266077,-30.013636546326676,-29.358681637448584,-32.33822529899666
750,4.5,-1.5,0.85,2,-30.17346317346856,-30.03330694022461,-29.41290459866263,-32.335494481415864
750,4.5,-1.5,0.85,10,-30.221538872929333,-30.07754546947284,-29.450929370372144,-32.25813935116356
750,4.5,-1.0,0.1,-1,-30.512887214645986,-29.800739455676755,-28.774395421314143,-32.26932460123853
750,4.5,-1.0,0.1,2,-30.454269680224193,-29.86703704355029,-28.916237228522693,-32.27796909484038
750,4.5,-1.0,0.1,10,-30.478294733106615,-29.925829272250958,-28.958880102083203,-32.192230401869274
750,4.5,-1.0,0.55,-1,-30.599644468675905,-29.895892114636364,-28.994871022161064,-32.27167998313816
750,4.5,-1.0,0.55,2,-30.556898024063983,-29.973010391020644,-29.11987571301402,-32.27074572094013
750,4.5,-1.0,0.55,10,-30.616997137650376,-30.083477003433387,-29.20000513457191,-32.107325395036526
750,4.5,-1.0,0.85,-1,-30.60624684264187,-29.912397999437257,-29.092158619352382,-32.26903154037796
750,4.5,-1.0,0.85,2,-30.571942505576448,-29.963447457546092,-29.16678274858315,-32.262979141549465
750,4.5,-1.0,0.85,10,-30.649604367350886,-30.10543817803063,-29.263336230624468,-32.056869308606956
750,4.5,-0.5,0.1,-1,-30.830673109750613,-29.916771035722004,-28.58024424327739,-32.14244404942603
750,4.5,-0.5,0.1,2,-30.790899393425136,-30.012250709820915,-28.711509635191636,-32.15221022057367
750,4.5,-0.5,0.1,10,-30.733335962126365,-30.089121130634304,-28.744454628508507,-31.970580923805215
750,4.5,-0.5,0.55,-1,-30.86011827131234,-29.912692674164163,-28.874624755895297,-32.15075824124588
750,4.5,-0.5,0.55,2,-30.856235880807475,-30.01812007971794,-28.93857322140785,-32.10979721372579
750,4.5,-0.5,0.55,10,-30.917801160755296,-30.20365570182028,-29.091425564104636,-31.816231055542463
750,4.5,-0.5,0.85,-1,-30.85317867393836,-29.914969891755252,-28.966146333123714,-32.15452084326358
750,4.5,-0.5,0.85,2,-30.85754606604771,-30.042878175733797,-29.02509805552122,-32.09369295775713
750,4.5,-0.5,0.85,10,-30.895713079540954,-30.2041240464702,-29.22163260823416,-31.762069453798134
750,4.5,-0.25,0.1,-1,-30.90420117933123,-29.98206393915893,-28.564315325727478,-32.07509748571982
750,4.5,-0.25,0.1,2,-30.86790500337651,-30.06660320500127,-28.66656009112503,-32.067665543179004
750,4.5,-0.25,0.1,10,-30.763134808455945,-30.1812441860794,-28.69550128069122,-31.896506735327648
750,4.5,-0.25,0.55,-1,-30.961107452230152,-29.957187644673514,-28.85103496632743,-32.08188011716337
750,4.5,-0.25,0.55,2,-30.953781926060774,-30.04625038674794,-28.915689993431485,-32.015433764793464
750,4.5,-0.25,0.55,10,-30.93968251571624,-30.226311992975383,-29.104220148756077,-31.69934354551678
750,4.5,-0.25,0.85,-1,-31.01690641638256,-29.963455870844932,-28.931279280723466,-32.080011899407936
750,4.5,-0.25,0.85,2,-31.01642329657775,-30.0308860953879,-28.952109124884032,-31.970030379610193
750,4.5,-0.25,0.85,10,-30.918859201947747,-30.245128124929323,-29.278513316818465,-31.636038369348963
750,4.5,+0.0,0.1,-1,-30.955244776952874,-30.035740948796143,-28.57537061417158,-32.014458296926406
750,4.5,+0.0,0.1,2,-30.92379745945241,-30.090687234609685,-28.663758116459867,-31.982220534686373
750,4.5,+0.0,0.1,10,-30.71055404452432,-30.217825657612195,-28.63966738053402,-31.811874870802008
750,4.5,+0.0,0.55,-1,-30.96048201927364,-29.9722106417751,-28.846806803606164,-32.01201838215962
750,4.5,+0.0,0.55,2,-30.966892789798628,-30.047527583560978,-28.930004260216066,-31.90722636974593
750,4.5,+0.0,0.55,10,-30.98204256924006,-30.206774774716934,-29.07236642409891,-31.586282131990508
750,4.5,+0.0,0.85,-1,-31.005545187684316,-29.981056830405727,-28.94127158760572,-32.01300477148326
750,4.5,+0.0,0.85,2,-31.009593487678405,-30.078938255670018,-29.038375448846118,-31.858003139590668
750,4.5,+0.0,0.85,10,-30.96728069746892,-30.304971936826483,-29.367430932712626,-31.52160151159483
750,4.5,+0.25,0.1,-1,-30.957882957718333,-30.080214585430927,-28.63749844524981,-31.97203223085122
750,4.5,+0.25,0.1,2,-30.946478722081853,-30.052156330663227,-28.652830580583103,-31.877278301671716
750,4.5,+0.25,0.1,10,-30.596332581225575,-30.251398568114247,-28.615180083259652,-31.739840424165536
750,4.5,+0.25,0.55,-1,-31.106400727461974,-29.98003109705437,-28.864867801891435,-31.940826917847577
750,4.5,+0.25,0.55,2,-31.160045445582224,-30.039502378513955,-28.963177675902013,-31.756951515030348
750,4.5,+0.25,0.55,10,-30.9885937067693,-30.204507823643038,-29.07952610425268,-31.481796662879603
750,4.5,+0.25,0.85,-1,-31.001364927428256,-30.022657997522998,-28.981497161199687,-31.94758828656248
750,4.5,+0.25,0.85,2,-30.984848331793827,-30.103661848928805,-29.14972804480127,-31.70744964633522
750,4.5,+0.25,0.85,10,-30.983240986773666,-30.240069992825653,-29.319459463359134,-31.37089723839508
750,4.5,+0.5,0.1,-1,-30.974668352763686,-30.087146151798795,-28.687424728956298,-31.926612366469715
750,4.5,+0.5,0.1,2,-30.95147863822306,-30.07570857814737,-28.754096487733086,-31.78870399801658
750,4.5,+0.5,0.1,10,-30.458360601082383,-30.25850862909023,-28.596396980048585,-31.667479862652463
750,4.5,+0.5,0.55,-1,-31.336684007474656,-30.012085616967777,-28.886986016316794,-31.86318395271379
750,4.5,+0.5,0.55,2,-31.16052033919906,-30.001563972842938,-29.035475813400144,-31.59647534277652
750,4.5,+0.5,0.55,10,-30.996190006571553,-30.19618538282385,-29.08674418154307,-31.381504403767366
750,4.5,+0.5,0.85,-1,-31.06640998853669,-30.107887848261264,-29.0380626072278,-31.87517315673692
750,4.5,+0.5,0.85,2,-31.071278883684386,-30.17099486929616,-29.240385788241827,-31.527213250035437
750,4.5,+0.5,0.85,10,-31.05544472320608,-30.26001474664149,-29.372069529036217,-31.21893619531727
750,4.5,+0.75,0.1,-1,-30.757286257159514,-30.038362236647487,-28.77008031344424,-31.886721463656094
750,4.5,+0.75,0.1,2,-30.75563843432064,-30.053581647994957,-28.875640628495827,-31.701391392416237
750,4.5,+0.75,0.1,10,-30.294833541598692,-30.209085812365927,-28.584695317513862,-31.59070920814104
750,4.5,+0.75,0.55,-1,-31.091562025974238,-29.965123276813866,-28.977056813732784,-31.79563377047569
750,4.5,+0.75,0.55,2,-31.096188568571066,-29.99686112186842,-29.18655662061323,-31.46871450469647
750,4.5,+0.75,0.55,10,-30.87948931275601,-30.21817114285884,-28.99779955310902,-31.327463401063284
750,4.5,+0.75,0.85,-1,-31.30691061053746,-30.24998052072547,-29.107697496399233,-31.79701504329369
750,4.5,+0.75,0.85,2,-31.12665821342174,-30.201002860333418,-29.391590015864097,-31.402994424612203
750,4.5,+0.75,0.85,10,-31.092581230890023,-30.29910742438095,-29.55873859387077,-31.061671021447896
750,4.5,+1.0,0.1,-1,-30.672820201836004,-30.022408687389284,-28.872401236178682,-31.84589715142839
750,4.5,+1.0,0.1,2,-30.67012465667024,-30.053298304411765,-28.93403587031742,-31.62969026310662
750,4.5,+1.0,0.1,10,-30.109495124264953,-30.119786215769775,-28.580442099759665,-31.512867765413773
750,4.5,+1.0,0.55,-1,-31.11120930458273,-29.938967768525764,-29.034362176438393,-31.712137864549582
750,4.5,+1.0,0.55,2,-31.154249287077178,-29.9724822830612,-29.266522354941223,-31.354876659087783
750,4.5,+1.0,0.55,10,-30.780899956018892,-30.217330786370326,-28.975836557540354,-31.247343191199278
750,4.5,+1.0,0.85,-1,-31.417312041260868,-30.255472566871994,-29.13302277500199,-31.702841513575272
750,4.5,+1.0,0.85,2,-31.352315193675942,-30.24014873187599,-29.476860166524517,-31.272249449196625
750,4.5,+1.0,0.85,10,-30.975341263703623,-30.203127315634074,-29.663111354506352,-30.882284677807398
750,5.0,-2.5,0.1,-1,-29.209917654805324,-29.948420917790052,-29.584296984155145,-32.15438192776348
750,5.0,-2.5,0.1,2,-29.195659537221566,-29.939595007380984,-29.588301091791564,-32.15546392259758
750,5.0,-2.5,0.1,10,-29.21863222223081,-29.928114837603076,-29.57368046198612,-32.15857008490757
750,5.0,-2.5,0.55,-1,-29.26443903206927,-30.06296021070883,-29.6744704002996,-32.18347256597443
750,5.0,-2.5,0.55,2,-29.266945431388777,-30.071153580540255,-29.67223882506467,-32.18536587719989
750,5.0,-2.5,0.55,10,-29.30226262755621,-30.050061289207903,-29.647456687923444,-32.18614342907586
750,5.0,-2.5,0.85,-1,-29.281600820530297,-30.101299490182964,-29.667393129693764,-32.17548578137699
750,5.0,-2.5,0.85,2,-29.256005772332124,-30.084679729765828,-29.681168690155772,-32.17742646133082
750,5.0,-2.5,0.85,10,-29.260575326609963,-30.058084224999774,-29.680752762395628,-32.1867181542971
750,5.0,-2.0,0.1,-1,-29.564644728602637,-29.883981903414856,-29.452842693228426,-32.21927904033151
750,5.0,-2.0,0.1,2,-29.562807191546597,-29.884498367741333,-29.456898868417063,-32.21910137745425
750,5.0,-2.0,0.1,10,-29.573249538671178,-29.8441338759533,-29.4475377586472,-32.22195409121375
750,5.0,-2.0,0.55,-1,-29.62366653119032,-30.056805274206184,-29.587455747556078,-32.256936087227864
750,5.0,-2.0,0.55,2,-29.631270499477893,-30.06760568170518,-29.585027572706384,-32.256544763363536
750,5.0,-2.0,0.55,10,-29.66444314407436,-30.028915254232803,-29.554661794922534,-32.25727315003211
750,5.0,-2.0,0.85,-1,-29.63747109136782,-30.11282114216445,-29.60920743425448,-32.2457205041035
750,5.0,-2.0,0.85,2,-29.635336235717745,-30.112860562699222,-29.612690781868967,-32.24524787667275
750,5.0,-2.0,0.85,10,-29.671393055494942,-30.063876047308273,-29.57882369248267,-32.245803798395144
750,5.0,-1.5,0.1,-1,-29.960691348354402,-29.745507028377467,-29.178139058064218,-32.27527295121894
750,5.0,-1.5,0.1,2,-29.957106519419444,-29.76187762217424,-29.2050678343081,-32.27435237450997
750,5.0,-1.5,0.1,10,-29.968252667920293,-29.750570074551245,-29.19070474080753,-32.259957275768585
750,5.0,-1.5,0.55,-1,-30.05700590917654,-29.9469650576526,-29.332209722313472,-32.30667900906682
750,5.0,-1.5,0.55,2,-30.074254510345384,-29.95781139250585,-29.358956761997387,-32.30567787993123
750,5.0,-1.5,0.55,10,-30.08926581491885,-29.945268703800526,-29.343159085025164,-32.26942465845903
750,5.0,-1.5,0.85,-1,-30.050119828692242,-30.006392085307855,-29.38610954053784,-32.3027820126733
750,5.0,-1.5,0.85,2,-30.037314833614936,-30.000013126439313,-29.40459887333974,-32.30020176208641
750,5.0,-1.5,0.85,10,-30.078029169402946,-29.97823017714632,-29.378954209409585,-32.28538603444916
750,5.0,-1.0,0.1,-1,-30.406479662167357,-29.733939247129406,-28.783949679355082,-32.286584286299494
750,5.0,-1.0,0.1,2,-30.37413289626084,-29.7758125486278,-28.86515761423983,-32.292504627011965
750,5.0,-1.0,0.1,10,-30.401938491606778,-29.831190739936847,-28.893497791859524,-32.22379813384435
750,5.0,-1.0,0.55,-1,-30.51453124950519,-29.844067677640325,-28.97160054840964,-32.29590496532171
750,5.0,-1.0,0.55,2,-30.48413544251136,-29.89005425055431,-29.044294645499377,-32.297799361955185
750,5.0,-1.0,0.55,10,-30.55614199322584,-29.97974927570144,-29.08762141869751,-32.16761641292455
750,5.0,-1.0,0.85,-1,-30.48981216470708,-29.916279010578602,-29.084214934872968,-32.308032258207774
750,5.0,-1.0,0.85,2,-30.46336594810455,-29.97606376109859,-29.18268295271379,-32.31059936566357
750,5.0,-1.0,0.85,10,-30.549425779302766,-30.07741660034374,-29.210047064235475,-32.14796336440232
750,5.0,-0.5,0.1,-1,-30.746227205773412,-29.855790969506124,-28.542390455062584,-32.20167388973308
750,5.0,-0.5,0.1,2,-30.709253014711887,-29.93021587943773,-28.62765124876794,-32.20867845530408
750,5.0,-0.5,0.1,10,-30.725145652001157,-30.029578964083665,-28.68813468646801,-32.069540537753326
750,5.0,-0.5,0.55,-1,-30.796642714432025,-29.899606076723188,-28.83244559722902,-32.223142486970445
750,5.0,-0.5,0.55,2,-30.791958744124955,-30.025912169346963,-28.911216060270565,-32.19409896687281
750,5.0,-0.5,0.55,10,-30.84767244047289,-30.157622382480753,-29.00268021238604,-31.960187444797437
750,5.0,-0.5,0.85,-1,-30.87319605905527,-29.89448895989238,-28.90639439335219,-32.21532553987849
750,5.0,-0.5,0.85,2,-30.83538484101968,-29.978516447988042,-28.931634000035586,-32.17638192603094
750,5.0,-0.5,0.85,10,-30.933062944519563,-30.195768024494015,-29.09030634059306,-31.90339132643674
750,5.0,-0.25,0.1,-1,-30.858454551648776,-29.943239833500847,-28.53528724413261,-32.153811757600636
750,5.0,-0.25,0.1,2,-30.840102201774826,-30.0411659437506,-28.54953018950793,-32.12281605370552
750,5.0,-0.25,0.1,10,-30.839479598173867,-30.119994011769005,-28.60063004831087,-31.96311815923476
750,5.0,-0.25,0.55,-1,-30.884687491455722,-29.932100257324144,-28.798545393915557,-32.15946239093334
750,5.0,-0.25,0.55,2,-30.89494170419318,-30.065232562285175,-28.841891170643454,-32.08794003292813
750,5.0,-0.25,0.55,10,-30.91943797178045,-30.1922953914779,-28.972532489114144,-31.82205372356414
750,5.0,-0.25,0.85,-1,-30.887216256841754,-29.93356031967626,-28.908984774942756,-32.169732291200845
750,5.0,-0.25,0.85,2,-30.87346436674746,-30.046602568901115,-28.932200013887773,-32.11773378612142
750,5.0,-0.25,0.85,10,-30.917425833136942,-30.212532331509884,-29.112035126066843,-31.803138473556494
750,5.0,+0.0,0.1,-1,-30.928465604300865,-30.037773679828685,-28.550841376100173,-32.102115470574134
750,5.0,+0.0,0.1,2,-30.86843006784108,-30.129266720784734,-28.547382613915325,-32.04637791980763
750,5.0,+0.0,0.1,10,-30.790487242847497,-30.200311874962043,-28.51075061662825,-31.868130880435675
750,5.0,+0.0,0.55,-1,-30.936909249029153,-29.96195492329435,-28.780119748976148,-32.088476645823455
750,5.0,+0.0,0.55,2,-30.953689075533966,-30.098972565340965,-28.834249652980773,-31.961125653388144
750,5.0,+0.0,0.55,10,-30.952986942092934,-30.220491729101514,-28.991019215031088,-31.712798035578928
750,5.0,+0.0,0.85,-1,-30.923591611763666,-29.963275426829924,-28.867838045551885,-32.093141198072075
750,5.0,+0.0,0.85,2,-30.935614617856455,-30.082576588370642,-28.889704025814158,-32.01988426131339
750,5.0,+0.0,0.85,10,-30.95078155241042,-30.242113895098797,-29.15231656468102,-31.65516183868425
750,5.0,+0.25,0.1,-1,-30.948555638523278,-30.0756379517015,-28.558901591821183,-32.04078602088041
750,5.0,+0.25,0.1,2,-30.958477070367685,-30.16119185924854,-28.56389438269863,-31.946489434583803
750,5.0,+0.25,0.1,10,-30.73617711525928,-30.275823746388724,-28.44726978594435,-31.795200711372562
750,5.0,+0.25,0.55,-1,-31.01022965065759,-29.993431215712288,-28.773585483528016,-32.017779234492345
750,5.0,+0.25,0.55,2,-31.02977278366979,-30.13234417134429,-28.872469756723902,-31.79899698261728
750,5.0,+0.25,0.55,10,-30.977573363547016,-30.220083375188707,-28.960843816763298,-31.607545706631633
750,5.0,+0.25,0.85,-1,-31.204500996879958,-30.06197033047851,-28.873327418274005,-32.02385418671859
750,5.0,+0.25,0.85,2,-31.135736603806027,-30.132336221138296,-28.910523567611573,-31.91670689826179
750,5.0,+0.25,0.85,10,-31.01267070359587,-30.30284652099219,-29.224652175310485,-31.54027515768814
750,5.0,+0.5,0.1,-1,-30.94178372357839,-30.101332195581666,-28.591813269411432,-31.990501308721093
750,5.0,+0.5,0.1,2,-30.94742637406636,-30.176249165964602,-28.624470584212766,-31.83119739704869
750,5.0,+0.5,0.1,10,-30.60952908613475,-30.32941221267965,-28.425295476284703,-31.735281899491532
750,5.0,+0.5,0.55,-1,-31.009551423898614,-29.99408423229806,-28.767410129403764,-31.94045631874788
750,5.0,+0.5,0.55,2,-30.98987030516222,-30.1030536342314,-28.920221335381335,-31.624199205680178
750,5.0,+0.5,0.55,10,-30.980589006075753,-30.227442813361325,-28.94074978497706,-31.51373383734406
750,5.0,+0.5,0.85,-1,-30.92981007462376,-30.017054214376515,-28.872422868212926,-31.943753504670198
750,5.0,+0.5,0.85,2,-30.959758437245753,-30.097843634816073,-28.947803615661808,-31.768600663778322
750,5.0,+0.5,0.85,10,-30.982407341509102,-30.244597620620233,-29.203293410695043,-31.39010446484539
750,5.0,+0.75,0.1,-1,-30.89323460228703,-30.103401482011257,-28.62931636632434,-31.941799532010716
750,5.0,+0.75,0.1,2,-30.888215649207957,-30.15641865559095,-28.689020507224615,-31.72565982103329
750,5.0,+0.75,0.1,10,-30.46513990137383,-30.317474074389317,-28.41428536202319,-31.657337145495035
750,5.0,+0.75,0.55,-1,-30.961501675668742,-29.979359564285062,-28.79603832844868,-31.86853916420042
750,5.0,+0.75,0.55,2,-31.109325789942144,-30.11348214796353,-28.964738755600695,-31.463705375557524
750,5.0,+0.75,0.55,10,-30.825704696091606,-30.233467431193837,-28.93703790059863,-31.421039397518456
750,5.0,+0.75,0.85,-1,-31.386958752909848,-30.157161630206915,-28.92465353141562,-31.874081009770443
750,5.0,+0.75,0.85,2,-31.370106541657318,-30.207142605027588,-29.055595777542074,-31.599443483944864
750,5.0,+0.75,0.85,10,-31.07720891717743,-30.276311519578417,-29.30824615526362,-31.245747716171657
750,5.0,+1.0,0.1,-1,-30.7621997412964,-30.106748694036092,-28.692623625867423,-31.90131279206772
750,5.0,+1.0,0.1,2,-30.781290245445724,-30.13289573005978,-28.72076985258614,-31.64809755522495
750,5.0,+1.0,0.1,10,-30.325885255525478,-30.25270829241137,-28.394926466415512,-31.572403270553732
750,5.0,+1.0,0.55,-1,-31.050411811742038,-30.003545364758747,-28.873612626280888,-31.802844646620425
750,5.0,+1.0,0.55,2,-31.02963084329859,-30.062091483020534,-29.119482323350926,-31.388710632930803
750,5.0,+1.0,0.55,10,-30.94699722331692,-30.218483771462054,-28.937217200560028,-31.32281758494544
750,5.0,+1.0,0.85,-1,-31.301377537378016,-30.13718388659389,-28.999960992089452,-31.799126316590545
750,5.0,+1.0,0.85,2,-31.314829695036828,-30.210216385418526,-29.180786916045307,-31.421525111368002
750,5.0,+1.0,0.85,10,-31.10334706660542,-30.270261766343268,-29.4096597937566,-31.080249873427043
750,5.25,-2.5,0.1,-1,-29.213237659322438,-30.016830838354785,-29.672267754548773,-32.162339067794626
750,5.25,-2.5,0.1,2,-29.23313279458653,-30.025666018357484,-29.66417680723421,-32.158355052670764
750,5.25,-2.5,0.1,10,-29.245368231113247,-30.009986611807832,-29.65459094491476,-32.162990085001454
750,5.25,-2.5,0.55,-1,-29.22856948592683,-30.08991939990668,-29.68655105414816,-32.16239034534327
750,5.25,-2.5,0.55,2,-29.238996132639812,-30.098775267206804,-29.691059533317233,-32.16449598781232
750,5.25,-2.5,0.55,10,-29.255686852779803,-30.082617208167576,-29.683898952244082,-32.172703345296135
750,5.25,-2.5,0.85,-1,-29.273285137971108,-30.13306039219942,-29.73866803708416,-32.177371499049826
750,5.25,-2.5,0.85,2,-29.27142588877878,-30.13569520303512,-29.740056465623393,-32.17780070593105
750,5.25,-2.5,0.85,10,-29.30612438943968,-30.12468078795047,-29.715967213925193,-32.17813189924146
750,5.25,-2.0,0.1,-1,-29.481357219911036,-29.923276969257273,-29.517353633119466,-32.21662780574813
750,5.25,-2.0,0.1,2,-29.485845355183116,-29.926021799429805,-29.515287511291053,-32.21563799029768
750,5.25,-2.0,0.1,10,-29.519029564824013,-29.9110500908129,-29.49841663141202,-32.22499642651214
750,5.25,-2.0,0.55,-1,-29.54195128598147,-30.060293413238742,-29.61027762210215,-32.226668276118644
750,5.25,-2.0,0.55,2,-29.548088347690793,-30.06682271707283,-29.61371869954536,-32.22690230715247
750,5.25,-2.0,0.55,10,-29.578760682589163,-30.03116310408228,-29.58917259473531,-32.2368915464557
750,5.25,-2.0,0.85,-1,-29.57311291435255,-30.17054356654925,-29.676786303771237,-32.258838233185976
750,5.25,-2.0,0.85,2,-29.569371071053006,-30.166429554720434,-29.677189968511854,-32.25787260512569
750,5.25,-2.0,0.85,10,-29.60496373155454,-30.127054430289206,-29.645193037355124,-32.2668804976888
750,5.25,-1.5,0.1,-1,-29.86129293616386,-29.798617116329478,-29.241900320249417,-32.28352813487064
750,5.25,-1.5,0.1,2,-29.853772074942704,-29.788942274955275,-29.23906911037591,-32.28081486817168
750,5.25,-1.5,0.1,10,-29.87752595530131,-29.785488648290226,-29.22915616083806,-32.279268569408515
750,5.25,-1.5,0.55,-1,-29.944027267195455,-29.959845920148247,-29.348543825514582,-32.30436920235856
750,5.25,-1.5,0.55,2,-29.936281998494465,-29.957920817587667,-29.358526955178572,-32.303065757399885
750,5.25,-1.5,0.55,10,-29.96671448127604,-29.94465938424925,-29.350930656721058,-32.30065125262883
750,5.25,-1.5,0.85,-1,-29.956451233749185,-30.068516211737524,-29.45991730586526,-32.320686126642585
750,5.25,-1.5,0.85,2,-29.95630077948691,-30.07694356672284,-29.4665849917374,-32.31826673192121
750,5.25,-1.5,0.85,10,-30.006593648020683,-30.047409309969293,-29.440082196356276,-32.305532390497376
750,5.25,-1.0,0.1,-1,-30.32703511803166,-29.75085132214548,-28.849944969837665,-32.29791848457762
750,5.25,-1.0,0.1,2,-30.298879760977936,-29.77799818731965,-28.898869016806216,-32.29764953782032
750,5.25,-1.0,0.1,10,-30.331241564093844,-29.81183841839867,-28.9147650407335,-32.24129058613627
750,5.25,-1.0,0.55,-1,-30.42491300660046,-29.89694317125233,-29.041980803932617,-32.32167041543913
750,5.25,-1.0,0.55,2,-30.39996484388687,-29.924080252834084,-29.071050807207982,-32.316579132058145
750,5.25,-1.0,0.55,10,-30.465973875168718,-29.986076648657345,-29.109545488524937,-32.208173053020474
750,5.25,-1.0,0.85,-1,-30.428782885446534,-29.921173506787298,-29.1050761155552,-32.31119267589599
750,5.25,-1.0,0.85,2,-30.398253476852837,-29.96124110998465,-29.17322475341075,-32.310090581806776
750,5.25,-1.0,0.85,10,-30.44076260673951,-30.02423148628196,-29.19177179747704,-32.18508826243969
750,5.25,-0.5,0.1,-1,-30.689292997361722,-29.821286155566863,-28.550099745777718,-32.23134690337637
750,5.25,-0.5,0.1,2,-30.662962260761446,-29.887777002057568,-28.615470103123005,-32.233928825687094
750,5.25,-0.5,0.1,10,-30.689532566412623,-29.978640055447244,-28.664953237565577,-32.107130127985066
750,5.25,-0.5,0.55,-1,-30.77377444756655,-29.875461275739692,-28.819839601071024,-32.25263695457429
750,5.25,-0.5,0.55,2,-30.74644986594003,-29.95520616578603,-28.844698457914536,-32.230191824824885
750,5.25,-0.5,0.55,10,-30.81775493117151,-30.09997683838303,-28.948038036418172,-32.01459456124374
750,5.25,-0.5,0.85,-1,-30.813245744078202,-29.869666860790463,-28.898381171515698,-32.247685385220464
750,5.25,-0.5,0.85,2,-30.815612058232027,-29.979838307562684,-28.960420766530287,-32.227396709250804
750,5.25,-0.5,0.85,10,-30.889289450392447,-30.140898055862138,-29.05429998039545,-31.964436108979612
750,5.25,-0.25,0.1,-1,-30.765104388149794,-29.9197909677752,-28.521604447369455,-32.18756730411052
750,5.25,-0.25,0.1,2,-30.813075198414147,-29.999786345564395,-28.534717764514006,-32.17275746385851
750,5.25,-0.25,0.1,10,-30.817494096089945,-30.087333751468798,-28.57221217272931,-32.011578750409804
750,5.25,-0.25,0.55,-1,-30.83816843569364,-29.91097161289504,-28.794126058917126,-32.1999716060835
750,5.25,-0.25,0.55,2,-30.847249706258705,-30.022237190693062,-28.811565550582607,-32.1627557852723
750,5.25,-0.25,0.55,10,-30.882987015679593,-30.154230484786343,-28.945475602542,-31.914044023320507
750,5.25,-0.25,0.85,-1,-30.970364640451645,-29.9301485643181,-28.892751431595308,-32.206280450679294
750,5.25,-0.25,0.85,2,-30.953773983502725,-30.035033048853542,-28.895632911790297,-32.15105227231975
750,5.25,-0.25,0.85,10,-30.900929717882434,-30.18734879295974,-29.058015349841003,-31.860357102970575
750,5.25,+0.0,0.1,-1,-30.875647041469456,-29.996171362849175,-28.50452693107694,-32.127870685162556
750,5.25,+0.0,0.1,2,-30.89473231882312,-30.096423278685247,-28.512550715746215,-32.08579731536682
750,5.25,+0.0,0.1,10,-30.866673749422866,-30.18255368570401,-28.540793493902537,-31.923411587199297
750,5.25,+0.0,0.55,-1,-30.91599629132,-29.950984697929318,-28.76574662102199,-32.1316996863264
750,5.25,+0.0,0.55,2,-30.937898080314092,-30.110384574799323,-28.80092629923068,-32.00477631687542
750,5.25,+0.0,0.55,10,-30.942785896280643,-30.205337379058538,-28.940556592659973,-31.778100066599162
750,5.25,+0.0,0.85,-1,-31.058670785055746,-29.973013831229043,-28.83958154205142,-32.12998431371417
750,5.25,+0.0,0.85,2,-31.04202262976912,-30.092888165014806,-28.838613433897606,-32.05145890096871
750,5.25,+0.0,0.85,10,-30.94409425082791,-30.216457582734876,-29.063578486433602,-31.739825701889114
750,5.25,+0.25,0.1,-1,-30.926356011077935,-30.071315038614195,-28.526418260185032,-32.07585926275452
750,5.25,+0.25,0.1,2,-30.93413455895724,-30.178484554470618,-28.510492103769383,-31.98071245016259
750,5.25,+0.25,0.1,10,-30.837878718401463,-30.248285721219258,-28.483226192328065,-31.83789892038364
750,5.25,+0.25,0.55,-1,-30.954601012709876,-29.981960850984393,-28.740405520628713,-32.05551708613323
750,5.25,+0.25,0.55,2,-30.97735553503807,-30.130156986573027,-28.788710089468506,-31.833266482738793
750,5.25,+0.25,0.55,10,-30.98967916885208,-30.242440465703446,-28.954136167746086,-31.67952659866629
750,5.25,+0.25,0.85,-1,-30.95415619646303,-29.991251455111264,-28.83924861334602,-32.06423034492803
750,5.25,+0.25,0.85,2,-30.989253365242657,-30.125272472601793,-28.862812037527533,-31.946691619983998
750,5.25,+0.25,0.85,10,-30.964695919200558,-30.244750951257267,-29.120157860592414,-31.605333078790245
750,5.25,+0.5,0.1,-1,-30.895402551779767,-30.075962706347,-28.520492231980437,-32.00873772902164
750,5.25,+0.5,0.1,2,-30.93771203678958,-30.20388309725699,-28.553561559603335,-31.864411088737587
750,5.25,+0.5,0.1,10,-30.68498338035315,-30.310465156603946,-28.378383864116223,-31.75902617828582
750,5.25,+0.5,0.55,-1,-31.12379488365274,-30.008285184346512,-28.72216622441224,-31.97912931722471
750,5.25,+0.5,0.55,2,-31.05104560709083,-30.084624028104216,-28.74475324683166,-31.82934441932067
750,5.25,+0.5,0.55,10,-30.995756943381252,-30.22404784158917,-28.906668129455873,-31.56899223478737
750,5.25,+0.5,0.85,-1,-31.134975779601255,-30.047730820901887,-28.832169631305057,-31.988368202853458
750,5.25,+0.5,0.85,2,-31.109500087483696,-30.122074763172545,-28.872918140001037,-31.777243923675258
750,5.25,+0.5,0.85,10,-30.990565081546233,-30.260016669892575,-29.161242601854724,-31.48716440019841
750,5.25,+0.75,0.1,-1,-30.849405827096525,-30.100959212960806,-28.56407118191519,-31.96666349426499
750,5.25,+0.75,0.1,2,-30.887162629258633,-30.150176528540456,-28.575531938793045,-31.858877341083776
750,5.25,+0.75,0.1,10,-30.543976324662818,-30.34367232950784,-28.30964661104144,-31.681883811128433
750,5.25,+0.75,0.55,-1,-31.193414422693785,-30.02223352149313,-28.734242754291138,-31.90675516921372
750,5.25,+0.75,0.55,2,-31.203836792326594,-30.0992560358433,-28.845349419751287,-31.678399027334194
750,5.25,+0.75,0.55,10,-30.977295904308264,-30.22642746901299,-28.89600824018359,-31.47281173023491
750,5.25,+0.75,0.85,-1,-31.336530623808706,-30.149959394563957,-28.814368913921996,-31.9020348053553
750,5.25,+0.75,0.85,2,-31.409264358012294,-30.211187990734942,-28.95836663401642,-31.598443160606596
750,5.25,+0.75,0.85,10,-31.0963824961335,-30.256620669171788,-29.188227886254246,-31.328350063464974
750,5.25,+1.0,0.1,-1,-30.810882860979692,-30.112748261862198,-28.62266248837785,-31.925861817748775
750,5.25,+1.0,0.1,2,-30.827380540244263,-30.15550561815686,-28.667324930748777,-31.75616095572206
750,5.25,+1.0,0.1,10,-30.39141257457068,-30.310280524446043,-28.29430910227661,-31.610541290414123
750,5.25,+1.0,0.55,-1,-30.979583783492096,-29.992038561272373,-28.800505078567863,-31.84233604620264
750,5.25,+1.0,0.55,2,-30.99836587691424,-30.07445288924262,-28.94158198527037,-31.51119612092891
750,5.25,+1.0,0.55,10,-30.975641037866197,-30.214209266926684,-28.842177684119676,-31.364148074676113
750,5.25,+1.0,0.85,-1,-30.83947346009273,-30.061893089976095,-28.90196383758593,-31.83755268662226
750,5.25,+1.0,0.85,2,-30.889840525459906,-30.12893936293933,-29.13287750399421,-31.45293232629232
750,5.25,+1.0,0.85,10,-31.03966066063409,-30.234434462319157,-29.266881055404603,-31.18192608339267
800,3.5,-2.5,0.1,-1,-30.106467473904456,-30.29141891089086,-29.893340042044187,-32.409711139250874
800,3.5,-2.5,0.1,2,-30.10185684086935,-30.30027777023339,-29.916917380050197,-32.407281051505564
800,3.5,-2.5,0.1,10,-30.106228454037876,-30.27418361094769,-29.91867510134034,-32.39923528059308
800,3.5,-2.5,0.55,-1,-30.180626787301893,-30.449556333358334,-30.003335103914868,-32.42982474763386
800,3.5,-2.5,0.55,2,-30.176533112028658,-30.45818518745895,-30.025396592549054,-32.429470393107216
800,3.5,-2.5,0.55,10,-30.186315968492995,-30.43234609949415,-30.03380569071866,-32.41096046546717
800,3.5,-2.5,0.85,-1,-30.1857076930278,-30.470741341845308,-29.999184765591586,-32.42517457758783
800,3.5,-2.5,0.85,2,-30.17532646552775,-30.471684707520193,-30.026257931212687,-32.422831560953725
800,3.5,-2.5,0.85,10,-30.183089438183067,-30.450919747494677,-30.0384679095539,-32.42077223243785
800,3.5,-2.0,0.1,-1,-30.430647583002134,-30.215861638243414,-29.68788215556622,-32.46429599732807
800,3.5,-2.0,0.1,2,-30.40814467856312,-30.220630375239026,-29.749378697434203,-32.46320935971643
800,3.5,-2.0,0.1,10,-30.402884431313367,-30.24175158999281,-29.789588572322565,-32.43768604894777
800,3.5,-2.0,0.55,-1,-30.508287851474137,-30.385428745513824,-29.83651226817685,-32.482833819890644
800,3.5,-2.0,0.55,2,-30.475755617528478,-30.39966711127231,-29.925243998999193,-32.483042727476395
800,3.5,-2.0,0.55,10,-30.507519617705853,-30.408602113497743,-29.939763733335198,-32.429822131306196
800,3.5,-2.0,0.85,-1,-30.541414630131733,-30.421399262194857,-29.8719044141399,-32.46985047344876
800,3.5,-2.0,0.85,2,-30.503399196754902,-30.402845935291033,-29.923297480949394,-32.46842044591452
800,3.5,-2.0,0.85,10,-30.527986448295927,-30.442281365380722,-29.966306710811878,-32.40462946149875
800,3.5,-1.5,0.1,-1,-30.76614479649228,-30.192190562670124,-29.42413975098761,-32.44363951308423
800,3.5,-1.5,0.1,2,-30.715647494258732,-30.220441143769637,-29.566832690435085,-32.44878968871546
800,3.5,-1.5,0.1,10,-30.713902028231878,-30.26527766162886,-29.611911879965813,-32.33682949843804
800,3.5,-1.5,0.55,-1,-30.857613046236665,-30.293234617458342,-29.598417759619604,-32.43225699735056
800,3.5,-1.5,0.55,2,-30.801293579571144,-30.327417500315402,-29.737176172291278,-32.43501241427927
800,3.5,-1.5,0.55,10,-30.83401621391394,-30.424799595636447,-29.83293984065803,-32.25445163136533
800,3.5,-1.5,0.85,-1,-30.708803658493494,-30.455344829701573,-29.812474905791685,-32.485168605479046
800,3.5,-1.5,0.85,2,-30.851372439340288,-30.33667036572663,-29.79377259893509,-32.41138110722613
800,3.5,-1.5,0.85,10,-30.704971359951653,-30.560419169788837,-29.988900055720578,-32.32340475246466
800,3.5,-1.0,0.1,-1,-30.89930388008849,-30.342456278268447,-29.34072702345548,-32.39423825675097
800,3.5,-1.0,0.1,2,-30.867053525027476,-30.364247445313936,-29.451746241764333,-32.39500541495979
800,3.5,-1.0,0.1,10,-30.84551010432424,-30.38994276821107,-29.48843243141464,-32.22899423506686
800,3.5,-1.0,0.55,-1,-30.97012945854059,-30.376565504732042,-29.564419581107554,-32.36178406091383
800,3.5,-1.0,0.55,2,-30.91904291214775,-30.421258115860294,-29.68802771225858,-32.345315026880016
800,3.5,-1.0,0.55,10,-30.982805808011786,-30.529645838748344,-29.811358797471826,-32.07504811482012
800,3.5,-1.0,0.85,-1,-31.052512427680874,-30.337807667923734,-29.58749821136095,-32.32511379637782
800,3.5,-1.0,0.85,2,-30.984119603592063,-30.398227534718153,-29.735108074384353,-32.3214291919595
800,3.5,-1.0,0.85,10,-30.96268247055378,-30.605231693315694,-29.95180799297757,-32.028068339747826
800,3.5,-0.5,0.1,-1,-31.142018893380765,-30.325993354684183,-29.20220643655415,-32.21946704563885
800,3.5,-0.5,0.1,2,-31.11114692526858,-30.327790314136767,-29.31768765393628,-32.19674263567761
800,3.5,-0.5,0.1,10,-30.90155961129603,-30.4520457970697,-29.36553020194022,-32.06885228000454
800,3.5,-0.5,0.55,-1,-31.265513544845685,-30.328708511956943,-29.49790825674932,-32.19611960197944
800,3.5,-0.5,0.55,2,-31.24573758822155,-30.352308043460944,-29.566738080065456,-32.09613917361907
800,3.5,-0.5,0.55,10,-31.15743055045401,-30.520188442928273,-29.75574707000183,-31.823255893834876
800,3.5,-0.5,0.85,-1,-31.053031868870782,-30.478609138478426,-29.690033520038934,-32.23211081306441
800,3.5,-0.5,0.85,2,-31.039355963887076,-30.49802264939304,-29.745751201012634,-32.184943967951234
800,3.5,-0.5,0.85,10,-31.17890316664537,-30.568792763327714,-29.934645962807682,-31.72860301816658
800,3.5,-0.25,0.1,-1,-31.16258039005974,-30.331841396407853,-29.21251744003351,-32.151771077164994
800,3.5,-0.25,0.1,2,-31.11088982563246,-30.33886765227983,-29.324550203126417,-32.10483070048278
800,3.5,-0.25,0.1,10,-30.834477043166274,-30.481732089667723,-29.321737587452404,-31.999364311726982
800,3.5,-0.25,0.55,-1,-31.272225526694722,-30.33770698539676,-29.539907084678205,-32.1310155981925
800,3.5,-0.25,0.55,2,-31.27567624311308,-30.382505240686264,-29.646396253376558,-31.967362259192292
800,3.5,-0.25,0.55,10,-31.205656013603086,-30.490881666038568,-29.65755830834805,-31.726922200208428
800,3.5,-0.25,0.85,-1,-31.51893305958903,-30.523201856955268,-29.677123803680345,-32.1404574306865
800,3.5,-0.25,0.85,2,-31.51595016169045,-30.53959777482347,-29.726114218883577,-32.08167970124931
800,3.5,-0.25,0.85,10,-31.14110007041614,-30.609238591715165,-30.037160726461465,-31.60019476896444
800,3.5,+0.0,0.1,-1,-31.108349918058078,-30.375161366830206,-29.318925418104218,-32.13051507812472
800,3.5,+0.0,0.1,2,-31.09260669902384,-30.372873588743534,-29.38742523910409,-32.00831173817403
800,3.5,+0.0,0.1,10,-30.75310002687742,-30.420485055274963,-29.232151813776422,-31.890577364345983
800,3.5,+0.0,0.55,-1,-31.19401464708744,-30.35251291667935,-29.58509285662222,-32.05767052169787
800,3.5,+0.0,0.55,2,-31.116281210707477,-30.374225179441492,-29.73759017951412,-31.838086837329172
800,3.5,+0.0,0.55,10,-31.17412140214714,-30.49479033072485,-29.639905889957504,-31.639042848872133
800,3.5,+0.0,0.85,-1,-31.24420247802621,-30.48549095648177,-29.722284025132044,-32.056567548731294
800,3.5,+0.0,0.85,2,-31.2503728241448,-30.52481387033582,-29.755192148177308,-31.95312733054255
800,3.5,+0.0,0.85,10,-31.07714516269119,-30.641157148991738,-30.13034947790244,-31.482460204885076
800,3.5,+0.25,0.1,-1,-30.986917193108603,-30.32496605330583,-29.392465917621088,-32.08638000349668
800,3.5,+0.25,0.1,2,-30.98448405193725,-30.362648211034244,-29.445975234616956,-31.92736358226423
800,3.5,+0.25,0.1,10,-30.56780693307369,-30.420389867022486,-29.274703828803116,-31.843584156267287
800,3.5,+0.25,0.55,-1,-31.436871259359954,-30.268127690351015,-29.567276189481852,-31.95121222860393
800,3.5,+0.25,0.55,2,-31.448352307576943,-30.309608541701113,-29.71686766807587,-31.68330805278555
800,3.5,+0.25,0.55,10,-31.135044973755143,-30.502743774999708,-29.64316359301755,-31.547859347196674
800,3.5,+0.25,0.85,-1,-31.197097046217472,-30.557926226875423,-29.809196282514886,-31.989626486226967
800,3.5,+0.25,0.85,2,-31.20278275005241,-30.58360498570364,-29.9015703884651,-31.826927115670873
800,3.5,+0.25,0.85,10,-31.208870840698427,-30.610397235695412,-30.177523410943955,-31.27878964938235
800,3.5,+0.5,0.1,-1,-30.92522362080786,-30.300904457935086,-29.495470009182256,-32.04650772655383
800,3.5,+0.5,0.1,2,-30.90727053640904,-30.349117839574195,-29.45942436438465,-31.858968872980647
800,3.5,+0.5,0.1,10,-30.421376044913462,-30.334125613676804,-29.240302096131785,-31.752297094207364
800,3.5,+0.5,0.55,-1,-31.392349019318615,-30.289497183687956,-29.698428496160624,-31.89623319754023
800,3.5,+0.5,0.55,2,-31.412671870062617,-30.336064975843083,-29.824015785571735,-31.588603942976444
800,3.5,+0.5,0.55,10,-31.0821290683569,-30.474471421832146,-29.625580563435257,-31.468078840315833
800,3.5,+0.5,0.85,-1,-31.055992313274494,-30.594176387864835,-29.875170084446406,-31.902749558179426
800,3.5,+0.5,0.85,2,-31.070577755575446,-30.61821609683054,-30.02164604150036,-31.690428069160873
800,3.5,+0.5,0.85,10,-31.162176081106615,-30.68077236714823,-30.344047619663016,-31.12959443824263
800,3.5,+0.75,0.1,-1,-30.81142436858403,-30.235613229189724,-29.578938166364512,-31.999669973568547
800,3.5,+0.75,0.1,2,-30.809829554182386,-30.344977998773707,-29.476901098385675,-31.79848747250827
800,3.5,+0.75,0.1,10,-30.27092760331501,-30.241996001752376,-29.28055337605608,-31.69080638320626
800,3.5,+0.75,0.55,-1,-31.340003840263606,-30.268370075163133,-29.815074118364958,-31.83090233250146
800,3.5,+0.75,0.55,2,-31.354063904381814,-30.314798424007172,-29.917568363547833,-31.519918734021275
800,3.5,+0.75,0.55,10,-30.88216035638917,-30.443699511812273,-29.603374943247797,-31.38738620045735
800,3.5,+0.75,0.85,-1,-31.41693538089708,-30.712050441660935,-29.93635976579554,-31.80688075955969
800,3.5,+0.75,0.85,2,-31.435415869597865,-30.73108630461345,-30.08851144651456,-31.558978372859585
800,3.5,+0.75,0.85,10,-31.203186152066174,-30.726143315609875,-30.424603390066697,-31.008183508898277
800,3.5,+1.0,0.1,-1,-30.696059975748774,-30.196604124939487,-29.706534683320154,-31.96080839528319
800,3.5,+1.0,0.1,2,-30.665597371248488,-30.323647472042158,-29.505317615575382,-31.758452036292297
800,3.5,+1.0,0.1,10,-30.17710167029786,-30.151644634201386,-29.30199284791633,-31.630226274065937
800,3.5,+1.0,0.55,-1,-31.171903938995985,-30.22553016720627,-29.966111113725347,-31.782075469590115
800,3.5,+1.0,0.55,2,-31.203909691902357,-30.31875091881283,-29.987283333166552,-31.453757174336015
800,3.5,+1.0,0.55,10,-30.714434175683945,-30.430483679821208,-29.635247414038048,-31.320913341413448
800,3.5,+1.0,0.85,-1,-30.946161107384643,-30.70161850840051,-30.136541999392428,-31.750978027324194
800,3.5,+1.0,0.85,2,-31.51615160307432,-30.925269902513783,-30.258307825104556,-31.466975010114226
800,3.5,+1.0,0.85,10,-31.302415087637677,-30.762715997649835,-30.514300053576697,-30.872294104407942
800,4.0,-2.5,0.1,-1,-30.024040585836275,-30.350113831169104,-29.93935529843985,-32.3938620173833
800,4.0,-2.5,0.1,2,-30.02573274580458,-30.356625390108682,-29.94247470928094,-32.39229631512512
800,4.0,-2.5,0.1,10,-30.040948712901304,-30.33421430059081,-29.93674976711307,-32.39146920725783
800,4.0,-2.5,0.55,-1,-30.07654470967191,-30.509129128471976,-30.03687297411705,-32.42013270177608
800,4.0,-2.5,0.55,2,-30.068446948109994,-30.505953606114836,-30.049700348685946,-32.4217791497571
800,4.0,-2.5,0.55,10,-30.08818125123014,-30.47759090212319,-30.040799068947134,-32.4186090669948
800,4.0,-2.5,0.85,-1,-30.088971646993755,-30.525860004330376,-30.045146043691297,-32.41146181022356
800,4.0,-2.5,0.85,2,-30.085735026333367,-30.525850066640473,-30.052740526551037,-32.41069641024579
800,4.0,-2.5,0.85,10,-30.1069335174971,-30.496636418475084,-30.03962444298024,-32.40724022989573
800,4.0,-2.0,0.1,-1,-30.320547609419137,-30.264078021214004,-29.752826148597876,-32.46948748865931
800,4.0,-2.0,0.1,2,-30.29711091900118,-30.276538088808465,-29.803425535702793,-32.470451303913556
800,4.0,-2.0,0.1,10,-30.312387855091075,-30.26369966175647,-29.80327134573839,-32.445183663781464
800,4.0,-2.0,0.55,-1,-30.399901597685464,-30.460125209014528,-29.89277756133083,-32.49637207517722
800,4.0,-2.0,0.55,2,-30.379025090843466,-30.465274412424996,-29.9411155081969,-32.49474837497373
800,4.0,-2.0,0.55,10,-30.412099146709703,-30.45899192767323,-29.945264154819778,-32.44605816962154
800,4.0,-2.0,0.85,-1,-30.41076471468324,-30.47840404712619,-29.910333102923445,-32.48191164093013
800,4.0,-2.0,0.85,2,-30.392650162265994,-30.48433352317071,-29.953947409656678,-32.48069880492184
800,4.0,-2.0,0.85,10,-30.42167519581803,-30.47450994069443,-29.96403391593202,-32.4297042397183
800,4.0,-1.5,0.1,-1,-30.694705842430206,-30.18887559320639,-29.42949548475397,-32.46738365050749
800,4.0,-1.5,0.1,2,-30.659455754612463,-30.21484783693626,-29.52660139347298,-32.47139426617315
800,4.0,-1.5,0.1,10,-30.661023590765488,-30.25826216123431,-29.57744367842939,-32.41034580468468
800,4.0,-1.5,0.55,-1,-30.77807338350091,-30.33979294548604,-29.618220563687608,-32.47951351305541
800,4.0,-1.5,0.55,2,-30.751135110605837,-30.362308986336018,-29.698664088897736,-32.478944650311604
800,4.0,-1.5,0.55,10,-30.768640379494112,-30.430521642831152,-29.768983546584433,-32.36745070341701
800,4.0,-1.5,0.85,-1,-30.79218337475013,-30.348668233344526,-29.65635486700778,-32.45891231472162
800,4.0,-1.5,0.85,2,-30.74964459717919,-30.37231703870335,-29.754030974511583,-32.459965880792524
800,4.0,-1.5,0.85,10,-30.811459552199327,-30.436407445169284,-29.807932911668537,-32.32094314259801
800,4.0,-1.0,0.1,-1,-30.992186898382904,-30.252952862904646,-29.18617854236129,-32.40355253471381
800,4.0,-1.0,0.1,2,-30.941898685481036,-30.295065854086932,-29.317429888413336,-32.40915355094415
800,4.0,-1.0,0.1,10,-30.945955300569246,-30.328999217788702,-29.344720669524705,-32.24307801637787
800,4.0,-1.0,0.55,-1,-31.05905212246364,-30.298041653007864,-29.39971275113003,-32.381013087734736
800,4.0,-1.0,0.55,2,-31.021435001560953,-30.34624798899051,-29.518852357337167,-32.373561085484816
800,4.0,-1.0,0.55,10,-31.056525130715077,-30.477364124261086,-29.622890580827,-32.1162360267988
800,4.0,-1.0,0.85,-1,-30.928203289836844,-30.423981595724538,-29.602152884112037,-32.42320018254076
800,4.0,-1.0,0.85,2,-31.01662383103342,-30.382357887225254,-29.616867783962924,-32.365915151117676
800,4.0,-1.0,0.85,10,-31.066854868626898,-30.517170923484965,-29.734853100194954,-32.11426469396086
800,4.0,-0.5,0.1,-1,-31.147174393540737,-30.3730803218047,-29.129415031878633,-32.2881370810715
800,4.0,-0.5,0.1,2,-31.11244711856117,-30.41716462029264,-29.225808054010187,-32.28619372443074
800,4.0,-0.5,0.1,10,-30.96560918046244,-30.47927685150739,-29.23315556984335,-32.11373883306399
800,4.0,-0.5,0.55,-1,-31.252391344229736,-30.370162928923918,-29.39050144029747,-32.26998946422241
800,4.0,-0.5,0.55,2,-31.144569928002895,-30.390695503533838,-29.460072812877236,-32.22677974907378
800,4.0,-0.5,0.55,10,-31.13650261709811,-30.572071746709724,-29.622559483931603,-31.92132021118492
800,4.0,-0.5,0.85,-1,-31.276792574962307,-30.372985890234613,-29.477018851469193,-32.263739412731354
800,4.0,-0.5,0.85,2,-31.231899742041954,-30.405731608111864,-29.51128530025624,-32.197361776155624
800,4.0,-0.5,0.85,10,-31.265285880973117,-30.686365538948305,-29.79771992082567,-31.878236982768968
800,4.0,-0.25,0.1,-1,-31.185698141391832,-30.400288755930625,-29.1052685274637,-32.21291067217533
800,4.0,-0.25,0.1,2,-31.15252904271521,-30.41929468189176,-29.198343219820618,-32.20143906999236
800,4.0,-0.25,0.1,10,-30.98168636065153,-30.502075725157276,-29.16468492591338,-32.03144644981245
800,4.0,-0.25,0.55,-1,-31.25911336070782,-30.40836707176073,-29.422585044475436,-32.20863269103138
800,4.0,-0.25,0.55,2,-31.222250417804762,-30.410321216642046,-29.46635508953305,-32.14070963369722
800,4.0,-0.25,0.55,10,-31.264905589258017,-30.522603581392357,-29.55799982968806,-31.787560303218612
800,4.0,-0.25,0.85,-1,-31.299783663422694,-30.411126355930133,-29.512068221383117,-32.198150793608505
800,4.0,-0.25,0.85,2,-31.292683364730852,-30.474080271389145,-29.564352962395173,-32.09837634763434
800,4.0,-0.25,0.85,10,-31.15656528617783,-30.660706860857868,-29.87942608290318,-31.728067126086312
800,4.0,+0.0,0.1,-1,-31.22482476255085,-30.415518454311584,-29.11745379672434,-32.1518416154144
800,4.0,+0.0,0.1,2,-31.203151592624646,-30.405286515690154,-29.188356486871314,-32.11334603119762
800,4.0,+0.0,0.1,10,-30.85473784659959,-30.520505820092612,-29.125381619216192,-31.9609431239091
800,4.0,+0.0,0.55,-1,-31.363016115825847,-30.371379929621128,-29.43076663512744,-32.12731855805019
800,4.0,+0.0,0.55,2,-31.372220504437784,-30.415432040912343,-29.47735499163491,-32.012853310390035
800,4.0,+0.0,0.55,10,-31.26700293429446,-30.537771760454177,-29.575400229901142,-31.6939796823368
800,4.0,+0.0,0.85,-1,-31.262546373610416,-30.478544975567093,-29.58080150035986,-32.138617306229904
800,4.0,+0.0,0.85,2,-31.273854509785384,-30.53712832759764,-29.68885616992743,-31.969718488566713
800,4.0,+0.0,0.85,10,-31.261024076901002,-30.57280847620882,-29.858400203199757,-31.56918609721015
800,4.0,+0.25,0.1,-1,-31.225218238940563,-30.448274838801332,-29.22852924020953,-32.12693045226793
800,4.0,+0.25,0.1,2,-31.210330680347255,-30.366260147851094,-29.172771153667973,-32.00760452008641
800,4.0,+0.25,0.1,10,-30.746617613484148,-30.516779858075328,-29.1145451887613,-31.888133216996813
800,4.0,+0.25,0.55,-1,-31.501609274005848,-30.35684776046338,-29.448673994687212,-32.04152904810175
800,4.0,+0.25,0.55,2,-31.50644200749722,-30.391525347263567,-29.543725816772568,-31.86390357387744
800,4.0,+0.25,0.55,10,-31.223510499811557,-30.51926790820271,-29.532987127184448,-31.61495472006408
800,4.0,+0.25,0.85,-1,-31.219050998320498,-30.535295263251463,-29.628835809445178,-32.062375165716404
800,4.0,+0.25,0.85,2,-31.47131756434492,-30.581797009404227,-29.76132809587499,-31.807722767994054
800,4.0,+0.25,0.85,10,-31.321059281439947,-30.63225211093435,-29.919508531203768,-31.419601764159584
800,4.0,+0.5,0.1,-1,-31.18307605216076,-30.433735651641665,-29.290500537318124,-32.081125951079
800,4.0,+0.5,0.1,2,-31.166502032404317,-30.4394022346166,-29.352857827847856,-31.94821677778542
800,4.0,+0.5,0.1,10,-30.591679475199474,-30.450111408160673,-29.096695237199533,-31.805634502883564
800,4.0,+0.5,0.55,-1,-31.327533254187287,-30.330135699380016,-29.544488730632334,-31.97845859541525
800,4.0,+0.5,0.55,2,-31.38261217456728,-30.3663435794363,-29.682726992855986,-31.73821674165659
800,4.0,+0.5,0.55,10,-31.16162629110946,-30.551388643311206,-29.477460781744227,-31.53391726421889
800,4.0,+0.5,0.85,-1,-31.63049018294781,-30.673755076867746,-29.6907618489606,-31.979813460711604
800,4.0,+0.5,0.85,2,-31.642927863330385,-30.71039062194462,-29.88606307068659,-31.67228685485385
800,4.0,+0.5,0.85,10,-31.269985803244342,-30.672091348388633,-30.048434012190675,-31.288915712493864
800,4.0,+0.75,0.1,-1,-30.934650209542575,-30.338356578764156,-29.389064146618026,-32.04394369712466
800,4.0,+0.75,0.1,2,-30.93654477461788,-30.373717677455797,-29.407466889281388,-31.8746128564913
800,4.0,+0.75,0.1,10,-30.458706541539982,-30.375619239819173,-29.148347885920685,-31.746235884168538
800,4.0,+0.75,0.55,-1,-31.514651893953026,-30.39199974343437,-29.623345361441096,-31.89962050377971
800,4.0,+0.75,0.55,2,-31.522859961406912,-30.409048951239754,-29.774203105217367,-31.625969522158513
800,4.0,+0.75,0.55,10,-30.886739249345165,-30.54196075681732,-29.50290784812522,-31.46685599563124
800,4.0,+0.75,0.85,-1,-31.395506411214768,-30.61710137356359,-29.734402113072832,-31.886037182107124
800,4.0,+0.75,0.85,2,-31.394434456343166,-30.616598516789022,-29.957573272644265,-31.543574440750405
800,4.0,+0.75,0.85,10,-31.243533004958355,-30.715727800747263,-30.192388198858033,-31.11095475743125
800,4.0,+1.0,0.1,-1,-30.853837720714946,-30.297463828436037,-29.49548829743092,-31.999082090741737
800,4.0,+1.0,0.1,2,-30.861645000248387,-30.3784245808213,-29.412878254402557,-31.811268572530388
800,4.0,+1.0,0.1,10,-30.29431565272132,-30.271318436066412,-29.1579341402046,-31.679567081533094
800,4.0,+1.0,0.55,-1,-31.215456237247587,-30.252950100518028,-29.725504062056306,-31.83547463224674
800,4.0,+1.0,0.55,2,-31.23285765859366,-30.282836103994963,-29.855428318517767,-31.54119047093831
800,4.0,+1.0,0.55,10,-30.963100924320198,-30.530017066694036,-29.474564270896813,-31.370695617897006
800,4.0,+1.0,0.85,-1,-31.493939253444587,-30.798938785741722,-29.836019946232284,-31.80469131048707
800,4.0,+1.0,0.85,2,-31.50559065573541,-30.783974316495414,-30.057605000495556,-31.429034644311376
800,4.0,+1.0,0.85,10,-31.29359800601625,-30.664842739330368,-30.303746587480532,-31.00154992640799
800,4.5,-2.5,0.1,-1,-29.93642088704119,-30.407957585111753,-29.98095785295967,-32.376293130970446
800,4.5,-2.5,0.1,2,-29.939905989862687,-30.41212708240416,-29.98384525485681,-32.37707317921686
800,4.5,-2.5,0.1,10,-29.951312994722926,-30.390974139705797,-29.97240570782566,-32.379915054214734
800,4.5,-2.5,0.55,-1,-29.968171581078717,-30.540115983051734,-30.07122510654297,-32.407035215883106
800,4.5,-2.5,0.55,2,-29.96754139842597,-30.54013003539299,-30.07271547376962,-32.406967855460074
800,4.5,-2.5,0.55,10,-29.98716655649386,-30.51870428030554,-30.057337717887215,-32.40608805356016
800,4.5,-2.5,0.85,-1,-29.990078698083273,-30.560961495206737,-30.082406018658027,-32.39091129767563
800,4.5,-2.5,0.85,2,-29.981537560207002,-30.557614308215864,-30.091386660847505,-32.39399546883816
800,4.5,-2.5,0.85,10,-30.02206343432666,-30.53720316734378,-30.054688178466733,-32.39080601809804
800,4.5,-2.0,0.1,-1,-30.212073530109077,-30.32712991602452,-29.829809624971585,-32.46290879289081
800,4.5,-2.0,0.1,2,-30.198729101479408,-30.334240558265762,-29.8453122204061,-32.462492120409074
800,4.5,-2.0,0.1,10,-30.23120501011671,-30.32509745391831,-29.82443678774276,-32.45790195350605
800,4.5,-2.0,0.55,-1,-30.26989034977572,-30.513877265449636,-29.956924059564074,-32.487861884317
800,4.5,-2.0,0.55,2,-30.26628062150003,-30.51494325505317,-29.969115765051512,-32.48616467740837
800,4.5,-2.0,0.55,10,-30.272460781946265,-30.486044619756335,-29.969374796528125,-32.47785380820315
800,4.5,-2.0,0.85,-1,-30.286689640281846,-30.55122588335745,-29.97728615422802,-32.48223260548353
800,4.5,-2.0,0.85,2,-30.27664059047006,-30.551350078899468,-29.997411442602974,-32.48298156432163
800,4.5,-2.0,0.85,10,-30.311352579635432,-30.515965705278674,-29.979172217621407,-32.46708443286102
800,4.5,-1.5,0.1,-1,-30.567658903691747,-30.226472429037628,-29.50207548396896,-32.48999043770691
800,4.5,-1.5,0.1,2,-30.54168532080857,-30.25120941630632,-29.573258990892974,-32.490874755716646
800,4.5,-1.5,0.1,10,-30.555905011984063,-30.268907461705172,-29.589517299963283,-32.43931559267122
800,4.5,-1.5,0.55,-1,-30.626499271921052,-30.41265019277234,-29.689815901849364,-32.520403675376485
800,4.5,-1.5,0.55,2,-30.601103743294086,-30.432803594182488,-29.74801693339433,-32.51906478543363
800,4.5,-1.5,0.55,10,-30.65560255059658,-30.476306292441873,-29.781544649493554,-32.409519718939144
800,4.5,-1.5,0.85,-1,-30.657912271549588,-30.431835321316626,-29.72579569391511,-32.49969577147607
800,4.5,-1.5,0.85,2,-30.62001197672361,-30.45604807739653,-29.80019394432984,-32.50027869235338
800,4.5,-1.5,0.85,10,-30.691238876646672,-30.4819343743792,-29.807134242263224,-32.39012727116127
800,4.5,-1.0,0.1,-1,-30.928570724899593,-30.201195319522995,-29.169130530979537,-32.43952576225324
800,4.5,-1.0,0.1,2,-30.89270448427655,-30.24624190805318,-29.25736449826107,-32.44200506406699
800,4.5,-1.0,0.1,10,-30.906140499312862,-30.317352717050458,-29.305194346428003,-32.32927556574032
800,4.5,-1.0,0.55,-1,-31.059904138013124,-30.29658374136708,-29.383228486323503,-32.43461251641583
800,4.5,-1.0,0.55,2,-31.016315804712697,-30.35716073137747,-29.47768055468093,-32.437536511876516
800,4.5,-1.0,0.55,10,-31.07304202419121,-30.471479944630303,-29.54160682592482,-32.22024601619664
800,4.5,-1.0,0.85,-1,-31.043991750752525,-30.29014573282574,-29.43198509253253,-32.424904793886114
800,4.5,-1.0,0.85,2,-31.003055202891797,-30.35561365137856,-29.529145168106595,-32.42215079463259
800,4.5,-1.0,0.85,10,-31.08067087849697,-30.482590474079657,-29.608723258021485,-32.1844741928762
800,4.5,-0.5,0.1,-1,-31.149425844936978,-30.337373471843673,-29.031168835439484,-32.3353990674387
800,4.5,-0.5,0.1,2,-31.147241231401605,-30.371567938201988,-29.073613480866086,-32.31663659152224
800,4.5,-0.5,0.1,10,-31.12026150339478,-30.444650207821145,-29.126694490744622,-32.16153833365949
800,4.5,-0.5,0.55,-1,-31.1932061160903,-30.330366423506913,-29.30757568494286,-32.33057783725625
800,4.5,-0.5,0.55,2,-31.201806228356823,-30.428868689011814,-29.338819843849645,-32.27633438407403
800,4.5,-0.5,0.55,10,-31.223240518872224,-30.525005930768376,-29.42497112057911,-31.99624478869355
800,4.5,-0.5,0.85,-1,-31.157865506673133,-30.376138283680127,-29.416171921082363,-32.34135903359794
800,4.5,-0.5,0.85,2,-31.14951903935818,-30.457605577928916,-29.470077438491188,-32.27031884301173
800,4.5,-0.5,0.85,10,-31.171231862193803,-30.62460531784946,-29.64275315790171,-31.97106256813747
800,4.5,-0.25,0.1,-1,-31.246446276773217,-30.372588586294547,-29.000052394657555,-32.26679151623708
800,4.5,-0.25,0.1,2,-31.208810695577803,-30.422194524916915,-29.032551072004836,-32.236624234630355
800,4.5,-0.25,0.1,10,-31.037308948112305,-30.506161645729666,-29.028045752778645,-32.07770748731266
800,4.5,-0.25,0.55,-1,-31.252266314265363,-30.323846792132322,-29.259456062412724,-32.253027816691834
800,4.5,-0.25,0.55,2,-31.259351346891165,-30.406343143248577,-29.303565191522303,-32.15952964978359
800,4.5,-0.25,0.55,10,-31.235895312390713,-30.563723399033424,-29.434404114804885,-31.903639220774934
800,4.5,-0.25,0.85,-1,-31.196864492039534,-30.40314999882193,-29.404641662720962,-32.275154779054716
800,4.5,-0.25,0.85,2,-31.20806470978337,-30.488419939349633,-29.477992121774204,-32.13509955751355
800,4.5,-0.25,0.85,10,-31.269365609278424,-30.572582767679137,-29.63155649480534,-31.836171090257817
800,4.5,+0.0,0.1,-1,-31.282894842929238,-30.42950134815826,-29.03842921759746,-32.21881397875385
800,4.5,+0.0,0.1,2,-31.2050895490891,-30.45160153875163,-29.051101459160584,-32.151116170700924
800,4.5,+0.0,0.1,10,-30.98059905417605,-30.57460900184087,-28.99885657174242,-32.019511029187704
800,4.5,+0.0,0.55,-1,-31.40090020157244,-30.362922904160293,-29.262194343203213,-32.183439766570494
800,4.5,+0.0,0.55,2,-31.35981541432152,-30.411792477283697,-29.358799290147942,-32.02461035394558
800,4.5,+0.0,0.55,10,-31.261109693197785,-30.605456499875533,-29.467822783310233,-31.821818910605018
800,4.5,+0.0,0.85,-1,-31.36583001481184,-30.422806551035137,-29.404755360423017,-32.19805710337369
800,4.5,+0.0,0.85,2,-31.422051252453954,-30.529350360125118,-29.517387096976403,-31.976134298164002
800,4.5,+0.0,0.85,10,-31.237126725508357,-30.620199585410944,-29.702653131958186,-31.71376489670397
800,4.5,+0.25,0.1,-1,-31.247382469564982,-30.44643901648682,-29.077598831580307,-32.17124412893804
800,4.5,+0.25,0.1,2,-31.242530538388323,-30.470871696639517,-29.11099655050185,-32.05072295441579
800,4.5,+0.25,0.1,10,-30.870140769607445,-30.575295437983712,-28.944118342495237,-31.934524831352412
800,4.5,+0.25,0.55,-1,-31.351054284801783,-30.365789342401065,-29.307955023958726,-32.12137036858887
800,4.5,+0.25,0.55,2,-31.35746323977386,-30.437651903317743,-29.438990611282037,-31.876018299765118
800,4.5,+0.25,0.55,10,-31.306738740586674,-30.572907618837387,-29.408515267246326,-31.705643395140434
800,4.5,+0.25,0.85,-1,-31.45937086813675,-30.460346232541834,-29.432009456821127,-32.122566500106046
800,4.5,+0.25,0.85,2,-31.497474495740647,-30.52524493289876,-29.455426160297556,-32.00597588208626
800,4.5,+0.25,0.85,10,-31.27466519068919,-30.693433650706865,-29.815423258115853,-31.60088416494159
800,4.5,+0.5,0.1,-1,-31.18482087597573,-30.43657770101415,-29.122493565403083,-32.12514481049959
800,4.5,+0.5,0.1,2,-31.18503325438342,-30.482318863777586,-29.172243293760154,-31.954370483892806
800,4.5,+0.5,0.1,10,-30.73589619084459,-30.568139913442103,-28.938372081961848,-31.86502062449412
800,4.5,+0.5,0.55,-1,-31.509717218528035,-30.428572925903588,-29.372433417676614,-32.05092558558091
800,4.5,+0.5,0.55,2,-31.541073695847643,-30.502867403294047,-29.516750190059934,-31.73341404261736
800,4.5,+0.5,0.55,10,-31.25309045803732,-30.548798701223916,-29.429033810106834,-31.605993594548032
800,4.5,+0.5,0.85,-1,-31.60094866977085,-30.553830294724264,-29.484411436392563,-32.04710749218406
800,4.5,+0.5,0.85,2,-31.51928638020862,-30.57024598230139,-29.5836811206483,-31.861204280110375
800,4.5,+0.5,0.85,10,-31.458580875506467,-30.675264830032702,-29.745147334219592,-31.37281206726493
800,4.5,+0.75,0.1,-1,-31.11850543566046,-30.428079378823316,-29.214102251342474,-32.08701570753973
800,4.5,+0.75,0.1,2,-31.099967975801682,-30.463793439861348,-29.221372266446398,-31.877122365834346
800,4.5,+0.75,0.1,10,-30.566301496214784,-30.501420262139398,-28.93855136965665,-31.788260685651736
800,4.5,+0.75,0.55,-1,-31.603284549017467,-30.456286394769624,-29.434586306051283,-31.974555203941076
800,4.5,+0.75,0.55,2,-31.665526427439012,-30.514977012005062,-29.57305524358582,-31.616405631142563
800,4.5,+0.75,0.55,10,-31.22356179159705,-30.5340970590972,-29.40006799946164,-31.51633590806217
800,4.5,+0.75,0.85,-1,-31.597372052409376,-30.666138966593465,-29.568087845846375,-31.97107687566738
800,4.5,+0.75,0.85,2,-31.59959831785617,-30.69051516082476,-29.727721722522045,-31.708455848706745
800,4.5,+0.75,0.85,10,-31.37512582932848,-30.635576586680738,-29.90864239116293,-31.28232586212397
800,4.5,+1.0,0.1,-1,-30.96714823996176,-30.39099459794194,-29.293143789691506,-32.045105437639485
800,4.5,+1.0,0.1,2,-30.982738723758526,-30.44375342192484,-29.24299146118401,-31.81197951035567
800,4.5,+1.0,0.1,10,-30.488472955995142,-30.426423867055664,-28.95021336971365,-31.713894468405336
800,4.5,+1.0,0.55,-1,-31.240369906285558,-30.31490106952972,-29.51275024867078,-31.89652348686828
800,4.5,+1.0,0.55,2,-31.271074616811298,-30.33893940317172,-29.67037780690425,-31.543266987759093
800,4.5,+1.0,0.55,10,-31.1110316338203,-30.54435257829819,-29.362149098713687,-31.456365015073917
800,4.5,+1.0,0.85,-1,-31.580377670964232,-30.75905239717234,-29.642827216423264,-31.88673283232537
800,4.5,+1.0,0.85,2,-31.565451322197355,-30.736835148031933,-29.836096555885735,-31.570105610050916
800,4.5,+1.0,0.85,10,-31.344111580272155,-30.669251706528087,-30.11660428513608,-31.12321404276182
800,5.0,-2.5,0.1,-1,-29.831748660552794,-30.454312244656357,-30.012897712988128,-32.357930155616536
800,5.0,-2.5,0.1,2,-29.824483904957603,-30.44952152341272,-30.020560104965842,-32.35904643288329
800,5.0,-2.5,0.1,10,-29.852160976411916,-30.440528174701335,-30.003611199485874,-32.361905069379745
800,5.0,-2.5,0.55,-1,-29.850020534540008,-30.527206604530704,-30.058059528643753,-32.36773489472171
800,5.0,-2.5,0.55,2,-29.850054086825377,-30.529360680405063,-30.053471957571713,-32.36604762261502
800,5.0,-2.5,0.55,10,-29.869245526597886,-30.509580834531857,-30.031707668736054,-32.368016646274846
800,5.0,-2.5,0.85,-1,-29.889148121279785,-30.57697088663666,-30.10062666714544,-32.371888826796464
800,5.0,-2.5,0.85,2,-29.87876267727586,-30.569797520149784,-30.109265585180253,-32.37487812850474
800,5.0,-2.5,0.85,10,-29.909171412981593,-30.557880825489946,-30.083600241883957,-32.3752745545451
800,5.0,-2.0,0.1,-1,-30.113128195968365,-30.333067984065263,-29.856063658315474,-32.40930820817618
800,5.0,-2.0,0.1,2,-30.111823206628788,-30.333000546667183,-29.859225129613648,-32.408949336694384
800,5.0,-2.0,0.1,10,-30.12882705744407,-30.3119445451622,-29.843578740161284,-32.41286033866434
800,5.0,-2.0,0.55,-1,-30.16693799871906,-30.472763162148627,-29.940182330277324,-32.422741373502554
800,5.0,-2.0,0.55,2,-30.166092382563626,-30.47479740564636,-29.945465932562705,-32.42230797593614
800,5.0,-2.0,0.55,10,-30.200217424992996,-30.454850132795514,-29.927589433919913,-32.42381036115697
800,5.0,-2.0,0.85,-1,-30.160826629338494,-30.568585554877465,-30.02244798349643,-32.4513471426889
800,5.0,-2.0,0.85,2,-30.17269082233152,-30.5900810278565,-30.029635867247904,-32.451075988899504
800,5.0,-2.0,0.85,10,-30.195600651878713,-30.551851431007385,-30.002339613106436,-32.458969967390566
800,5.0,-1.5,0.1,-1,-30.45617339357564,-30.21681358287646,-29.5702281856666,-32.47437069071075
800,5.0,-1.5,0.1,2,-30.439085564538143,-30.203900754248178,-29.58296507695051,-32.47160419964121
800,5.0,-1.5,0.1,10,-30.4549323258369,-30.213342548630568,-29.585337484915165,-32.460114899542376
800,5.0,-1.5,0.55,-1,-30.537940415378237,-30.372231486383452,-29.68680570672884,-32.4915828598794
800,5.0,-1.5,0.55,2,-30.52602260809065,-30.3698083692497,-29.710319318033434,-32.48966488590342
800,5.0,-1.5,0.55,10,-30.552432894925786,-30.37743662338042,-29.711075155320856,-32.46280826849482
800,5.0,-1.5,0.85,-1,-30.508584251900754,-30.497547941801727,-29.811413101216537,-32.512897955500684
800,5.0,-1.5,0.85,2,-30.49658567436928,-30.491914149158564,-29.822327822154634,-32.51050282192474
800,5.0,-1.5,0.85,10,-30.542880769250225,-30.493284093819444,-29.808600763851633,-32.46907959832042
800,5.0,-1.0,0.1,-1,-30.823496587669894,-30.187833480383013,-29.208698903356787,-32.46964018065456
800,5.0,-1.0,0.1,2,-30.79319061789972,-30.23286999992778,-29.282953294462306,-32.47202959661239
800,5.0,-1.0,0.1,10,-30.824341966964838,-30.275844884701897,-29.29814453180681,-32.376338253876696
800,5.0,-1.0,0.55,-1,-30.89561360647126,-30.318410924320965,-29.410967971103755,-32.486480210931326
800,5.0,-1.0,0.55,2,-30.8665155052297,-30.36310945078416,-29.481310601017967,-32.485356055917705
800,5.0,-1.0,0.55,10,-30.93425957803656,-30.44938278099532,-29.513708826558783,-32.31910253822782
800,5.0,-1.0,0.85,-1,-30.9005694523739,-30.345028707676597,-29.493516049645628,-32.47953712275066
800,5.0,-1.0,0.85,2,-30.87399459397616,-30.402215459532734,-29.56364229817985,-32.4759790556453
800,5.0,-1.0,0.85,10,-30.959912431496008,-30.477042405600304,-29.586065935340216,-32.28248902970441
800,5.0,-0.5,0.1,-1,-31.135199881662487,-30.268207066320837,-28.97694831219898,-32.38501693833048
800,5.0,-0.5,0.1,2,-31.05145545388847,-30.351430164790525,-29.03528269841439,-32.39138582908372
800,5.0,-0.5,0.1,10,-31.0938797531239,-30.40816909800387,-29.051631566927284,-32.22362955857244
800,5.0,-0.5,0.55,-1,-31.073249107303127,-30.302813002113552,-29.26975051126369,-32.404690738927954
800,5.0,-0.5,0.55,2,-31.088819207139686,-30.398263614272054,-29.28635318861645,-32.379388645643616
800,5.0,-0.5,0.55,10,-31.143905221253725,-30.53669933004538,-29.395720748791913,-32.12197654466604
800,5.0,-0.5,0.85,-1,-31.23343832139161,-30.297140777886394,-29.329041647364665,-32.391308401949054
800,5.0,-0.5,0.85,2,-31.22836168831824,-30.397939089992928,-29.346290902225704,-32.35541575236999
800,5.0,-0.5,0.85,10,-31.27836242975516,-30.54940381972084,-29.479570279988877,-32.06175794898177
800,5.0,-0.25,0.1,-1,-31.16367850419318,-30.346237100082266,-28.95241011050539,-32.33512779098515
800,5.0,-0.25,0.1,2,-31.15871750887986,-30.418972505442724,-28.948640640035165,-32.31682369628282
800,5.0,-0.25,0.1,10,-31.135802274901753,-30.491383168898132,-28.970606640113957,-32.1413608562851
800,5.0,-0.25,0.55,-1,-31.237589864627417,-30.347901073735887,-29.232348016241122,-32.34052583963797
800,5.0,-0.25,0.55,2,-31.24186320686197,-30.440414199764124,-29.227738492126633,-32.295984500366096
800,5.0,-0.25,0.55,10,-31.24548187825869,-30.561751129074885,-29.371133453161864,-32.01292187569473
800,5.0,-0.25,0.85,-1,-31.322210255498035,-30.35052043519795,-29.308196696043822,-32.334654501791405
800,5.0,-0.25,0.85,2,-31.303364475814092,-30.460800355930946,-29.33458726048473,-32.28608756040756
800,5.0,-0.25,0.85,10,-31.343361867936736,-30.620431329311415,-29.521551031372674,-31.94983057312209
800,5.0,+0.0,0.1,-1,-31.237532005842972,-30.392579049204347,-28.948681277790605,-32.27640336417057
800,5.0,+0.0,0.1,2,-31.24593537012133,-30.460819020002766,-28.920630065010464,-32.241647247893425
800,5.0,+0.0,0.1,10,-31.14904994926988,-30.55348780427081,-28.906825287658688,-32.061533042806
800,5.0,+0.0,0.55,-1,-31.278750710085163,-30.333589348070632,-29.193818103852294,-32.26020327263942
800,5.0,+0.0,0.55,2,-31.28871563845419,-30.417088308587104,-29.187602242765283,-32.19414732968072
800,5.0,+0.0,0.55,10,-31.296563017080068,-30.54995127994686,-29.356282598876014,-31.904251035544352
800,5.0,+0.0,0.85,-1,-31.275519066616084,-30.376853920641448,-29.31341452421274,-32.27403897323357
800,5.0,+0.0,0.85,2,-31.378432972596816,-30.47936961575521,-29.280240749506838,-32.16767445159552
800,5.0,+0.0,0.85,10,-31.284468055277145,-30.574386909299722,-29.512892970007524,-31.850195835309595
800,5.0,+0.25,0.1,-1,-31.249919095853297,-30.428244128082852,-28.952151045154114,-32.217427347729455
800,5.0,+0.25,0.1,2,-31.253471333353172,-30.494936146790703,-28.941573592736773,-32.175747972558575
800,5.0,+0.25,0.1,10,-31.079924124496536,-30.61877458807908,-28.864516757750017,-31.995733935982294
800,5.0,+0.25,0.55,-1,-31.41756009558096,-30.39534851427859,-29.205443928365344,-32.196728671301365
800,5.0,+0.25,0.55,2,-31.362706258460747,-30.438280930055402,-29.209950615368143,-32.083154017114715
800,5.0,+0.25,0.55,10,-31.268838311794156,-30.576342676648146,-29.337059077873512,-31.82371011164276
800,5.0,+0.25,0.85,-1,-31.27483405956309,-30.41913662963751,-29.328483593401906,-32.207543466567174
800,5.0,+0.25,0.85,2,-31.288027819975845,-30.506908322163532,-29.38175842435645,-32.04645417514686
800,5.0,+0.25,0.85,10,-31.299160481194555,-30.59152309232242,-29.56720284385867,-31.72228407555084
800,5.0,+0.5,0.1,-1,-31.201672122013928,-30.446835219192106,-29.00069857440092,-32.176555433145516
800,5.0,+0.5,0.1,2,-31.219261887652653,-30.495279202346396,-29.0051078744197,-32.098633029600606
800,5.0,+0.5,0.1,10,-30.962143176690056,-30.649735724906808,-28.82474039047103,-31.932343294691833
800,5.0,+0.5,0.55,-1,-31.387847138345823,-30.367257534065484,-29.19205777468197,-32.11475200162403
800,5.0,+0.5,0.55,2,-31.41455230818863,-30.423590034563706,-29.27379788918365,-31.931331512623082
800,5.0,+0.5,0.55,10,-31.272379460027956,-30.571037789122354,-29.315094480024655,-31.726711032004022
800,5.0,+0.5,0.85,-1,-31.427575837827753,-30.47610751009013,-29.305173805139365,-32.11878464049047
800,5.0,+0.5,0.85,2,-31.610178623278642,-30.62596798295759,-29.422531056557673,-31.867024089817775
800,5.0,+0.5,0.85,10,-31.38970020867083,-30.69662188198752,-29.685900356323266,-31.62674966933644
800,5.0,+0.75,0.1,-1,-31.14412800809207,-30.458333923300845,-29.06089212414964,-32.13560581501004
800,5.0,+0.75,0.1,2,-31.147696864142173,-30.48657304314517,-29.096062972783244,-31.99783098424593
800,5.0,+0.75,0.1,10,-30.738179418953713,-30.622522779417455,-28.809784081640526,-31.86423226806765
800,5.0,+0.75,0.55,-1,-31.4744957384803,-30.404840248657447,-29.26839677464731,-32.054489654418376
800,5.0,+0.75,0.55,2,-31.48103829967483,-30.45234386596904,-29.405171894316663,-31.78603635487406
800,5.0,+0.75,0.55,10,-31.239985091353624,-30.582842329001206,-29.29445272132416,-31.638511246694815
800,5.0,+0.75,0.85,-1,-31.65241727859522,-30.68602268601093,-29.401687712926737,-32.056602924882284
800,5.0,+0.75,0.85,2,-31.61560662473085,-30.713803430152918,-29.5827804908961,-31.71821773809194
800,5.0,+0.75,0.85,10,-31.31756815986286,-30.610044758043735,-29.717718723869403,-31.455991042158274
800,5.0,+1.0,0.1,-1,-31.046588480123482,-30.442744054218114,-29.117500649076913,-32.09254652538825
800,5.0,+1.0,0.1,2,-31.059989578657444,-30.480481183043345,-29.151017315171117,-31.912755122650292
800,5.0,+1.0,0.1,10,-30.619217090879886,-30.55391154137585,-28.780092696248367,-31.77998953776833
800,5.0,+1.0,0.55,-1,-31.249884979672593,-30.345077748799284,-29.322801092971226,-31.97017032275894
800,5.0,+1.0,0.55,2,-31.31233201508988,-30.366049161212516,-29.4941102093814,-31.660563488753088
800,5.0,+1.0,0.55,10,-31.18640135139877,-30.581353603680725,-29.243678355688395,-31.546437591031165
800,5.0,+1.0,0.85,-1,-31.75578135695433,-30.704638937381397,-29.445223339039998,-31.96838361744392
800,5.0,+1.0,0.85,2,-31.675658211876694,-30.74315390947236,-29.68970862902239,-31.59108013237517
800,5.0,+1.0,0.85,10,-31.297090291460613,-30.57496419377633,-29.777930306438435,-31.29265940217045
800,5.25,-2.5,0.1,-1,-29.77847703873746,-30.423144804314802,-29.972362483812343,-32.335041730546116
800,5.25,-2.5,0.1,2,-29.75610756525296,-30.410037620216972,-29.985904719971472,-32.34001973847634
800,5.25,-2.5,0.1,10,-29.788975588956163,-30.40697484912412,-29.959208909962967,-32.340204277634214
800,5.25,-2.5,0.55,-1,-29.82242643159879,-30.52223328345661,-30.063271311793038,-32.3527647487176
800,5.25,-2.5,0.55,2,-29.830239671865492,-30.52761057178406,-30.059745094000846,-32.35226743293601
800,5.25,-2.5,0.55,10,-29.84459033441794,-30.500954578908342,-30.040796450506384,-32.35441342725459
800,5.25,-2.5,0.85,-1,-29.796813532570518,-30.519177449432572,-30.063320953031493,-32.35442746878024
800,5.25,-2.5,0.85,2,-29.803061056461786,-30.522742847454598,-30.05776913963659,-32.3521613094132
800,5.25,-2.5,0.85,10,-29.81930616032279,-30.49954104838651,-30.038645836841393,-32.355813262532585
800,5.25,-2.0,0.1,-1,-30.06119776928678,-30.388419347149185,-29.881403516701358,-32.40698010128248
800,5.25,-2.0,0.1,2,-30.05327942616323,-30.378072649245937,-29.890193212136293,-32.40656683967983
800,5.25,-2.0,0.1,10,-30.073886651696043,-30.34892535352565,-29.859470431396275,-32.40811389612597
800,5.25,-2.0,0.55,-1,-30.106118342223912,-30.531999344907472,-29.990710755578448,-32.438195465803744
800,5.25,-2.0,0.55,2,-30.105265146873045,-30.532137198270064,-29.99260015557809,-32.438087547750726
800,5.25,-2.0,0.55,10,-30.13797829419831,-30.508563225035545,-29.96727150736546,-32.44000977382191
800,5.25,-2.0,0.85,-1,-30.108690748090225,-30.55556932759775,-30.01216894992791,-32.422802474532936
800,5.25,-2.0,0.85,2,-30.088865808240296,-30.556315277129208,-30.018576410858465,-32.42464355292245
800,5.25,-2.0,0.85,10,-30.134842569529788,-30.516438917086926,-29.972731976705276,-32.42435541938842
800,5.25,-1.5,0.1,-1,-30.422744479631348,-30.232248831510233,-29.602990725216568,-32.45416909109451
800,5.25,-1.5,0.1,2,-30.412217854993607,-30.23689193008053,-29.62144602431534,-32.45432262848692
800,5.25,-1.5,0.1,10,-30.436656850905006,-30.228624901630607,-29.6102133529036,-32.44475896736159
800,5.25,-1.5,0.55,-1,-30.460294222262977,-30.440802468814713,-29.76464687109494,-32.49107620638697
800,5.25,-1.5,0.55,2,-30.453977128015943,-30.447767317803493,-29.779636360170855,-32.49067357809149
800,5.25,-1.5,0.55,10,-30.493876321853925,-30.419368551078097,-29.743395629556268,-32.467026529242055
800,5.25,-1.5,0.85,-1,-30.50022898243748,-30.46972491029672,-29.79722328896478,-32.47363284210981
800,5.25,-1.5,0.85,2,-30.460630849826256,-30.45060907335405,-29.79658170541014,-32.47012510029742
800,5.25,-1.5,0.85,10,-30.53964514243999,-30.435888453965187,-29.770483890204954,-32.43764607533852
800,5.25,-1.0,0.1,-1,-30.78574668061308,-30.144332613594678,-29.207600634720766,-32.46492986759378
800,5.25,-1.0,0.1,2,-30.760929250553644,-30.167966343863036,-29.259826307434746,-32.468572350910875
800,5.25,-1.0,0.1,10,-30.786963830241007,-30.202618066882884,-29.26628731876309,-32.42318733496632
800,5.25,-1.0,0.55,-1,-30.859910735505906,-30.287706399998843,-29.393383080592265,-32.48275507832179
800,5.25,-1.0,0.55,2,-30.837956124653378,-30.330164521954064,-29.46181015181327,-32.48301581994224
800,5.25,-1.0,0.55,10,-30.90552028937601,-30.372929778524153,-29.462273432314237,-32.34050342269353
800,5.25,-1.0,0.85,-1,-30.86863841287471,-30.30672662923402,-29.453714755274724,-32.474250741826765
800,5.25,-1.0,0.85,2,-30.84536080876147,-30.331461378346294,-29.506365524449755,-32.4747182033646
800,5.25,-1.0,0.85,10,-30.908989076549492,-30.37399452488618,-29.49879718905651,-32.36408467809333
800,5.25,-0.5,0.1,-1,-31.080404935043102,-30.22437310491259,-28.95385647287887,-32.40384498398034
800,5.25,-0.5,0.1,2,-31.058264486991263,-30.294056891044686,-28.999659318684262,-32.40258889149435
800,5.25,-0.5,0.1,10,-31.080183764948785,-30.364311535194144,-29.018082238862686,-32.2526220198852
800,5.25,-0.5,0.55,-1,-31.131877957016595,-30.264365578595573,-29.22063273070694,-32.421656123538654
800,5.25,-0.5,0.55,2,-31.13421088332074,-30.351400812248794,-29.23584426467947,-32.39663833050547
800,5.25,-0.5,0.55,10,-31.17880644170534,-30.4687783400292,-29.324877708257404,-32.165561967411335
800,5.25,-0.5,0.85,-1,-31.138835466613042,-30.322841323763402,-29.360999934335325,-32.441901168312604
800,5.25,-0.5,0.85,2,-31.11006335815385,-30.390036817163026,-29.358613643404144,-32.40038959115959
800,5.25,-0.5,0.85,10,-31.189334569384755,-30.550807221232294,-29.477456631429607,-32.136230411328754
800,5.25,-0.25,0.1,-1,-31.1481922841292,-30.30349177244688,-28.9370738968238,-32.365013760732126
800,5.25,-0.25,0.1,2,-31.148676823457816,-30.384178430207747,-28.927797741581234,-32.345404658386656
800,5.25,-0.25,0.1,10,-31.14510571047294,-30.454797280654713,-28.93943151995364,-32.171301216280604
800,5.25,-0.25,0.55,-1,-31.192039299809302,-30.30517380325339,-29.209542512569257,-32.373514737603195
800,5.25,-0.25,0.55,2,-31.200084528519643,-30.400482961725963,-29.206332678597512,-32.331852136971946
800,5.25,-0.25,0.55,10,-31.227250752503444,-30.516549977839354,-29.32446387107827,-32.07237079848467
800,5.25,-0.25,0.85,-1,-31.282861958406727,-30.303473716535297,-29.280377792499458,-32.36923024094509
800,5.25,-0.25,0.85,2,-31.283074901752002,-30.41341348835587,-29.289341508871516,-32.315773827239035
800,5.25,-0.25,0.85,10,-31.334946795692158,-30.562971196770285,-29.447624890535778,-32.01671839903476
800,5.25,+0.0,0.1,-1,-31.192776481981667,-30.381524083034552,-28.92953221803284,-32.31230372565992
800,5.25,+0.0,0.1,2,-31.209968392422674,-30.465392127437376,-28.88980998966462,-32.27735262862592
800,5.25,+0.0,0.1,10,-31.16984500238365,-30.520861607793197,-28.885204384980582,-32.09685705747486
800,5.25,+0.0,0.55,-1,-31.265813200256463,-30.342844426621546,-29.173920683214064,-32.30422695978462
800,5.25,+0.0,0.55,2,-31.274696380084748,-30.43455511076349,-29.16268050956157,-32.23377373325963
800,5.25,+0.0,0.85,-1,-31.375570988037307,-30.389745714222343,-29.297511911602925,-32.31985965589796
800,5.25,+0.0,0.85,2,-31.33247845896348,-30.48147927326555,-29.303925463122653,-32.22400307389333
800,5.25,+0.0,0.85,10,-31.390959270494797,-30.61777122176653,-29.450268792777216,-31.9101937122926
800,5.25,+0.25,0.1,-1,-31.23426702526634,-30.425650712466876,-28.929313415468414,-32.254149395618995
800,5.25,+0.25,0.1,2,-31.247360924266438,-30.502957073924577,-28.88757482102151,-32.20171796762376
800,5.25,+0.25,0.1,10,-31.133641148765754,-30.613541913192762,-28.85675768098279,-32.03772713092762
800,5.25,+0.25,0.55,-1,-31.2899485375106,-30.352704985716507,-29.156749632495583,-32.23011643504815
800,5.25,+0.25,0.55,2,-31.306505962977194,-30.443619177410717,-29.156714761656858,-32.1085910562607
800,5.25,+0.25,0.55,10,-31.344556189987088,-30.585450068706734,-29.33818132812482,-31.870519427656156
800,5.25,+0.25,0.85,-1,-31.374263937943084,-30.40019508813981,-29.26217766199883,-32.2384723974468
800,5.25,+0.25,0.85,2,-31.32489374688923,-30.517178745130302,-29.313528570253865,-32.07208092932851
800,5.25,+0.25,0.85,10,-31.295431591634507,-30.58122642882931,-29.491732588385986,-31.798453924788916
800,5.25,+0.5,0.1,-1,-31.210659893845815,-30.452152290365177,-28.950266824704734,-32.20369078781318
800,5.25,+0.5,0.1,2,-31.224828119686872,-30.51562450265373,-28.918483485623995,-32.11268893088585
800,5.25,+0.5,0.1,10,-31.023074705542086,-30.655561598565644,-28.789531839752716,-31.96398419144694
800,5.25,+0.5,0.55,-1,-31.29110011456611,-30.357198669192698,-29.145618955390677,-32.155671012690426
800,5.25,+0.5,0.55,2,-31.35547028857237,-30.4562808966546,-29.212755285015724,-31.95217920368976
800,5.25,+0.5,0.55,10,-31.264065973588284,-30.568945343027565,-29.27444947653466,-31.791208072478558
800,5.25,+0.5,0.85,-1,-31.53329068987086,-30.467823098944365,-29.25270979373881,-32.15934135514863
800,5.25,+0.5,0.85,2,-31.284694810332894,-30.478603250676876,-29.31892250236703,-31.87728746346795
800,5.25,+0.5,0.85,10,-31.41778187115982,-30.65295118007367,-29.56184304266532,-31.672466567567675
800,5.25,+0.75,0.1,-1,-31.15528809452767,-30.461623287875824,-28.989242976461323,-32.159097227140286
800,5.25,+0.75,0.1,2,-31.167490967168785,-30.5157066703709,-28.992884775434323,-32.0075634491056
800,5.25,+0.75,0.1,10,-30.897439137443122,-30.664362276416746,-28.722548185801667,-31.885906241395112
800,5.25,+0.75,0.55,-1,-31.433607186377625,-30.378454537976424,-29.15634686638999,-32.07916370001867
800,5.25,+0.75,0.55,2,-31.433693308923914,-30.448879129972394,-29.29360232277411,-31.794074979782835
800,5.25,+0.75,0.55,10,-31.101029696700312,-30.60012819851802,-29.26258494728132,-31.714241904137133
800,5.25,+0.75,0.85,-1,-31.559328398764862,-30.55097682425318,-29.302293651812633,-32.090932047140754
800,5.25,+0.75,0.85,2,-31.62386333270181,-30.662597113703693,-29.469741508618025,-31.727881203495084
800,5.25,+0.75,0.85,10,-31.35560247736057,-30.617347746947793,-29.59069964572386,-31.56704142199243
800,5.25,+1.0,0.1,-1,-31.099377756678432,-30.47691973505444,-29.05851634219646,-32.12191947671662
800,5.25,+1.0,0.1,2,-31.10395091558976,-30.52641349336509,-29.068351145146636,-31.927778591817955
800,5.25,+1.0,0.1,10,-30.7415174442891,-30.624140844960376,-28.70165756114773,-31.818769074661436
800,5.25,+1.0,0.55,-1,-31.309673548799154,-30.384991776570125,-29.236298118158533,-32.01267575340801
800,5.25,+1.0,0.55,2,-31.426084575982554,-30.429838917046204,-29.401183788337892,-31.677125802518987
800,5.25,+1.0,0.55,10,-31.239438997643127,-30.624163122292973,-29.240278219304365,-31.62281696412318
800,5.25,+1.0,0.85,-1,-31.44576756465643,-30.63273670049177,-29.368635896828792,-32.01551677248708
800,5.25,+1.0,0.85,2,-31.615313876337314,-30.689968925183386,-29.592655873191486,-31.605650622749117
800,5.25,+1.0,0.85,10,-31.33238774237126,-30.58865321138821,-29.695989258272725,-31.394298485228617
850,3.5,-2.5,0.1,-1,-30.55617313051238,-30.64647339056352,-30.20890584448359,-32.56727905521929
850,3.5,-2.5,0.1,2,-30.55823188301345,-30.661827332006197,-30.21852696697165,-32.568796896352254
850,3.5,-2.5,0.1,10,-30.557693170251937,-30.644226097468316,-30.23414954605493,-32.562086700622366
850,3.5,-2.5,0.55,-1,-30.628785205393285,-30.801147035746077,-30.291759621316203,-32.584690780708556
850,3.5,-2.5,0.55,2,-30.622696446481843,-30.803970547179254,-30.319313973325933,-32.58187546734344
850,3.5,-2.5,0.55,10,-30.633691835660656,-30.783903279761905,-30.313900192009523,-32.57191843798944
850,3.5,-2.5,0.85,-1,-30.60997722089059,-30.870549066115267,-30.36157159739592,-32.60093896812073
850,3.5,-2.5,0.85,2,-30.595914153475988,-30.86720960926938,-30.381880849720524,-32.60035691997432
850,3.5,-2.5,0.85,10,-30.61500514087021,-30.85539987256655,-30.38792327842913,-32.58628478825269
850,3.5,-2.0,0.1,-1,-30.85073170161172,-30.619205543424954,-30.054980822696407,-32.628959382713006
850,3.5,-2.0,0.1,2,-30.824498682802904,-30.61489237950105,-30.11443715586696,-32.62305815322388
850,3.5,-2.0,0.1,10,-30.81843629236176,-30.618335185522184,-30.142783279386496,-32.58120663083894
850,3.5,-2.0,0.55,-1,-30.941627231398915,-30.740980648150178,-30.153170206645573,-32.626301184056345
850,3.5,-2.0,0.55,2,-30.914563793869085,-30.74555643023266,-30.222507985071424,-32.62661415657306
850,3.5,-2.0,0.55,10,-30.937324837231635,-30.769271354858553,-30.255333951488712,-32.554707487050756
850,3.5,-2.0,0.85,-1,-30.85935998350034,-30.854239668931758,-30.281005928965754,-32.655580247140755
850,3.5,-2.0,0.85,2,-30.834054504705918,-30.860257824979584,-30.3465789205677,-32.65248403396112
850,3.5,-2.0,0.85,10,-30.853715143454814,-30.88757160218612,-30.391359531772686,-32.56570014850452
850,3.5,-1.5,0.1,-1,-30.9863857779266,-30.67400888724551,-29.89681149239386,-32.65580283186435
850,3.5,-1.5,0.1,2,-30.9240873843973,-30.7063613659907,-30.01958088014935,-32.66470695607155
850,3.5,-1.5,0.1,10,-30.933118393001475,-30.73197303035756,-30.036660522912577,-32.568831881118214
850,3.5,-1.5,0.55,-1,-31.05732569184586,-30.7943964372106,-30.091645006861434,-32.64997490689614
850,3.5,-1.5,0.55,2,-31.01470082109708,-30.823233403236358,-30.19459511613708,-32.648436463150375
850,3.5,-1.5,0.55,10,-31.038664673504424,-30.89509656901729,-30.258099429582774,-32.49561898095009
850,3.5,-1.5,0.85,-1,-31.108279104023225,-30.79593402135452,-30.139979097112164,-32.62845466858002
850,3.5,-1.5,0.85,2,-31.05205553917404,-30.83383979200418,-30.24928894943041,-32.62524225296345
850,3.5,-1.5,0.85,10,-31.092945940241176,-30.91252142304494,-30.304868617656282,-32.44260763959149
850,3.5,-1.0,0.1,-1,-31.274127560655316,-30.67773783821147,-29.691318139613273,-32.54527428312262
850,3.5,-1.0,0.1,2,-31.22605787659579,-30.70036679173683,-29.797633217621527,-32.55029889478537
850,3.5,-1.0,0.1,10,-31.09312407490215,-30.732825096900612,-29.81212354058863,-32.400927701235254
850,3.5,-1.0,0.55,-1,-31.338831302391604,-30.713614605005162,-29.913816553433314,-32.502791134649236
850,3.5,-1.0,0.55,2,-31.30334906266257,-30.74564481909745,-29.995316571317886,-32.4931350244921
850,3.5,-1.0,0.55,10,-31.221519016543876,-30.90555387161875,-30.153738334639193,-32.27167364862221
850,3.5,-1.0,0.85,-1,-31.403747657060784,-30.70583681623817,-29.98838389398985,-32.485902028924485
850,3.5,-1.0,0.85,2,-31.375740216055267,-30.744619738528492,-30.061386226021124,-32.462929046544936
850,3.5,-1.0,0.85,10,-31.328112948742984,-30.951886601203267,-30.272339886715528,-32.194923542477454
850,3.5,-0.5,0.1,-1,-31.295068646908874,-30.766319677383493,-29.686257875462413,-32.43829969907293
850,3.5,-0.5,0.1,2,-31.28530508039958,-30.76461556893271,-29.743315557681708,-32.425761697975744
850,3.5,-0.5,0.1,10,-31.173266842368122,-30.752525506707084,-29.656571014121976,-32.24305377953711
850,3.5,-0.5,0.55,-1,-31.372274332642345,-30.83131822824301,-30.005304962930666,-32.40714729873234
850,3.5,-0.5,0.55,2,-31.34897825806689,-30.841139451726498,-30.04457268035942,-32.369591491787105
850,3.5,-0.5,0.55,10,-31.441136736689145,-30.853819449423668,-30.060087297238805,-32.02548052595184
850,3.5,-0.5,0.85,-1,-31.39421382054185,-30.85859923565621,-30.083154118610523,-32.38820433029361
850,3.5,-0.5,0.85,2,-31.39859340762577,-30.888092395285813,-30.122735992202653,-32.329545344396216
850,3.5,-0.5,0.85,10,-31.47697945746762,-30.89674452959538,-30.257481911882476,-31.9083723615709
850,3.5,-0.25,0.1,-1,-31.38249214756697,-30.739971622083786,-29.675750271324954,-32.3679020933358
850,3.5,-0.25,0.1,2,-31.382452361302487,-30.71482027766756,-29.699794969944655,-32.33186783605127
850,3.5,-0.25,0.1,10,-31.019459916310772,-30.77122598977406,-29.64131176800898,-32.1828574734336
850,3.5,-0.25,0.55,-1,-31.768605624998564,-30.77777039626536,-29.938473122302234,-32.29279767899119
850,3.5,-0.25,0.55,2,-31.70199960245544,-30.762819623340654,-29.962080427976176,-32.23248654567276
850,3.5,-0.25,0.55,10,-31.405743980128644,-30.876604999947258,-30.09628223248729,-31.93930334479637
850,3.5,-0.25,0.85,-1,-31.31493362788555,-30.907698305051603,-30.162078326421856,-32.32837236194245
850,3.5,-0.25,0.85,2,-31.318762061971896,-30.936361460056773,-30.216589893956677,-32.21665085519168
850,3.5,-0.25,0.85,10,-31.43575734257354,-30.94835109698757,-30.370863590712844,-31.793668080416392
850,3.5,+0.0,0.1,-1,-31.404578608863957,-30.710400714338792,-29.718983054074485,-32.31419993936208
850,3.5,+0.0,0.1,2,-31.400121103779863,-30.71427119918145,-29.720985233533316,-32.2681546503973
850,3.5,+0.0,0.1,10,-30.961957704995275,-30.748640690314616,-29.608004541223355,-32.107573222215116
850,3.5,+0.0,0.55,-1,-31.612151492078276,-30.737952271285273,-29.998199912436498,-32.220929981312
850,3.5,+0.0,0.55,2,-31.614057961835144,-30.755219962554513,-30.04876704189421,-32.11337357365015
850,3.5,+0.0,0.85,-1,-31.22005145023747,-30.9119315890188,-30.218140205015274,-32.25042798432045
850,3.5,+0.0,0.85,2,-31.228145686539285,-30.940170179730124,-30.30477496551471,-32.0875822040819
850,3.5,+0.0,0.85,10,-31.377701366241553,-30.998845571636615,-30.507241402222203,-31.66483428988886
850,3.5,+0.25,0.1,-1,-31.281191635418164,-30.66907115426182,-29.81159642804757,-32.272315490613096
850,3.5,+0.25,0.1,2,-31.28590511950408,-30.68913571977074,-29.823155268671158,-32.19319655570606
850,3.5,+0.25,0.1,10,-30.814016700847805,-30.690647817396616,-29.603648830644296,-32.02714799329054
850,3.5,+0.25,0.55,-1,-31.69135299790073,-30.63398243174124,-30.042123969153053,-32.13599211947775
850,3.5,+0.25,0.55,2,-31.69737556653368,-30.655714395578954,-30.11421508940684,-31.98467323092998
850,3.5,+0.25,0.55,10,-31.34381664179015,-30.867516626757357,-29.940382399045085,-31.783137362132354
850,3.5,+0.25,0.85,-1,-31.669847293864155,-31.075009579458882,-30.266252980837052,-32.15998209062229
850,3.5,+0.25,0.85,2,-31.68291074726154,-31.105424315022944,-30.377166215658598,-31.950800851021114
850,3.5,+0.25,0.85,10,-31.287258964428332,-31.04276247154614,-30.643634644832485,-31.541144706154153
850,3.5,+0.5,0.1,-1,-31.15433141984259,-30.617255719651325,-29.914707616736116,-32.233286697686744
850,3.5,+0.5,0.1,2,-31.159093741195708,-30.661339187203588,-29.872707993736935,-32.1196959064899
850,3.5,+0.5,0.1,10,-30.748291855091125,-30.607942040433606,-29.610897307580117,-31.955474468259546
850,3.5,+0.5,0.55,-1,-31.609009619256554,-30.603842019317455,-30.147655066178167,-32.066801478705344
850,3.5,+0.5,0.55,2,-31.62151806532051,-30.64102830663312,-30.206151948150165,-31.878326066898474
850,3.5,+0.5,0.55,10,-31.279398796804628,-30.84903223128835,-29.9385946748707,-31.676387786641552
850,3.5,+0.5,0.85,-1,-31.385323907018776,-30.970722756063267,-30.343448715097527,-32.07444624686115
850,3.5,+0.5,0.85,2,-31.420725422180688,-31.005588869041446,-30.463342274502768,-31.83343815350238
850,3.5,+0.5,0.85,10,-31.55540965194784,-31.03913054105533,-30.567990979576525,-31.33080326813988
850,3.5,+0.75,0.1,-1,-31.05922173448347,-30.56262623210585,-30.02827188075181,-32.19072736036718
850,3.5,+0.75,0.1,2,-31.069524442568586,-30.6398507301518,-29.89494704287675,-32.06004853521446
850,3.5,+0.75,0.1,10,-30.637076816347204,-30.53652705861819,-29.640907294149926,-31.893441741237083
850,3.5,+0.75,0.55,-1,-31.526070414279403,-30.57487012082047,-30.275601137123147,-32.00914304282708
850,3.5,+0.75,0.55,2,-31.54494888539449,-30.636885858999023,-30.300107041642868,-31.799952826753007
850,3.5,+0.75,0.55,10,-31.22874994870761,-30.815222218711995,-29.93535887638685,-31.59619537477525
850,3.5,+0.75,0.85,-1,-31.772396970492732,-31.112992641818394,-30.435398612356042,-31.986282006187317
850,3.5,+0.75,0.85,2,-31.266104987255506,-31.033730931607092,-30.600548812461255,-31.729868732922256
850,3.5,+0.75,0.85,10,-31.438411422231898,-31.10845001382495,-30.78400278090079,-31.21292018412955
850,3.5,+1.0,0.1,-1,-30.96753324072214,-30.507586043061018,-30.120014051574138,-32.146210169604544
850,3.5,+1.0,0.1,2,-30.98281997197278,-30.611853228371242,-29.89292816239312,-32.00454696927338
850,3.5,+1.0,0.1,10,-30.481001083325822,-30.44330198582991,-29.675441296871703,-31.844639208345356
850,3.5,+1.0,0.55,-1,-31.40001230653926,-30.529274261257704,-30.400129386248842,-31.96082174204085
850,3.5,+1.0,0.55,2,-31.414401863548637,-30.627825786717228,-30.3631796654837,-31.74189670797481
850,3.5,+1.0,0.55,10,-31.029737252559045,-30.74340561033249,-29.88461941920567,-31.531208964644843
850,3.5,+1.0,0.85,-1,-31.175289201690667,-31.03671294864008,-30.647500105541518,-31.925817986723096
850,3.5,+1.0,0.85,2,-31.20834821756899,-31.084065813607022,-30.739737150965986,-31.633969004620898
850,3.5,+1.0,0.85,10,-31.45508596564322,-31.20447834435496,-30.856367532445685,-31.158818562225118
850,4.0,-2.5,0.1,-1,-30.487518904886322,-30.70265200425347,-30.229389801604544,-32.553054105165195
850,4.0,-2.5,0.1,2,-30.483809924322053,-30.702123526762392,-30.242654593801255,-32.55162996281569
850,4.0,-2.5,0.1,10,-30.49244694468044,-30.691729625273403,-30.239209706025633,-32.55053457259187
850,4.0,-2.5,0.55,-1,-30.54567292780122,-30.842890124913737,-30.322970644589876,-32.56845527013502
850,4.0,-2.5,0.55,2,-30.517400950432588,-30.835086071716088,-30.354060575851722,-32.576153921378406
850,4.0,-2.5,0.55,10,-30.561519019969058,-30.824713286433973,-30.321405145306528,-32.558859854082144
850,4.0,-2.5,0.85,-1,-30.541791534035767,-30.865834156912044,-30.331891277195627,-32.564210000056796
850,4.0,-2.5,0.85,2,-30.535913832034993,-30.866921300773885,-30.3422796669496,-32.56302529063113
850,4.0,-2.5,0.85,10,-30.551485829906074,-30.838745712557177,-30.335220547962216,-32.5556159482724
850,4.0,-2.0,0.1,-1,-30.782477385511516,-30.631615523151673,-30.062441966302384,-32.61512280425493
850,4.0,-2.0,0.1,2,-30.765438828729824,-30.63118293864704,-30.100707831713276,-32.61491966702794
850,4.0,-2.0,0.1,10,-30.77027827285483,-30.633853885296745,-30.118260440743345,-32.59907428852751
850,4.0,-2.0,0.55,-1,-30.851147358789742,-30.801865222390038,-30.185569601758573,-32.63611497987291
850,4.0,-2.0,0.55,2,-30.822298351579356,-30.808808844525363,-30.239248966030598,-32.63505297560979
850,4.0,-2.0,0.55,10,-30.83834036903975,-30.799328547067407,-30.243304210970592,-32.60957011490269
850,4.0,-2.0,0.85,-1,-30.85995227635459,-30.82835754915454,-30.20879229577169,-32.61796894896514
850,4.0,-2.0,0.85,2,-30.838908093315844,-30.82887026315779,-30.249109920053805,-32.619392162639315
850,4.0,-2.0,0.85,10,-30.861091760614627,-30.821263285653338,-30.257531496658537,-32.58283296995928
850,4.0,-1.5,0.1,-1,-31.06440022769099,-30.586964698632627,-29.80702865278492,-32.63301616107321
850,4.0,-1.5,0.1,2,-31.04083348275474,-30.591781929628752,-29.887250297289437,-32.62971751188349
850,4.0,-1.5,0.1,10,-31.04781045232988,-30.63239855935521,-29.91902976549887,-32.546727180390846
850,4.0,-1.5,0.55,-1,-31.18272304251822,-30.711337411057613,-29.96634557233866,-32.627241648847274
850,4.0,-1.5,0.55,2,-31.1425376910965,-30.715731381709467,-30.028310366677402,-32.62246997744762
850,4.0,-1.5,0.55,10,-31.17848328716685,-30.78331770122814,-30.089237072613166,-32.478786462528305
850,4.0,-1.5,0.85,-1,-31.00233348839125,-30.863295753349714,-30.141639023500023,-32.68022858260306
850,4.0,-1.5,0.85,2,-30.953169404009685,-30.879152189083744,-30.226901987813047,-32.67462934252977
850,4.0,-1.5,0.85,10,-30.997413163214212,-30.955563889594153,-30.288494082929326,-32.508886747854184
850,4.0,-1.0,0.1,-1,-31.20026510303116,-30.70705256632033,-29.661226754491476,-32.60555457481514
850,4.0,-1.0,0.1,2,-31.173833513467336,-30.727614123510296,-29.73147649662032,-32.60623701796784
850,4.0,-1.0,0.1,10,-31.15706808573953,-30.76577408219094,-29.77676998509451,-32.46408904747652
850,4.0,-1.0,0.55,-1,-31.28295407030221,-30.77903908445962,-29.872437403702182,-32.581775053019115
850,4.0,-1.0,0.55,2,-31.24000026935237,-30.833547491022223,-29.96678736304292,-32.57499820095856
850,4.0,-1.0,0.55,10,-31.220883561791133,-30.93627665021105,-30.071666127519837,-32.354476117678985
850,4.0,-1.0,0.85,-1,-31.301585998815508,-30.752546841467904,-29.934745303445315,-32.559167290352306
850,4.0,-1.0,0.85,2,-31.269346514210753,-30.80242369048671,-30.01387976316396,-32.55576717390917
850,4.0,-1.0,0.85,10,-31.289033809906506,-30.949134657502583,-30.150726414280953,-32.28998896244553
850,4.0,-0.5,0.1,-1,-31.472446687666547,-30.70179856311109,-29.476303164220276,-32.44243262658715
850,4.0,-0.5,0.1,2,-31.434387692865165,-30.734816466259602,-29.544967579634744,-32.43814065989384
850,4.0,-0.5,0.1,10,-31.21222851779497,-30.79387042210428,-29.546718011328153,-32.29414764931558
850,4.0,-0.5,0.55,-1,-31.55540024178583,-30.70079829842018,-29.751363131207007,-32.42115963015813
850,4.0,-0.5,0.55,2,-31.548881850225065,-30.744764304537885,-29.787267427994802,-32.36438140435211
850,4.0,-0.5,0.55,10,-31.391477501904916,-30.90082835458196,-29.894717807565037,-32.13628199038156
850,4.0,-0.5,0.85,-1,-31.336977223793134,-30.85676668752203,-29.966255637127336,-32.462216550875354
850,4.0,-0.5,0.85,2,-31.334272962589587,-30.902174328963067,-30.022880785773715,-32.36037569421285
850,4.0,-0.5,0.85,10,-31.492798786455847,-30.9084442978758,-30.09679270081582,-32.020638129923555
850,4.0,-0.25,0.1,-1,-31.474548137986403,-30.74099748025295,-29.482407071525273,-32.38461695674414
850,4.0,-0.25,0.1,2,-31.44568431224972,-30.76111469709482,-29.537700159121336,-32.359446514905464
850,4.0,-0.25,0.1,10,-31.17316262809751,-30.827996420483213,-29.500856365626127,-32.22274716713807
850,4.0,-0.25,0.55,-1,-31.582509615662417,-30.74981026845983,-29.816384722013964,-32.36856849809504
850,4.0,-0.25,0.55,2,-31.582493930812113,-30.78052377574692,-29.849089450177154,-32.252256256618395
850,4.0,-0.25,0.55,10,-31.470404749763183,-30.8966461794799,-29.90013198224577,-32.009916914664316
850,4.0,-0.25,0.85,-1,-31.857915490307704,-30.929354491978224,-29.949391017306652,-32.37754726750177
850,4.0,-0.25,0.85,2,-31.8518479753275,-30.973459566512958,-30.052645056910524,-32.218090567791776
850,4.0,-0.25,0.85,10,-31.411897667592758,-30.983338904481677,-30.146806565372927,-31.9439831960832
850,4.0,+0.0,0.1,-1,-31.469519711329813,-30.795796723782818,-29.57931724791053,-32.36033355337275
850,4.0,+0.0,0.1,2,-31.427788883534404,-30.787795258267767,-29.59438694765216,-32.27907275054481
850,4.0,+0.0,0.1,10,-31.139955155027693,-30.818759318409164,-29.447390435556148,-32.139814800112546
850,4.0,+0.0,0.55,-1,-31.548112180738983,-30.76313869204725,-29.864019941704754,-32.30343794732081
850,4.0,+0.0,0.55,2,-31.44543120127985,-30.779714378706462,-29.959412981661124,-32.13302892271098
850,4.0,+0.0,0.55,10,-31.51704422368368,-30.864383268632906,-29.875138454023805,-31.894352801776495
850,4.0,+0.0,0.85,-1,-31.652839933564803,-30.90027353959085,-29.981149472147102,-32.29809591849646
850,4.0,+0.0,0.85,2,-31.668156022721178,-30.94956727923789,-30.119969674852097,-32.072671894973304
850,4.0,+0.0,0.85,10,-31.54137936203828,-30.932661573439965,-30.200815981801654,-31.766939654706952
850,4.0,+0.25,0.1,-1,-31.41526793831734,-30.783181926560527,-29.640658319771397,-32.31867228070832
850,4.0,+0.25,0.1,2,-31.408346956462946,-30.80124215555969,-29.67275513294888,-32.19109488959529
850,4.0,+0.25,0.1,10,-30.993254424307253,-30.79546695150983,-29.440792582566143,-32.0709647698919
850,4.0,+0.25,0.55,-1,-31.609441949199027,-30.67677218083325,-29.844236507375474,-32.19832403119011
850,4.0,+0.25,0.55,2,-31.640296271990525,-30.714746894211636,-29.955571274434387,-31.976683048957405
850,4.0,+0.25,0.55,10,-31.47875616560122,-30.859862431790464,-29.84053708149257,-31.814698667047043
850,4.0,+0.25,0.85,-1,-31.50522056708473,-30.895829924810293,-30.049925906292387,-32.22441320522338
850,4.0,+0.25,0.85,2,-31.507915635234163,-30.91750634066434,-30.099459725978758,-32.105710842832266
850,4.0,+0.25,0.85,10,-31.516653735853698,-30.935045186775074,-30.31887360817908,-31.621334963113075
850,4.0,+0.5,0.1,-1,-31.34337898102849,-30.728688127330905,-29.712863097412175,-32.27356369693512
850,4.0,+0.5,0.1,2,-31.345097325569892,-30.77461198071578,-29.703261898202516,-32.11543082007922
850,4.0,+0.5,0.1,10,-30.87463661214665,-30.73601784998943,-29.439948048867215,-31.99509380554943
850,4.0,+0.5,0.55,-1,-31.70977992333329,-30.711507955232925,-29.96814277370047,-32.139619556997296
850,4.0,+0.5,0.55,2,-31.72496582776526,-30.75546940754039,-30.06492984835255,-31.876692294319323
850,4.0,+0.5,0.55,10,-31.439058295550563,-30.869724182191614,-29.857918583516682,-31.734181297074258
850,4.0,+0.5,0.85,-1,-31.879795981968382,-31.024506416017875,-30.12353084100786,-32.14277574670491
850,4.0,+0.5,0.85,2,-31.885928853981767,-31.046812484905185,-30.223869505865466,-31.969897368109898
850,4.0,+0.5,0.85,10,-31.343407712458568,-31.001913994645847,-30.471237982465375,-31.469558034958215
850,4.0,+0.75,0.1,-1,-31.25585341541366,-30.676902182652594,-29.81205692949487,-32.227994594307894
850,4.0,+0.75,0.1,2,-31.239348990947803,-30.7343342560481,-29.703583797426838,-32.04639455381562
850,4.0,+0.75,0.1,10,-30.762532584462473,-30.66034561226938,-29.459464706007413,-31.928587955009974
850,4.0,+0.75,0.55,-1,-31.61105744992437,-30.654969923882156,-30.078749156374315,-32.07291533137815
850,4.0,+0.75,0.55,2,-31.594774766313503,-30.701304337319048,-30.15662720130556,-31.79551141355821
850,4.0,+0.75,0.55,10,-31.365892555288333,-30.828724264334063,-29.826082908895486,-31.64039037306454
850,4.0,+0.75,0.85,-1,-31.736150802109012,-31.058424673244573,-30.173517963194442,-32.04206582728795
850,4.0,+0.75,0.85,2,-31.789357163038225,-31.110999559240188,-30.36647402619129,-31.688048053812963
850,4.0,+0.75,0.85,10,-31.431650150875985,-31.022756421383768,-30.613363034830584,-31.371030679603727
850,4.0,+1.0,0.1,-1,-31.13794352881643,-30.60811428538713,-29.904726514250104,-32.17862388986478
850,4.0,+1.0,0.1,2,-31.126404924394265,-30.70221638184958,-29.71580805219834,-31.989506498581484
850,4.0,+1.0,0.1,10,-30.66326145344808,-30.578688933236915,-29.49899590236376,-31.870621535619087
850,4.0,+1.0,0.55,-1,-31.51328669251321,-30.663664091709535,-30.212926674745,-32.01589561656034
850,4.0,+1.0,0.55,2,-31.543788768486273,-30.740979818292594,-30.218715720428445,-31.72240213907413
850,4.0,+1.0,0.55,10,-31.129991744382735,-30.827531410504125,-29.74049275280049,-31.587561848982535
850,4.0,+1.0,0.85,-1,-31.768166833675174,-31.133112444759053,-30.29195700369521,-31.96648506324862
850,4.0,+1.0,0.85,2,-31.799536309266706,-31.15151116935985,-30.469514022648774,-31.60310586886073
850,4.0,+1.0,0.85,10,-31.599435800841775,-31.104123332100553,-30.685541738019428,-31.178430453271577
850,4.5,-2.5,0.1,-1,-30.418095122631126,-30.768164783018605,-30.267310466457012,-32.536024003791866
850,4.5,-2.5,0.1,2,-30.412627635330352,-30.763195538962048,-30.279110475875623,-32.534928849915374
850,4.5,-2.5,0.1,10,-30.418272633965113,-30.737664433617912,-30.268555767816558,-32.53725822298394
850,4.5,-2.5,0.55,-1,-30.467649580990873,-30.890992505467807,-30.353909158905413,-32.54569780138692
850,4.5,-2.5,0.55,2,-30.439831769264984,-30.873516757270643,-30.376688015580157,-32.553669592156936
850,4.5,-2.5,0.55,10,-30.459398821047714,-30.857640732854527,-30.35634635725961,-32.5550711120097
850,4.5,-2.5,0.85,-1,-30.459498939376086,-30.902169504952077,-30.35768271885164,-32.54676982503209
850,4.5,-2.5,0.85,2,-30.45501649216896,-30.902898525532567,-30.36346904199557,-32.548340578133825
850,4.5,-2.5,0.85,10,-30.452463215377882,-30.867512943474594,-30.36543305434583,-32.556749377354194
850,4.5,-2.0,0.1,-1,-30.70025945954911,-30.685359190942002,-30.121158199381313,-32.60554447381107
850,4.5,-2.0,0.1,2,-30.691472140618465,-30.689255460069155,-30.14313258241955,-32.605147590229585
850,4.5,-2.0,0.1,10,-30.69421625358999,-30.671513903973743,-30.14636395632956,-32.59753555166552
850,4.5,-2.0,0.55,-1,-30.73004030493092,-30.864770384691028,-30.24996831016751,-32.63613828321529
850,4.5,-2.0,0.55,2,-30.695176991201386,-30.859150531721262,-30.29486920651091,-32.64507483175818
850,4.5,-2.0,0.55,10,-30.752575031799296,-30.851216343744518,-30.253187427771007,-32.61123294470341
850,4.5,-2.0,0.85,-1,-30.744378771522726,-30.87978442867296,-30.263705520946772,-32.61983141464688
850,4.5,-2.0,0.85,2,-30.73485172882348,-30.884046247461647,-30.285309201179068,-32.61973764463718
850,4.5,-2.0,0.85,10,-30.772910398617782,-30.86736644371125,-30.266021374159727,-32.59133138228487
850,4.5,-1.5,0.1,-1,-31.012162821708266,-30.57683933868125,-29.818715978886438,-32.62923192959906
850,4.5,-1.5,0.1,2,-30.990998609150356,-30.58977119429742,-29.875120794624102,-32.63081642203646
850,4.5,-1.5,0.1,10,-30.999361255625434,-30.607606013341226,-29.893062951340042,-32.59139909230421
850,4.5,-1.5,0.55,-1,-31.045524618962578,-30.749122660374532,-30.00836045400313,-32.660171370100244
850,4.5,-1.5,0.55,2,-31.023516704149408,-30.779582377401688,-30.06482406423196,-32.65806959337768
850,4.5,-1.5,0.55,10,-31.069778165408888,-30.805087663627525,-30.084845993434087,-32.54116321921885
850,4.5,-1.5,0.85,-1,-31.08802520029288,-30.76042948397518,-30.01720061312446,-32.63312069300443
850,4.5,-1.5,0.85,2,-31.066358022829125,-30.773933788018372,-30.072878847573755,-32.63186576948307
850,4.5,-1.5,0.85,10,-31.103613795775345,-30.79645181774355,-30.092886815637257,-32.54828442545826
850,4.5,-1.0,0.1,-1,-31.271676795379214,-30.59237862129524,-29.540003380627926,-32.60283332110515
850,4.5,-1.0,0.1,2,-31.23903797603183,-30.629247005239904,-29.62598341691527,-32.60827776635476
850,4.5,-1.0,0.1,10,-31.246261266700085,-30.679030238217806,-29.65141727039885,-32.4728879023302
850,4.5,-1.0,0.55,-1,-31.368379859311016,-30.686337223828364,-29.759259847531364,-32.600986699538545
850,4.5,-1.0,0.55,2,-31.36869195618595,-30.730667451667387,-29.818496140907925,-32.59586159439958
850,4.5,-1.0,0.55,10,-31.403880086485543,-30.852512757722337,-29.911973248659216,-32.37174501327381
850,4.5,-1.0,0.85,-1,-31.217359035394452,-30.795382908513808,-29.91904220733675,-32.635177968935544
850,4.5,-1.0,0.85,2,-31.209535146343626,-30.838251346135017,-29.98929604464429,-32.624557850969225
850,4.5,-1.0,0.85,10,-31.257925659630427,-30.959949811105638,-30.078524575087254,-32.37214363089201
850,4.5,-0.5,0.1,-1,-31.41224990491569,-30.721821944561256,-29.429433657043926,-32.511414942059645
850,4.5,-0.5,0.1,2,-31.38369729963997,-30.760514687889874,-29.472848576892467,-32.5110315637295
850,4.5,-0.5,0.1,10,-31.321216765010664,-30.816717429694684,-29.499170414153397,-32.34445892133613
850,4.5,-0.5,0.55,-1,-31.431820545942763,-30.72519548889901,-29.712128055924445,-32.50169463829162
850,4.5,-0.5,0.55,2,-31.439543332178715,-30.785474676107683,-29.722858062303985,-32.474248203481224
850,4.5,-0.5,0.55,10,-31.433650781027342,-30.924365535606547,-29.843220357744077,-32.19492169970615
850,4.5,-0.5,0.85,-1,-31.579055443347283,-30.74595830306944,-29.772423947836643,-32.48784184362562
850,4.5,-0.5,0.85,2,-31.517995501236133,-30.765942483509985,-29.7420925682231,-32.42860393593535
850,4.5,-0.5,0.85,10,-31.50275676019986,-30.96206881802747,-29.947680844353393,-32.13235392948685
850,4.5,-0.25,0.1,-1,-31.453457705369917,-30.75908398892185,-29.422651727151724,-32.45580902452585
850,4.5,-0.25,0.1,2,-31.452335716467772,-30.794209007733254,-29.435657954696808,-32.404045508462715
850,4.5,-0.25,0.1,10,-31.389996845735272,-30.83187000340701,-29.397044545439975,-32.25584553997527
850,4.5,-0.25,0.55,-1,-31.4830541179264,-30.76742294126366,-29.72014698954971,-32.44425612012251
850,4.5,-0.25,0.55,2,-31.48662699941606,-30.81309848477605,-29.726994380284218,-32.40358186130453
850,4.5,-0.25,0.55,10,-31.55994985153068,-30.862731121195264,-29.79609888913312,-32.07379792800027
850,4.5,-0.25,0.85,-1,-31.55174100295204,-30.790645680801674,-29.82417717501,-32.44129123948141
850,4.5,-0.25,0.85,2,-31.54569464270462,-30.82165226490823,-29.790240706337965,-32.36912940829113
850,4.5,-0.25,0.85,10,-31.45638178281187,-30.99785529393357,-30.043421314905174,-32.04090948202666
850,4.5,+0.0,0.1,-1,-31.54593221753787,-30.74642902514038,-29.412429078857073,-32.38795405141465
850,4.5,+0.0,0.1,2,-31.546548778180075,-30.785215361445644,-29.431120141386433,-32.29082590011313
850,4.5,+0.0,0.1,10,-31.299425473279033,-30.894980995386106,-29.37524689938764,-32.20678140203648
850,4.5,+0.0,0.55,-1,-31.620451720263965,-30.747213383549376,-29.702801361664513,-32.36407648820705
850,4.5,+0.0,0.55,2,-31.62467421347694,-30.780514874541517,-29.705359483004834,-32.29575375464431
850,4.5,+0.0,0.55,10,-31.493746849109332,-30.912632626417743,-29.75599003710078,-32.01764041891745
850,4.5,+0.0,0.85,-1,-31.547760589117694,-30.799244408698264,-29.816105764994205,-32.36417873667338
850,4.5,+0.0,0.85,2,-31.54722391713506,-30.850335467610684,-29.85699671483118,-32.25806559106111
850,4.5,+0.0,0.85,10,-31.566814753555988,-30.90947098444117,-30.04255264895982,-31.8961276420349
850,4.5,+0.25,0.1,-1,-31.551160659784866,-30.795985977777917,-29.469440341629895,-32.349585250114615
850,4.5,+0.25,0.1,2,-31.558643590435427,-30.808196014529386,-29.43201216360177,-32.28942711182434
850,4.5,+0.25,0.1,10,-31.186066053934262,-30.890569712140326,-29.322813697604214,-32.13264242573745
850,4.5,+0.25,0.55,-1,-31.617564871193874,-30.69883863551024,-29.70411291875534,-32.279867348504176
850,4.5,+0.25,0.55,2,-31.778119748481764,-30.7927852030748,-29.75333369180784,-32.15962064374951
850,4.5,+0.25,0.55,10,-31.52848446996389,-30.876974354950427,-29.70628660649744,-31.91368122438043
850,4.5,+0.25,0.85,-1,-31.626685262356684,-30.829681867558413,-29.837430985509524,-32.28517920582056
850,4.5,+0.25,0.85,2,-31.636262474280997,-30.868771109089884,-29.923742105055418,-32.10498316550862
850,4.5,+0.25,0.85,10,-31.50085616676847,-30.975038143697017,-30.126829608260874,-31.784611360014278
850,4.5,+0.5,0.1,-1,-31.415324368517542,-30.767496918513753,-29.536222449308205,-32.30935970963203
850,4.5,+0.5,0.1,2,-31.423654994917122,-30.784752019276556,-29.55931375044989,-32.217821719288864
850,4.5,+0.5,0.1,10,-31.079154474517242,-30.8598125121468,-29.31430577743773,-32.05887500044961
850,4.5,+0.5,0.55,-1,-31.743460917052676,-30.747734353461542,-29.78412753849301,-32.2150096170053
850,4.5,+0.5,0.55,2,-31.75234333522286,-30.779025667355285,-29.874383733302782,-32.02555972180821
850,4.5,+0.5,0.55,10,-31.52394016329537,-30.920956005596526,-29.73228180923305,-31.827018986115792
850,4.5,+0.5,0.85,-1,-31.788431995398625,-30.925671109848455,-29.896705351027787,-32.204012475986794
850,4.5,+0.5,0.85,2,-31.794131295846956,-30.95875902368238,-30.030437798673404,-31.956115455913483
850,4.5,+0.5,0.85,10,-31.493237066208167,-31.00263372937418,-30.224411195338167,-31.654120777288554
850,4.5,+0.75,0.1,-1,-31.323008482430037,-30.737638828242382,-29.619592988361557,-32.26902959291675
850,4.5,+0.75,0.1,2,-31.329125923186886,-30.76784025998844,-29.629467293280946,-32.13233096781656
850,4.5,+0.75,0.1,10,-30.93702129249887,-30.789801260800015,-29.318474338046414,-31.98860712205572
850,4.5,+0.75,0.55,-1,-31.84248173522928,-30.81696297841019,-29.893493835524488,-32.14755108399838
850,4.5,+0.75,0.55,2,-31.84858260117961,-30.835656151164407,-30.008633020103375,-31.913571268046105
850,4.5,+0.75,0.55,10,-31.45912308677485,-30.919416146613223,-29.72336266275425,-31.73962617884859
850,4.5,+0.75,0.85,-1,-31.85325669760296,-31.002524029115087,-29.94757348643069,-32.11176229849373
850,4.5,+0.75,0.85,2,-31.857913461967474,-31.018854557863126,-30.130431026867424,-31.825516861976638
850,4.5,+0.75,0.85,10,-31.63918006607289,-31.042251752228943,-30.342008506336406,-31.464220390652148
850,4.5,+1.0,0.1,-1,-31.241564844603317,-30.689891089752585,-29.703775928445182,-32.22201240216905
850,4.5,+1.0,0.1,2,-31.254297618243466,-30.745437828875396,-29.63398040436212,-32.06013123449002
850,4.5,+1.0,0.1,10,-30.815006737258983,-30.710613444315626,-29.343872151243954,-31.923186617672314
850,4.5,+1.0,0.55,-1,-31.47818348578239,-30.654628635865294,-29.980386250949138,-32.07069286930994
850,4.5,+1.0,0.55,2,-31.491074873372227,-30.681479844321828,-30.088714171195136,-31.814004935381362
850,4.5,+1.0,0.55,10,-31.38329452409812,-30.900839966841428,-29.687189787580827,-31.64523604521763
850,4.5,+1.0,0.85,-1,-31.796144398707966,-31.110042096520843,-30.05000266231434,-32.030376768868145
850,4.5,+1.0,0.85,2,-31.741005671575053,-31.10292657550597,-30.275071843666588,-31.718684038102836
850,4.5,+1.0,0.85,10,-31.630926550915895,-31.02541655016536,-30.45248470895682,-31.338676882486027
850,5.0,-2.5,0.1,-1,-30.33265748874389,-30.81012600580288,-30.31050937390638,-32.50963591029333
850,5.0,-2.5,0.1,2,-30.332317488097825,-30.809929448449743,-30.31130443639934,-32.509519684593236
850,5.0,-2.5,0.1,10,-30.336563867489026,-30.782634357540424,-30.30032556450996,-32.51365179317989
850,5.0,-2.5,0.55,-1,-30.364958052046553,-30.903207545267612,-30.39178887192908,-32.52614175435545
850,5.0,-2.5,0.55,2,-30.37125912621964,-30.904029871055684,-30.387581881172736,-32.523550091830415
850,5.0,-2.5,0.55,10,-30.378906270169207,-30.885155055172326,-30.379156772998336,-32.52997808964946
850,5.0,-2.5,0.85,-1,-30.357499842754535,-30.91679551957229,-30.398279084898316,-32.52638627434186
850,5.0,-2.5,0.85,2,-30.35699518850819,-30.916563822439453,-30.399170446442287,-32.52638755824481
850,5.0,-2.5,0.85,10,-30.381112167080154,-30.898394988494818,-30.36723820681564,-32.52649639964532
850,5.0,-2.0,0.1,-1,-30.583142643767008,-30.770383515486813,-30.20991138837715,-32.59562287530034
850,5.0,-2.0,0.1,2,-30.579804880414585,-30.77097334774212,-30.216362225451135,-32.59576967306743
850,5.0,-2.0,0.1,10,-30.59591422805703,-30.742443786084404,-30.193006786432232,-32.594673293600415
850,5.0,-2.0,0.55,-1,-30.61244587069772,-30.91761358170258,-30.32215165910261,-32.624313619645996
850,5.0,-2.0,0.55,2,-30.60737833952728,-30.916689813690663,-30.32701168822698,-32.62379462545211
850,5.0,-2.0,0.85,-1,-30.63082213515232,-30.946739939810612,-30.325926555260704,-32.607672622044056
850,5.0,-2.0,0.85,2,-30.618776268306874,-30.94355490156064,-30.347327513366757,-32.61309670435538
850,5.0,-2.0,0.85,10,-30.660737257130236,-30.914379447368354,-30.305047091244752,-32.60455388159552
850,5.0,-1.5,0.1,-1,-30.915651776559287,-30.63516743081997,-29.92304926183598,-32.63990149007364
850,5.0,-1.5,0.1,2,-30.904655060226816,-30.647834925072218,-29.952005085682853,-32.63955863984094
850,5.0,-1.5,0.1,10,-30.92108780317282,-30.647941969665105,-29.947767142075563,-32.610003091834464
850,5.0,-1.5,0.55,-1,-30.917453589004612,-30.822822150394128,-30.08255910161452,-32.674099061252484
850,5.0,-1.5,0.55,2,-30.9048469055734,-30.830772455068637,-30.112270138153864,-32.67298923325814
850,5.0,-1.5,0.55,10,-30.94160720405613,-30.830624312478612,-30.10344802981434,-32.61903218343526
850,5.0,-1.5,0.85,-1,-30.98433263421517,-30.85803428735286,-30.118180863814704,-32.652395935996324
850,5.0,-1.5,0.85,2,-30.938607706242255,-30.85554141480353,-30.136721496546848,-32.65043181269329
850,5.0,-1.5,0.85,10,-30.98260205889327,-30.84239499467062,-30.115131695234012,-32.58804975342079
850,5.0,-1.0,0.1,-1,-31.213502766159756,-30.55900229696846,-29.566723892494082,-32.62822578967933
850,5.0,-1.0,0.1,2,-31.195409889063082,-30.582124754960056,-29.591957126792032,-32.62303554394433
850,5.0,-1.0,0.1,10,-31.21018459930014,-30.623066721480853,-29.615226858936445,-32.54712886315079
850,5.0,-1.0,0.55,-1,-31.26552376335798,-30.692814653010785,-29.771951431759895,-32.64303977866271
850,5.0,-1.0,0.55,2,-31.232910465796525,-30.731787515243827,-29.815867177825282,-32.638103804676625
850,5.0,-1.0,0.55,10,-31.306917952184836,-30.805354459056844,-29.84536271749954,-32.44602445041287
850,5.0,-1.0,0.85,-1,-31.29392874180872,-30.681195203440698,-29.80265651988333,-32.62329410063969
850,5.0,-1.0,0.85,2,-31.269407981144994,-30.72106671751097,-29.85438896594118,-32.62254582328676
850,5.0,-1.0,0.85,10,-31.33288814950724,-30.79231964256476,-29.877426726122707,-32.45515918662639
850,5.0,-0.5,0.1,-1,-31.43880121892332,-30.61581215806435,-29.3518512418475,-32.54424409904885
850,5.0,-0.5,0.1,2,-31.427574942464638,-30.681339039165895,-29.372699773236228,-32.538707804771626
850,5.0,-0.5,0.1,10,-31.41631288663803,-30.733863543469333,-29.369246161579223,-32.366799470570896
850,5.0,-0.5,0.55,-1,-31.48800567098813,-30.638911565430025,-29.61807370584581,-32.549570727734206
850,5.0,-0.5,0.55,2,-31.50632173220547,-30.72423406945863,-29.61319414312719,-32.51848565163294
850,5.0,-0.5,0.55,10,-31.51266833548641,-30.826775982529586,-29.701763213434,-32.26436921235224
850,5.0,-0.5,0.85,-1,-31.425093617878055,-30.73972559255044,-29.76662061938987,-32.575867644420896
850,5.0,-0.5,0.85,2,-31.421395026162585,-30.807715264921917,-29.74889859778958,-32.5249114638437
850,5.0,-0.5,0.85,10,-31.47633981917425,-30.932717404895612,-29.88182563328685,-32.23855451552497
850,5.0,-0.25,0.1,-1,-31.48512293000064,-30.702362859965184,-29.347793766891257,-32.50521325410385
850,5.0,-0.25,0.1,2,-31.496583210384884,-30.778194505033582,-29.332254834295426,-32.48813488033343
850,5.0,-0.25,0.1,10,-31.415428042320315,-30.81921005590069,-29.307132221697895,-32.30557742173478
850,5.0,-0.25,0.55,-1,-31.521696498358565,-30.67978848685741,-29.606074585577073,-32.494294286297986
850,5.0,-0.25,0.55,2,-31.52858369251527,-30.752563489975202,-29.595626509859674,-32.44363629977689
850,5.0,-0.25,0.55,10,-31.527891988214563,-30.876549367024715,-29.715710673469715,-32.179308990720045
850,5.0,-0.25,0.85,-1,-31.567131267665545,-30.76559488293285,-29.743904181853008,-32.514725755931615
850,5.0,-0.25,0.85,2,-31.530031731439998,-30.81214882051979,-29.71891838890036,-32.430209232793786
850,5.0,-0.25,0.85,10,-31.58660837291013,-30.904454223597398,-29.84878171085953,-32.129041270548164
850,5.0,+0.0,0.1,-1,-31.48997632903907,-30.753368379084016,-29.346981174052527,-32.4526902066208
850,5.0,+0.0,0.1,2,-31.498987903730313,-30.809658142708145,-29.304921514485883,-32.41321362307664
850,5.0,+0.0,0.1,10,-31.382515815674573,-30.895296871998976,-29.259446466708297,-32.25088852489136
850,5.0,+0.0,0.55,-1,-31.59477211827817,-30.730906417466013,-29.61132091417462,-32.437274830919655
850,5.0,+0.0,0.55,2,-31.50322000396897,-30.77072733212524,-29.58693701424668,-32.33423511082426
850,5.0,+0.0,0.55,10,-31.54925060385104,-30.91298345430608,-29.718598433912128,-32.10154612737617
850,5.0,+0.0,0.85,-1,-31.757680864038676,-30.798061950445653,-29.706636709411164,-32.435791025326544
850,5.0,+0.0,0.85,2,-31.711767834385878,-30.857178609834705,-29.727726206441744,-32.30031472170979
850,5.0,+0.0,0.85,10,-31.59875773231658,-30.962037838576265,-29.881332515036682,-32.03388042934449
850,5.0,+0.25,0.1,-1,-31.492497316425204,-30.789978360923385,-29.372351771134376,-32.406681610853596
850,5.0,+0.25,0.1,2,-31.50450469745209,-30.83605072840929,-29.343220869554308,-32.337819861683805
850,5.0,+0.25,0.1,10,-31.329104170142475,-30.925014087391872,-29.183317463552324,-32.17435445287317
850,5.0,+0.25,0.55,-1,-31.589146196693896,-30.72268822016583,-29.592614680139896,-32.35922040434653
850,5.0,+0.25,0.55,2,-31.595160663314395,-30.794451064653167,-29.635708587718984,-32.19073902134808
850,5.0,+0.25,0.55,10,-31.64847985895119,-30.91878949327519,-29.6813891509534,-31.997081578265206
850,5.0,+0.25,0.85,-1,-31.8363313292363,-30.871149305973887,-29.724543782201067,-32.36868227159069
850,5.0,+0.25,0.85,2,-31.846800108745335,-30.951258716093506,-29.797693927089973,-32.14524370683141
850,5.0,+0.25,0.85,10,-31.576606613342037,-30.902375208895982,-29.917278666015093,-31.913944866933015
850,5.0,+0.5,0.1,-1,-31.464381997031087,-30.780113745803067,-29.395639590817616,-32.35497466840565
850,5.0,+0.5,0.1,2,-31.473872575691964,-30.820206469703315,-29.38866515633684,-32.231918110094625
850,5.0,+0.5,0.1,10,-31.199490859155354,-30.941961972701137,-29.146498708240387,-32.10925851159054
850,5.0,+0.5,0.55,-1,-31.817280022161796,-30.768694661343613,-29.61433620051736,-32.28669058676387
850,5.0,+0.5,0.55,2,-31.852872353695698,-30.913380839105727,-29.72236331981266,-32.04982886615019
850,5.0,+0.5,0.55,10,-31.52916919378444,-30.948453664546683,-29.645220620665995,-31.952943552352295
850,5.0,+0.5,0.85,-1,-31.548541497774703,-30.812834413822927,-29.763989061262247,-32.29594594538702
850,5.0,+0.5,0.85,2,-31.5646281697547,-30.885991392630167,-29.895177076672365,-31.991082250207267
850,5.0,+0.5,0.85,10,-31.726956729225492,-31.036070358003002,-30.037011754145766,-31.783025438894448
850,5.0,+0.75,0.1,-1,-31.411058846727823,-30.7951729746903,-29.467679974830038,-32.32097519073704
850,5.0,+0.75,0.1,2,-31.336039435770388,-30.820070907297016,-29.439082934778327,-32.14628433402443
850,5.0,+0.75,0.1,10,-31.063235002351142,-30.899785892320615,-29.127908356196386,-32.03835325871652
850,5.0,+0.75,0.55,-1,-31.936645098817515,-30.882369714738775,-29.67711307552536,-32.21262321162176
850,5.0,+0.75,0.55,2,-31.941439978099663,-30.881762646728745,-29.783984443747617,-31.914397141251627
850,5.0,+0.75,0.55,10,-31.529282155972986,-30.959736141689035,-29.612838661181137,-31.85412255525218
850,5.0,+0.75,0.85,-1,-31.857066362725476,-31.009450336079723,-29.823591929972157,-32.21524391144146
850,5.0,+0.75,0.85,2,-31.872959821912215,-31.04607815793525,-29.954396224146734,-31.84567452035334
850,5.0,+0.75,0.85,10,-31.734200531822122,-31.11354718770686,-30.166670542984228,-31.707862602163523
850,5.0,+1.0,0.1,-1,-31.314127811719036,-30.767249519910386,-29.528059343598013,-32.272155462163504
850,5.0,+1.0,0.1,2,-31.31626526967346,-30.819114495643035,-29.462197775774428,-32.07345530060763
850,5.0,+1.0,0.1,10,-30.966221525033802,-30.837766658054584,-29.142160604925806,-31.96716801836334
850,5.0,+1.0,0.55,-1,-31.745399669336614,-30.766378062119415,-29.772948397909957,-32.144583422920206
850,5.0,+1.0,0.55,2,-31.757469577095137,-30.79865900019361,-29.89280661591402,-31.824579733200046
850,5.0,+1.0,0.55,10,-31.42121742211127,-30.943136768982058,-29.587611669603913,-31.761324517131634
850,5.0,+1.0,0.85,-1,-31.949303647371742,-31.158695567348083,-29.90031226168677,-32.13206641154934
850,5.0,+1.0,0.85,2,-31.934537958096755,-31.165681696411994,-30.110073567441795,-31.74671203967668
850,5.0,+1.0,0.85,10,-31.635555806222058,-30.972463287798753,-30.193395688565758,-31.497113162492383
850,5.25,-2.5,0.1,-1,-30.27319764762989,-30.792339900860423,-30.2871166142467,-32.48532353431723
850,5.25,-2.5,0.1,2,-30.253542996494875,-30.77686938722512,-30.298117762577018,-32.48742429431971
850,5.25,-2.5,0.1,10,-30.27965929330834,-30.770856065441293,-30.278424479275582,-32.48973380226526
850,5.25,-2.5,0.55,-1,-30.30741334903338,-30.870845556528167,-30.346776870837978,-32.504924963960235
850,5.25,-2.5,0.55,2,-30.307258766902386,-30.870812777461975,-30.34706258065492,-32.50489873777631
850,5.25,-2.5,0.55,10,-30.322815326148152,-30.856357229082484,-30.33173390229014,-32.506921970847
850,5.25,-2.5,0.85,-1,-30.29433736956924,-30.90326727816434,-30.404334989722148,-32.51406253984721
850,5.25,-2.5,0.85,2,-30.29725295830421,-30.902753297536762,-30.399260936945364,-32.5119819116057
850,5.25,-2.5,0.85,10,-30.324231858984852,-30.899716120936755,-30.381191798873953,-32.51737932338498
850,5.25,-2.0,0.1,-1,-30.529623483676097,-30.717749021757474,-30.18330105376431,-32.54542786106535
850,5.25,-2.0,0.1,2,-30.53322614834972,-30.726135197198836,-30.182662737485963,-32.54614466869103
850,5.25,-2.0,0.1,10,-30.550508246494342,-30.69948416881288,-30.16722840772733,-32.54800805136497
850,5.25,-2.0,0.55,-1,-30.586530433618965,-30.884271751007123,-30.292224759979938,-32.57653949053332
850,5.25,-2.0,0.55,2,-30.586707244174892,-30.88509883555361,-30.294339467659462,-32.57618938661655
850,5.25,-2.0,0.55,10,-30.62115581714187,-30.856518715838238,-30.259031908886694,-32.57455055763327
850,5.25,-2.0,0.85,-1,-30.583282384944788,-30.913902470774552,-30.323217344807254,-32.570667853928775
850,5.25,-2.0,0.85,2,-30.58163994573032,-30.91615011433288,-30.324533004756056,-32.569606547685815
850,5.25,-2.0,0.85,10,-30.606161917341087,-30.887664702309397,-30.304523114750506,-32.572371109465806
850,5.25,-1.5,0.1,-1,-30.875020630113035,-30.584302507206232,-29.909146641026446,-32.60105479062052
850,5.25,-1.5,0.1,2,-30.89004638121171,-30.591784777348852,-29.932689828995194,-32.60037877940231
850,5.25,-1.5,0.1,10,-30.881529789834808,-30.58112418421998,-29.917720635021382,-32.58281972743528
850,5.25,-1.5,0.55,-1,-30.912015116880358,-30.772451331951636,-30.053034930932597,-32.624191746695026
850,5.25,-1.5,0.55,2,-30.90785571137415,-30.781649734837178,-30.070758666454765,-32.62145741951694
850,5.25,-1.5,0.55,10,-30.947102373479744,-30.756087543632344,-30.038976480555956,-32.58661284612006
850,5.25,-1.5,0.85,-1,-30.892125596992784,-30.83535708452953,-30.12195347559536,-32.63107782693478
850,5.25,-1.5,0.85,2,-30.888811933550983,-30.843477835476122,-30.14298425571717,-32.629077942208994
850,5.25,-1.5,0.85,10,-30.93000828599999,-30.82331894299806,-30.114415902229766,-32.59478009557179
850,5.25,-1.0,0.1,-1,-31.193895019898473,-30.503380335787842,-29.538884082276446,-32.6113498299287
850,5.25,-1.0,0.1,2,-31.169794406343144,-30.532323801235783,-29.59323247685537,-32.61508353623426
850,5.25,-1.0,0.1,10,-31.190651106733334,-30.560342781477964,-29.60193320864841,-32.552823401527704
850,5.25,-1.0,0.55,-1,-31.264205987121024,-30.635705861048752,-29.717737566748394,-32.62827870689073
850,5.25,-1.0,0.55,2,-31.247730301726303,-30.66633941717971,-29.764299108053738,-32.6293896528208
850,5.25,-1.0,0.55,10,-31.296254200228656,-30.706410028282342,-29.769008442231296,-32.51028266827217
850,5.25,-1.0,0.85,-1,-31.197644634551768,-30.754378931799934,-29.859782502039465,-32.651319437798286
850,5.25,-1.0,0.85,2,-31.183126461071634,-30.77473354309628,-29.91035619060031,-32.649372623864814
850,5.25,-1.0,0.85,10,-31.223549342130482,-30.843524978181037,-29.933375304314985,-32.51121627450336
850,5.25,-0.5,0.1,-1,-31.386595187998708,-30.614520510618064,-29.343759751540325,-32.571462439154104
850,5.25,-0.5,0.1,2,-31.367956740513222,-30.685228107193975,-29.384699347012226,-32.57316438505916
850,5.25,-0.5,0.1,10,-31.37026613806103,-30.73105657588025,-29.379384063061238,-32.4034218669571
850,5.25,-0.5,0.55,-1,-31.465683244531654,-30.686093999943566,-29.599792317898533,-32.58318192015822
850,5.25,-0.5,0.55,2,-31.44605159186976,-30.750431324839695,-29.595288223548426,-32.55122124412133
850,5.25,-0.5,0.55,10,-31.503632517101472,-30.878431030493783,-29.692350374037822,-32.3097744178122
850,5.25,-0.5,0.85,-1,-31.4257357850116,-30.67808482483923,-29.719271063222624,-32.59375535222943
850,5.25,-0.5,0.85,2,-31.42479825753348,-30.744197401312373,-29.7290784625551,-32.55969493968166
850,5.25,-0.5,0.85,10,-31.470231881678114,-30.86734574127322,-29.816779467263533,-32.318718460305455
850,5.25,-0.25,0.1,-1,-31.47119917393962,-30.659359596731086,-29.302022443200578,-32.52489445786928
850,5.25,-0.25,0.1,2,-31.477146234806433,-30.729104041056775,-29.274012290546068,-32.50159911325916
850,5.25,-0.25,0.1,10,-31.445982335666347,-30.774181037163277,-29.2662182949134,-32.32559650559931
850,5.25,-0.25,0.55,-1,-31.52811863943914,-30.657100136595385,-29.562075874781225,-32.52574021235481
850,5.25,-0.25,0.55,2,-31.535079208427245,-30.735282366708326,-29.553750508187726,-32.47437323697852
850,5.25,-0.25,0.55,10,-31.54661271833404,-30.8376964667892,-29.649879332679816,-32.22605826326244
850,5.25,-0.25,0.85,-1,-31.50220080127117,-30.72333735662035,-29.695315115808015,-32.54447395815843
850,5.25,-0.25,0.85,2,-31.502972618842804,-30.809058575390623,-29.70111852605783,-32.469560742591995
850,5.25,-0.25,0.85,10,-31.6427429074742,-30.910771882522216,-29.820674429918526,-32.1931483749958
850,5.25,+0.0,0.1,-1,-31.44240721244252,-30.747333629798284,-29.321246478871238,-32.48616419792603
850,5.25,+0.0,0.1,2,-31.504805220055875,-30.793825498196334,-29.262861703420153,-32.43952539608052
850,5.25,+0.0,0.1,10,-31.426893259585995,-30.85386473592039,-29.216844403757534,-32.26476469030598
850,5.25,+0.0,0.55,-1,-31.494137665410236,-30.716215093559637,-29.585076259817882,-32.47743518032823
850,5.25,+0.0,0.55,2,-31.578997789213524,-30.775699454496355,-29.55839424022284,-32.371146333457716
850,5.25,+0.0,0.55,10,-31.552681288221013,-30.869875869456614,-29.659425323088925,-32.14493112580797
850,5.25,+0.0,0.85,-1,-31.654296378738195,-30.729393936540742,-29.664843023092843,-32.472196146468725
850,5.25,+0.0,0.85,2,-31.679671764794477,-30.82784036331262,-29.686791860616136,-32.3378356148423
850,5.25,+0.0,0.85,10,-31.66357142782138,-30.937029285136685,-29.8275103500632,-32.092803931222676
850,5.25,+0.25,0.1,-1,-31.485931996646276,-30.769057800101756,-29.306969570671736,-32.42527605704093
850,5.25,+0.25,0.1,2,-31.49748316550211,-30.826100751621134,-29.269496654882616,-32.354307836613245
850,5.25,+0.25,0.1,10,-31.37443390478646,-30.904311810760106,-29.14819178555538,-32.19956856864075
850,5.25,+0.25,0.55,-1,-31.621034172014866,-30.7157989101998,-29.548398476980182,-32.39564915223829
850,5.25,+0.25,0.55,2,-31.622947316393414,-30.798267522337586,-29.580966153528784,-32.224454271664186
850,5.25,+0.25,0.55,10,-31.576770349767266,-30.87231155037166,-29.65344638367245,-32.050042068632834
850,5.25,+0.25,0.85,-1,-31.827230691933384,-30.820554689797596,-29.655291921235015,-32.39957298323924
850,5.25,+0.25,0.85,2,-31.841006738641973,-30.919371231486533,-29.715386482454548,-32.17370044432328
850,5.25,+0.25,0.85,10,-31.621893134029115,-30.951640753138467,-29.861531834822827,-31.991489272761385
850,5.25,+0.5,0.1,-1,-31.440723412629964,-30.787696652835766,-29.337768499322777,-32.381307461390406
850,5.25,+0.5,0.1,2,-31.44994757402145,-30.852912405158182,-29.319345115200054,-32.255694883750536
850,5.25,+0.5,0.1,10,-31.284556654012835,-30.971022714172793,-29.115162359793008,-32.14782414174533
850,5.25,+0.5,0.55,-1,-31.667246483055806,-30.71741944713586,-29.549731951105578,-32.32316616250038
850,5.25,+0.5,0.55,2,-31.778617534442507,-30.85693446124697,-29.645025118733145,-32.07547455620354
850,5.25,+0.5,0.55,10,-31.57130827695311,-30.88461567638122,-29.634365306446533,-31.969193048249412
850,5.25,+0.5,0.85,-1,-31.887374132510097,-30.90166816708029,-29.68344733902598,-32.33126413865879
850,5.25,+0.5,0.85,2,-31.872090023862448,-30.944975652329063,-29.709253533046088,-32.1865684064526
850,5.25,+0.5,0.85,10,-31.571167857083694,-30.90821572799812,-29.91473320040884,-31.86165787126257
850,5.25,+0.75,0.1,-1,-31.44223519378052,-30.806009252450583,-29.38749241770931,-32.34037024071975
850,5.25,+0.75,0.1,2,-31.469067035598833,-30.86805752537535,-29.35910620656366,-32.162727290380175
850,5.25,+0.75,0.1,10,-31.142114857840507,-30.954973655454275,-29.045072723142745,-32.06644838268345
850,5.25,+0.75,0.55,-1,-31.750185731596595,-30.756151691555903,-29.593086494527906,-32.25079494222023
850,5.25,+0.75,0.55,2,-31.764438525406838,-30.828690301338774,-29.689268202523998,-31.93379945749865
850,5.25,+0.75,0.55,10,-31.591922235375907,-30.934712088495623,-29.653237798229885,-31.886366056681126
850,5.25,+0.75,0.85,-1,-32.05648967081484,-31.06189370412701,-29.720002950213164,-32.2510656426596
850,5.25,+0.75,0.85,2,-31.87724270643149,-30.953599680169475,-29.791693784188883,-32.01649853532453
850,5.25,+0.75,0.85,10,-31.644188611452865,-30.948160304066533,-29.99454206499335,-31.719294253305574
850,5.25,+1.0,0.1,-1,-31.34061394740078,-30.792858390459237,-29.445836853554994,-32.29988707213579
850,5.25,+1.0,0.1,2,-31.344755092779426,-30.850731684217912,-29.364454335660398,-32.087277531392424
850,5.25,+1.0,0.1,10,-31.02764903846435,-30.8985181342574,-29.04013084684013,-31.9970490128635
850,5.25,+1.0,0.55,-1,-31.64572044595785,-30.731785507701133,-29.68503847901755,-32.18481119502043
850,5.25,+1.0,0.55,2,-31.67344967874882,-30.78975454011848,-29.800375137663842,-31.8489027337797
850,5.25,+1.0,0.55,10,-31.429777126851302,-30.934532988833382,-29.517133073890484,-31.818478127879768
850,5.25,+1.0,0.85,-1,-31.926575472427178,-31.0216451840606,-29.782921038483114,-32.16701459854451
850,5.25,+1.0,0.85,2,-31.931474982544895,-31.06550223648004,-29.9748230663458,-31.75570597534847
850,5.25,+1.0,0.85,10,-31.289868041537222,-30.897661663285675,-30.058504566268688,-31.55758015829923
900,3.5,-2.5,0.1,-1,-30.954508953940014,-31.04802381294872,-30.5582622636004,-32.72987178292975
900,3.5,-2.5,0.1,2,-30.94305151736063,-31.052527770146085,-30.585890273010037,-32.7327519849047
900,3.5,-2.5,0.1,10,-30.949523774612167,-31.037424110650104,-30.586406347063253,-32.718637321590116
900,3.5,-2.5,0.55,-1,-31.006749669311464,-31.174043086208766,-30.634380749831166,-32.75004374229711
900,3.5,-2.5,0.55,2,-30.99624759328457,-31.171887824626392,-30.657202663797634,-32.74901114759118
900,3.5,-2.5,0.55,10,-31.003169037490217,-31.167499983317846,-30.66899730863188,-32.72961831145547
900,3.5,-2.5,0.85,-1,-31.01294457809646,-31.20672414284079,-30.65702406428062,-32.739625712694036
900,3.5,-2.5,0.85,2,-31.001991745760392,-31.20867754349255,-30.68477540327855,-32.74055470307652
900,3.5,-2.5,0.85,10,-31.01422298919705,-31.194093874123592,-30.690455036249933,-32.71673659529459
900,3.5,-2.0,0.1,-1,-31.16293084687686,-31.006308945163585,-30.416746475322377,-32.79401996703551
900,3.5,-2.0,0.1,2,-31.127471881490223,-31.015713376478043,-30.491356110037874,-32.79504423914987
900,3.5,-2.0,0.1,10,-31.13434334743213,-31.01502526336376,-30.498216913572303,-32.733626114529166
900,3.5,-2.0,0.55,-1,-31.214018700388767,-31.16041304773127,-30.553906466698674,-32.80640606518547
900,3.5,-2.0,0.55,2,-31.17861725156832,-31.165047960887744,-30.6255505397329,-32.80821052706516
900,3.5,-2.0,0.55,10,-31.201035078651735,-31.18280236059563,-30.64536168044144,-32.71185559710943
900,3.5,-2.0,0.85,-1,-31.226616649802516,-31.18592803000965,-30.584540897504823,-32.79511137151131
900,3.5,-2.0,0.85,2,-31.199896027852667,-31.193189626113565,-30.648441397528885,-32.79311819789146
900,3.5,-2.0,0.85,10,-31.22427487880211,-31.196545845598322,-30.64913601532708,-32.73154159020214
900,3.5,-1.5,0.1,-1,-31.35627751180899,-30.99559181531225,-30.225806804801113,-32.793987753632784
900,3.5,-1.5,0.1,2,-31.32978698738885,-31.00830816839124,-30.279711948681836,-32.79585852790582
900,3.5,-1.5,0.1,10,-31.30528729195894,-31.029093244757302,-30.31564457396295,-32.68663131613417
900,3.5,-1.5,0.55,-1,-31.413352704758523,-31.109065290827473,-30.40789195488096,-32.78060752775567
900,3.5,-1.5,0.55,2,-31.400568833918253,-31.123116659002818,-30.456898651538765,-32.77577543555472
900,3.5,-1.5,0.55,10,-31.387584166105555,-31.20032503567696,-30.54530729446874,-32.6127668646266
900,3.5,-1.5,0.85,-1,-31.467408929766947,-31.11814388106264,-30.460080684110142,-32.75967927124611
900,3.5,-1.5,0.85,2,-31.432183564388954,-31.121199604702138,-30.498107894639986,-32.752856181283484
900,3.5,-1.5,0.85,10,-31.442026101914394,-31.22900056200194,-30.59406392551849,-32.557717402400996
900,3.5,-1.0,0.1,-1,-31.594393218571142,-30.986096455017606,-30.022175634690594,-32.68855986479805
900,3.5,-1.0,0.1,2,-31.562448298025515,-30.998365513994845,-30.0827370001678,-32.68974725492053
900,3.5,-1.0,0.1,10,-31.482815700842643,-31.045885059730267,-30.13317864741014,-32.56468865670544
900,3.5,-1.0,0.55,-1,-31.429505692848473,-31.18187504621757,-30.4062307242957,-32.71676527170695
900,3.5,-1.0,0.55,2,-31.396887639259774,-31.200642547473727,-30.45762564625969,-32.70011491527017
900,3.5,-1.0,0.55,10,-31.52453248168435,-31.19958968600209,-30.428380914240968,-32.43205133791357
900,3.5,-1.0,0.85,-1,-31.473121432901095,-31.186868594413344,-30.456393398264538,-32.685035478136825
900,3.5,-1.0,0.85,2,-31.453047528374796,-31.206008424384702,-30.50685337514935,-32.661934049854786
900,3.5,-1.0,0.85,10,-31.358866206621364,-31.349964342550706,-30.722967001755883,-32.447379665637726
900,3.5,-0.5,0.1,-1,-31.563990637715836,-31.075127069994437,-30.032812815891788,-32.59650457823574
900,3.5,-0.5,0.1,2,-31.556905639496268,-31.087668057735446,-30.070149624068815,-32.58129391920328
900,3.5,-0.5,0.1,10,-31.33269911593821,-31.05740291186601,-29.994653093469942,-32.429681962512
900,3.5,-0.5,0.55,-1,-31.644277657917637,-31.106614276883505,-30.330507993065204,-32.54034608780276
900,3.5,-0.5,0.55,2,-31.64825868282992,-31.130860834314905,-30.35298461888994,-32.47422907879793
900,3.5,-0.5,0.55,10,-31.709407202432295,-31.148894969300134,-30.333627613857832,-32.2068950100645
900,3.5,-0.5,0.85,-1,-31.710720788382254,-31.182866546863934,-30.443927336087775,-32.5269312472721
900,3.5,-0.5,0.85,2,-31.705215997004956,-31.21025126878073,-30.487023939996966,-32.42908984644638
900,3.5,-0.5,0.85,10,-31.461324775763092,-31.370062772499388,-30.71058425881123,-32.214105407445885
900,3.5,-0.25,0.1,-1,-31.512994709749037,-31.090143045377303,-30.107741450487428,-32.56328117027913
900,3.5,-0.25,0.1,2,-31.496691238151637,-31.08357754756281,-30.086976876710153,-32.51309939018683
900,3.5,-0.25,0.1,10,-31.319965983150595,-31.027905615188118,-29.93245074286985,-32.345630337467156
900,3.5,-0.25,0.55,-1,-31.572946711960075,-31.133566009796393,-30.440012790788632,-32.49057554128773
900,3.5,-0.25,0.55,2,-31.583005974080724,-31.16097545503301,-30.479023014210224,-32.3803296002996
900,3.5,-0.25,0.55,10,-31.644652440431543,-31.188756449038976,-30.353418719441528,-32.145650305740425
900,3.5,-0.25,0.85,-1,-31.615378854870578,-31.248770124120036,-30.546246679447265,-32.47611797258902
900,3.5,-0.25,0.85,2,-31.664148658789806,-31.297384490978324,-30.6111058968775,-32.3255737889597
900,3.5,-0.25,0.85,10,-31.71858218797546,-31.26282993653044,-30.653939848886317,-31.962544144353714
900,3.5,+0.0,0.1,-1,-31.613255853796996,-30.9693575959052,-30.07528618428516,-32.47351273841308
900,3.5,+0.0,0.1,2,-31.61630392165784,-30.989126228721275,-30.0722934817566,-32.40125749618006
900,3.5,+0.0,0.1,10,-31.18143769752443,-31.002811615187476,-29.92050249441993,-32.28017025906841
900,3.5,+0.0,0.55,-1,-31.734590181746615,-30.996759974367368,-30.399010576828147,-32.376611240967215
900,3.5,+0.0,0.55,2,-31.74542052119222,-31.02826182093466,-30.443963616966148,-32.23335322647256
900,3.5,+0.0,0.55,10,-31.521721151582945,-31.20661672094485,-30.38923383581738,-32.0773626869501
900,3.5,+0.0,0.85,-1,-31.509281392421016,-31.277210877624313,-30.639080714275565,-32.41173766042667
900,3.5,+0.0,0.85,2,-31.52700601112949,-31.315620668919916,-30.731182705661727,-32.21936826769848
900,3.5,+0.0,0.85,10,-31.69038396354371,-31.347683650535135,-30.78284534185238,-31.837453803466747
900,3.5,+0.25,0.1,-1,-31.49908055523486,-30.92527593266936,-30.17219246459346,-32.436667300043965
900,3.5,+0.25,0.1,2,-31.51113564987007,-30.975183732262973,-30.12567905745862,-32.33551022558207
900,3.5,+0.25,0.1,10,-31.07277733317096,-30.94489041584129,-29.920743077179083,-32.20870874034285
900,3.5,+0.25,0.55,-1,-31.93080121782765,-31.09600113174586,-30.510536454327433,-32.31777893112432
900,3.5,+0.25,0.55,2,-31.946481393525943,-31.142554107996663,-30.538582260303517,-32.14019740516157
900,3.5,+0.25,0.55,10,-31.68852066859745,-31.09686999107396,-30.230665159494503,-31.936374527829066
900,3.5,+0.25,0.85,-1,-31.993242271304105,-31.432335201242232,-30.703616649008914,-32.32533339045315
900,3.5,+0.25,0.85,2,-32.015996554793276,-31.472858870489677,-30.7953098273626,-32.104925865723416
900,3.5,+0.25,0.85,10,-31.58243390280805,-31.376894364997675,-30.952074037061536,-31.70545138617647
900,3.5,+0.5,0.1,-1,-31.368415934639895,-30.89004247670871,-30.299319369601207,-32.40161454806466
900,3.5,+0.5,0.1,2,-31.374508489857227,-30.95932112549179,-30.153263725102878,-32.275118838132826
900,3.5,+0.5,0.1,10,-31.030746953303634,-30.876456111001772,-29.93831223667968,-32.14235501103124
900,3.5,+0.5,0.55,-1,-31.860650863920736,-30.910733268560886,-30.57593596143448,-32.23657116548205
900,3.5,+0.5,0.55,2,-31.735648614259823,-31.061055726744982,-30.597725486018387,-32.05476982704746
900,3.5,+0.5,0.55,10,-31.448266164305295,-31.13774687928537,-30.20440015235755,-31.86688718507023
900,3.5,+0.5,0.85,-1,-31.626197005968297,-31.27180932899256,-30.743032354177938,-32.219172970029696
900,3.5,+0.5,0.85,2,-31.705506816802384,-31.341006266384465,-30.834214543200904,-31.97048096206405
900,3.5,+0.5,0.85,10,-31.462699288107782,-31.396052335643972,-31.127607009323075,-31.603998624382786
900,3.5,+0.75,0.1,-1,-31.273845965449336,-30.846712146163526,-30.412177914752117,-32.35967098011669
900,3.5,+0.75,0.1,2,-31.282781944627814,-30.939180609901733,-30.163446135967014,-32.21786248786215
900,3.5,+0.75,0.1,10,-30.93507119029718,-30.78821478790006,-29.975824786042644,-32.085888351223105
900,3.5,+0.75,0.55,-1,-31.704956346272006,-30.8630511909079,-30.67589872839718,-32.17386132064142
900,3.5,+0.75,0.55,2,-31.72797399669207,-30.945555598108236,-30.61331812795264,-31.962905600272972
900,3.5,+0.75,0.55,10,-31.268785896391545,-31.067299407032426,-30.189201308329025,-31.78273662011728
900,3.5,+0.75,0.85,-1,-31.645238893074975,-31.384830682645358,-30.900814064191323,-32.1514403250691
900,3.5,+0.75,0.85,2,-31.43398651177602,-31.33907728277567,-30.967155787190386,-31.88052366925628
900,3.5,+0.75,0.85,10,-31.828852153540822,-31.486996748184154,-30.97963961397463,-31.421431947966244
900,3.5,+1.0,0.1,-1,-31.190739006475432,-30.796407461260074,-30.48151033646933,-32.30621231673082
900,3.5,+1.0,0.1,2,-31.17664174679294,-30.88862043038656,-30.16828695221287,-32.16137247689376
900,3.5,+1.0,0.1,10,-30.803354956722234,-30.71452480542979,-30.02869889785004,-32.03950704569642
900,3.5,+1.0,0.55,-1,-31.69450819746007,-30.89828087167534,-30.76494710072822,-32.123477883472965
900,3.5,+1.0,0.55,2,-31.713605161436043,-31.00435453357055,-30.66536978956354,-31.91814261011381
900,3.5,+1.0,0.55,10,-31.25804028214222,-31.019565282784374,-30.190546137008166,-31.710791354915564
900,3.5,+1.0,0.85,-1,-32.01421957132653,-31.57588559124248,-31.040005996946928,-32.07845446463967
900,3.5,+1.0,0.85,2,-32.053529995266686,-31.628552586660568,-31.08819340878851,-31.801528982301235
900,3.5,+1.0,0.85,10,-31.31228924235605,-31.395784786719947,-31.292230710506047,-31.414323492171924
900,4.0,-2.5,0.1,-1,-30.866221013692293,-31.092192089435425,-30.601726806758776,-32.72250797740125
900,4.0,-2.5,0.1,2,-30.863595361001515,-31.09230457196048,-30.609330806273416,-32.72181323257211
900,4.0,-2.5,0.1,10,-30.87939458031931,-31.081243556549744,-30.59784232797483,-32.71729703626546
900,4.0,-2.5,0.55,-1,-30.92807234703065,-31.187355873747737,-30.6422727765362,-32.72608021011176
900,4.0,-2.5,0.55,2,-30.970077977622683,-31.177195366131972,-30.61755088025763,-32.71051315094212
900,4.0,-2.5,0.55,10,-30.942403208837916,-31.18000299487759,-30.64495919389003,-32.711847980618515
900,4.0,-2.5,0.85,-1,-30.92400548567525,-31.243256365756196,-30.69447469606945,-32.73195804772067
900,4.0,-2.5,0.85,2,-30.920306295752,-31.242984586745234,-30.697901097810348,-32.729128225046374
900,4.0,-2.5,0.85,10,-30.93655331096322,-31.223268456956994,-30.68896263269974,-32.72404840698478
900,4.0,-2.0,0.1,-1,-31.073194714339923,-31.06439216656733,-30.468194196942733,-32.79943504706358
900,4.0,-2.0,0.1,2,-31.05811424950646,-31.068744180328565,-30.508932233623387,-32.796812957911065
900,4.0,-2.0,0.1,10,-31.06182680243353,-31.06082445086318,-30.516227138435845,-32.77006745094303
900,4.0,-2.0,0.55,-1,-31.1214582842622,-31.21714584256845,-30.594592133449645,-32.81864321236172
900,4.0,-2.0,0.55,10,-31.133354830667386,-31.2181260601964,-30.63440699042896,-32.76548545823489
900,4.0,-2.0,0.85,-1,-31.148401107708406,-31.245338589529787,-30.61059802613245,-32.80354746062224
900,4.0,-2.0,0.85,2,-31.129177896391415,-31.24782338384424,-30.652074417503215,-32.801964000117465
900,4.0,-2.0,0.85,10,-31.159791165306462,-31.2430307153925,-30.650224952056583,-32.74418453541634
900,4.0,-1.5,0.1,-1,-31.286121153274934,-31.023624696431796,-30.222699519922212,-32.82213517683607
900,4.0,-1.5,0.1,2,-31.24348677870699,-31.046042494168518,-30.303790446944983,-32.82665019612314
900,4.0,-1.5,0.1,10,-31.250301911754555,-31.057409727640845,-30.305456509567733,-32.75364762179195
900,4.0,-1.5,0.55,-1,-31.344375568464294,-31.187412248620788,-30.424290771404717,-32.83802642582881
900,4.0,-1.5,0.55,2,-31.2896361999908,-31.187399244378973,-30.47763999863633,-32.83422829541096
900,4.0,-1.5,0.55,10,-31.32176245808096,-31.26256131931177,-30.558148879111208,-32.670148745023326
900,4.0,-1.5,0.85,-1,-31.372606476961987,-31.170870197044596,-30.434056834306844,-32.80716197957793
900,4.0,-1.5,0.85,2,-31.329279198629987,-31.1956860923012,-30.516407423071072,-32.80751492212521
900,4.0,-1.5,0.85,10,-31.376373055739485,-31.24060494677221,-30.53609890090149,-32.67115927637225
900,4.0,-1.0,0.1,-1,-31.54536193927469,-31.01558641810021,-29.988326322344978,-32.74498353159929
900,4.0,-1.0,0.1,2,-31.515093109273863,-31.04148389800017,-30.04414976337253,-32.747629835737605
900,4.0,-1.0,0.1,10,-31.453612570944735,-31.061486102870273,-30.06345052982987,-32.59895084435106
900,4.0,-1.0,0.55,-1,-31.62911412654988,-31.093359271167035,-30.19972439372232,-32.71595194161969
900,4.0,-1.0,0.55,2,-31.572047792541294,-31.108183345870227,-30.241731261016177,-32.71072683499198
900,4.0,-1.0,0.55,10,-31.580100645847974,-31.240904553934143,-30.351773318859834,-32.490380203147005
900,4.0,-1.0,0.85,-1,-31.650611009645985,-31.060622644240482,-30.233350861258074,-32.688339877329355
900,4.0,-1.0,0.85,2,-31.62073638755998,-31.099223533339632,-30.288751552948558,-32.68200801575809
900,4.0,-1.0,0.85,10,-31.60752207516898,-31.249454445579403,-30.4379094821362,-32.425541715223304
900,4.0,-0.5,0.1,-1,-31.590424720338916,-31.11656191930259,-29.929145235009837,-32.64625112612149
900,4.0,-0.5,0.1,2,-31.589469985484588,-31.122929707765813,-29.951716180424512,-32.61506797267168
900,4.0,-0.5,0.1,10,-31.569567372490503,-31.092774695423053,-29.879799098909928,-32.45751249799986
900,4.0,-0.5,0.55,-1,-31.614348941401786,-31.180254865267617,-30.25943319373461,-32.626798186266164
900,4.0,-0.5,0.55,2,-31.599960384515946,-31.18184824391056,-30.260337753613527,-32.50535023275827
900,4.0,-0.5,0.55,10,-31.7343011060182,-31.182798709271356,-30.249820664883295,-32.2709885278607
900,4.0,-0.5,0.85,-1,-31.70159375556289,-31.177888016387048,-30.303719359489424,-32.59836017299674
900,4.0,-0.5,0.85,2,-31.67516353388376,-31.19988524010601,-30.312495295537442,-32.56434968970546
900,4.0,-0.5,0.85,10,-31.795685479228133,-31.224330491725468,-30.423715863798066,-32.18621013630563
900,4.0,-0.25,0.1,-1,-31.717877773700383,-31.086039600278696,-29.897562668263067,-32.571345190694835
900,4.0,-0.25,0.1,2,-31.711931361090258,-31.092892575905957,-29.90149847405357,-32.50107717143556
900,4.0,-0.25,0.1,10,-31.469521245320106,-31.137929065483533,-29.849705144745904,-32.40538106753467
900,4.0,-0.25,0.55,-1,-31.917638785015118,-31.086470321132687,-30.179971077751794,-32.51522568738336
900,4.0,-0.25,0.55,2,-31.977877484258435,-31.13803948318797,-30.21728023956518,-32.3571054423664
900,4.0,-0.25,0.55,10,-31.61029760120242,-31.257856910846126,-30.19242750387543,-32.26724246188286
900,4.0,-0.25,0.85,-1,-31.597874562977943,-31.23581826070144,-30.406803850244874,-32.55328452183332
900,4.0,-0.25,0.85,2,-31.601008978156074,-31.26266275346516,-30.4177690755551,-32.484641245637924
900,4.0,-0.25,0.85,10,-31.743290373180926,-31.26229971090661,-30.502297129069444,-32.08922262864047
900,4.0,+0.0,0.1,-1,-31.71299316492675,-31.066865219490033,-29.923794603789702,-32.51935619352226
900,4.0,+0.0,0.1,2,-31.702276664580307,-31.091316692210004,-29.937148916468196,-32.40786493190719
900,4.0,+0.0,0.1,10,-31.389731004323714,-31.129874540679925,-29.819084947943587,-32.337642092238035
900,4.0,+0.0,0.55,-1,-31.983316756104983,-31.164525510127575,-30.23959389226794,-32.44949846593339
900,4.0,+0.0,0.55,2,-31.985010368550636,-31.1820651026531,-30.249462211331803,-32.38039016304321
900,4.0,+0.0,0.55,10,-31.71212726064823,-31.22824172483036,-30.179438412740204,-32.130106158870035
900,4.0,+0.0,0.85,-1,-32.07560563373858,-31.32636583762592,-30.408278677335908,-32.4640002415644
900,4.0,+0.0,0.85,2,-32.07848491411231,-31.34432765113062,-30.437443905927196,-32.345287371912256
900,4.0,+0.0,0.85,10,-31.650512539589016,-31.36420398132346,-30.54567743200002,-32.045863502784925
900,4.0,+0.25,0.1,-1,-31.617320430873495,-31.041920211759845,-29.99609600708142,-32.480345089229104
900,4.0,+0.25,0.1,2,-31.619555823198063,-31.095868116927207,-29.962999387497558,-32.33812543815963
900,4.0,+0.25,0.1,10,-31.27948531093503,-31.042478932541087,-29.74653499465285,-32.24486531584421
900,4.0,+0.25,0.55,-1,-31.995621213663167,-31.020333763912458,-30.268861204520988,-32.362570083797564
900,4.0,+0.25,0.55,2,-32.00020468776782,-31.04028174515122,-30.304882098542755,-32.249704663574555
900,4.0,+0.25,0.55,10,-31.68639904645986,-31.194223649294806,-30.121047054771385,-32.022018967577665
900,4.0,+0.25,0.85,-1,-31.807745513713357,-31.265552421832336,-30.453313501624,-32.37369683991118
900,4.0,+0.25,0.85,2,-31.816095253885315,-31.291372641317988,-30.522135051031555,-32.21290328231543
900,4.0,+0.25,0.85,10,-31.808269399841006,-31.32706995205014,-30.656535252595564,-31.827565246475302
900,4.0,+0.5,0.1,-1,-31.545037261917287,-31.025479100216234,-30.118805704227476,-32.449513462146186
900,4.0,+0.5,0.1,2,-31.549104443119518,-31.05320835756433,-30.091207247059923,-32.36313848937774
900,4.0,+0.5,0.1,10,-31.17414823825616,-30.995153774332216,-29.80245163054182,-32.18922163069872
900,4.0,+0.5,0.55,-1,-31.937827169224814,-30.996936505156597,-30.357728433990733,-32.28868253221442
900,4.0,+0.5,0.55,2,-31.94756218986089,-31.026698571708934,-30.400739151382233,-32.13718426510965
900,4.0,+0.5,0.55,10,-31.636773580304762,-31.18775162029433,-30.127312553192446,-31.927593370598842
900,4.0,+0.5,0.85,-1,-31.76956763914926,-31.304887640288783,-30.5386202487868,-32.2951957522074
900,4.0,+0.5,0.85,2,-31.78570936898236,-31.336861472041946,-30.630340723800703,-32.09304683034296
900,4.0,+0.5,0.85,10,-31.853310024859397,-31.33520469641583,-30.63224537690022,-31.60035275815502
900,4.0,+0.75,0.1,-1,-31.460392543382785,-30.944715022701565,-30.197476880538083,-32.39406900743334
900,4.0,+0.75,0.1,2,-31.4652560932499,-30.993513300590266,-30.103280624747,-32.28435058386834
900,4.0,+0.75,0.1,10,-31.063040998147223,-30.917489617112437,-29.831076121884127,-32.125151149231584
900,4.0,+0.75,0.55,-1,-31.86451975945409,-30.98941998588467,-30.48870454060005,-32.23175422906304
900,4.0,+0.75,0.55,2,-31.8791337044467,-31.036620232017963,-30.508197391565574,-32.05314035431223
900,4.0,+0.75,0.55,10,-31.57714730747685,-31.138866816745608,-30.09901138323056,-31.844295999285308
900,4.0,+0.75,0.85,-1,-32.03230696884531,-31.43319181895178,-30.635273820918442,-32.20806980917423
900,4.0,+0.75,0.85,2,-32.05172801148302,-31.466148304399937,-30.728017341456592,-31.980912982035218
900,4.0,+0.75,0.85,10,-31.753411399182507,-31.427722412269397,-30.95444121242119,-31.53563945194182
900,4.0,+1.0,0.1,-1,-31.365458300578993,-30.879845189201124,-30.285119584325194,-32.344683248369456
900,4.0,+1.0,0.1,2,-31.305966329869825,-30.954325817833954,-29.994883028323688,-32.15364754198803
900,4.0,+1.0,0.1,10,-30.97388688448211,-30.838916047071677,-29.876501171989073,-32.07372982729544
900,4.0,+1.0,0.55,-1,-31.711908450673096,-30.940592370178553,-30.624780622440774,-32.17685683751813
900,4.0,+1.0,0.55,2,-31.742426678291935,-31.042940279023288,-30.52183003397829,-31.901241470722184
900,4.0,+1.0,0.55,10,-31.438117504593844,-31.111609070643343,-30.075054471825787,-31.77403839156284
900,4.0,+1.0,0.85,-1,-31.90879426325065,-31.450437392263588,-30.696504988773107,-32.10208554573536
900,4.0,+1.0,0.85,2,-31.93799158110017,-31.483003379856243,-30.775810548084728,-31.849761609575147
900,4.0,+1.0,0.85,10,-31.85038562507442,-31.453341841505186,-31.001757567345955,-31.416299747223405
900,4.5,-2.5,0.1,-1,-30.833720192650237,-31.10329954226277,-30.568941122642705,-32.677554144139535
900,4.5,-2.5,0.1,2,-30.83205945612924,-31.10300674801988,-30.572953626124754,-32.677144154278906
900,4.5,-2.5,0.1,10,-30.841764132271887,-31.087471770467513,-30.562221875129655,-32.678925733543274
900,4.5,-2.5,0.55,-1,-30.864486673121387,-31.19395455417851,-30.634385929950735,-32.69010200699216
900,4.5,-2.5,0.55,2,-30.86926547474643,-31.200268655373854,-30.622914784264946,-32.683994118685376
900,4.5,-2.5,0.55,10,-30.873994914468767,-31.168949157063803,-30.616535298173837,-32.68753645390562
900,4.5,-2.5,0.85,-1,-30.860216245018627,-31.242572897773314,-30.66761609645176,-32.696745643718316
900,4.5,-2.5,0.85,2,-30.861009205746413,-31.242083321470602,-30.671776164241628,-32.696067988115146
900,4.5,-2.5,0.85,10,-30.865201716968013,-31.220302588954958,-30.674633845121697,-32.70109070605398
900,4.5,-2.0,0.1,-1,-31.09597001850943,-31.038023252202894,-30.43893608143648,-32.74652115613019
900,4.5,-2.0,0.1,2,-31.080608043282012,-31.036740348693886,-30.454578192251113,-32.74669320491074
900,4.5,-2.0,0.1,10,-31.094605470049146,-31.023480245791095,-30.450030480291367,-32.72891453271343
900,4.5,-2.0,0.55,-1,-31.13666818770713,-31.175024853934822,-30.520619861009003,-32.763331319373364
900,4.5,-2.0,0.55,2,-31.130226304544596,-31.17797867905793,-30.537630617917685,-32.76083809651448
900,4.5,-2.0,0.55,10,-31.1541012092337,-31.1673852044178,-30.53127518702714,-32.72936783831898
900,4.5,-2.0,0.85,-1,-31.043321747888484,-31.290218339889982,-30.650856811392067,-32.79497198168552
900,4.5,-2.0,0.85,2,-31.03604201141578,-31.28741395590705,-30.66519753713774,-32.792702029943094
900,4.5,-2.0,0.85,10,-31.06015346141192,-31.271079862973586,-30.657999773739807,-32.77654783867931
900,4.5,-1.5,0.1,-1,-31.317432267815285,-30.980126180782936,-30.185166500226682,-32.80043671299714
900,4.5,-1.5,0.1,2,-31.30970348535262,-30.97469478044743,-30.23373010066672,-32.79527912488755
900,4.5,-1.5,0.1,10,-31.309890308011532,-30.99085988470045,-30.24392525246205,-32.74097779205916
900,4.5,-1.5,0.55,-1,-31.37808718781889,-31.116777252761363,-30.341753460253017,-32.811014530730134
900,4.5,-1.5,0.55,2,-31.368754545085554,-31.122739431406217,-30.376656568063392,-32.80453047632761
900,4.5,-1.5,0.55,10,-31.384462657705892,-31.158759417711824,-30.40291698889865,-32.715691418665294
900,4.5,-1.5,0.85,-1,-31.261548820288844,-31.248559807947803,-30.47641836122031,-32.850568477509825
900,4.5,-1.5,0.85,2,-31.227492012699475,-31.258375879049588,-30.535075196161394,-32.85096606363295
900,4.5,-1.5,0.85,10,-31.272855266777995,-31.293600752024705,-30.55819165560408,-32.72749166473814
900,4.5,-1.0,0.1,-1,-31.463412321619167,-31.034664912010367,-29.974605472559546,-32.79043892435518
900,4.5,-1.0,0.1,2,-31.44365019279659,-31.06786997901926,-30.027255172105175,-32.79243844803629
900,4.5,-1.0,0.1,10,-31.443388228676486,-31.092756442403907,-30.055372477104896,-32.67675642161766
900,4.5,-1.0,0.55,-1,-31.485103428509863,-31.150419261196415,-30.227617886866938,-32.803576750359944
900,4.5,-1.0,0.55,2,-31.46199667955812,-31.187362455921487,-30.269009390121646,-32.79621437469943
900,4.5,-1.0,0.55,10,-31.490303833379443,-31.2744511259993,-30.33743040835649,-32.56867622150348
900,4.5,-1.0,0.85,-1,-31.538225418443602,-31.133469562289783,-30.273158307301106,-32.776629023845906
900,4.5,-1.0,0.85,2,-31.506183459200138,-31.183854276798275,-30.330930066092627,-32.767303656039786
900,4.5,-1.0,0.85,10,-31.568859195539048,-31.256926649406886,-30.351653533378467,-32.539746293744415
900,4.5,-0.5,0.1,-1,-31.704865533535216,-31.031206112831043,-29.776851624874855,-32.661649662632236
900,4.5,-0.5,0.1,2,-31.694546356189903,-31.07265737348438,-29.79594918444726,-32.65934863296658
900,4.5,-0.5,0.1,10,-31.56311662417377,-31.1076972392229,-29.783583347724054,-32.49973909358224
900,4.5,-0.5,0.55,-1,-31.736449529125327,-31.034509470241986,-30.041551146317854,-32.642859573236166
900,4.5,-0.5,0.55,2,-31.740570326900347,-31.08298512950118,-30.02715969030611,-32.60704461067727
900,4.5,-0.5,0.55,10,-31.70259431839431,-31.22637659878147,-30.11470155246792,-32.36488331579097
900,4.5,-0.5,0.85,-1,-31.849888297899177,-31.070814411668476,-30.13522573891677,-32.63249418572063
900,4.5,-0.5,0.85,2,-31.848799970351635,-31.123587608054176,-30.127271324872318,-32.583165292958014
900,4.5,-0.5,0.85,10,-31.797624697887194,-31.25981406266626,-30.282739764869838,-32.290331916297184
900,4.5,-0.25,0.1,-1,-31.706095854074935,-31.09491409075985,-29.806627501080175,-32.62471670967652
900,4.5,-0.25,0.1,2,-31.659498431476536,-31.110302101235135,-29.781530626520404,-32.599862786219255
900,4.5,-0.25,0.1,10,-31.538559286536948,-31.15877459798245,-29.733814976927064,-32.4404589615033
900,4.5,-0.25,0.55,-1,-31.843419259607842,-31.105168926537967,-30.07344286677208,-32.592227734380245
900,4.5,-0.25,0.55,2,-31.8474091974375,-31.144122307216723,-30.06923683258094,-32.53043793064365
900,4.5,-0.25,0.55,10,-31.6883516906155,-31.256872160131405,-30.165760437759293,-32.28996523882354
900,4.5,-0.25,0.85,-1,-31.91232196306496,-31.159174668769666,-30.180760036850664,-32.584870616256424
900,4.5,-0.25,0.85,2,-31.901642556598844,-31.196832697315426,-30.196635954578518,-32.49450580553826
900,4.5,-0.25,0.85,10,-31.74050285653923,-31.32291485092013,-30.331431528038323,-32.224735605707416
900,4.5,+0.0,0.1,-1,-31.691554798453893,-31.09607935971676,-29.815736831613584,-32.571285208480376
900,4.5,+0.0,0.1,2,-31.695895114184886,-31.119732552296774,-29.79183611796274,-32.52768174142012
900,4.5,+0.0,0.1,10,-31.55038549155141,-31.15283955693247,-29.65217732542069,-32.35774993642942
900,4.5,+0.0,0.55,-1,-31.81645554170946,-31.126222037347834,-30.118289042034547,-32.532892952901435
900,4.5,+0.0,0.55,2,-31.82059675178202,-31.160605295317044,-30.14736280336535,-32.41610844231946
900,4.5,+0.0,0.55,10,-31.80080527582802,-31.18238223539442,-30.12249983075817,-32.168786399885896
900,4.5,+0.0,0.85,-1,-31.897343880545325,-31.186255897303315,-30.19456965742731,-32.513844050636806
900,4.5,+0.0,0.85,2,-31.907012320522337,-31.232740446829894,-30.248976485839968,-32.3541215324159
900,4.5,+0.0,0.85,10,-31.7753161455272,-31.257918565719073,-30.40293968881068,-32.088011196824795
900,4.5,+0.25,0.1,-1,-31.68849468873747,-31.096780862217443,-29.863324345045363,-32.530314775054876
900,4.5,+0.25,0.1,2,-31.6938562491589,-31.118194666152498,-29.860496349643853,-32.44525482481805
900,4.5,+0.25,0.1,10,-31.415060234725818,-31.166978202445904,-29.641376713128764,-32.30360746555077
900,4.5,+0.25,0.55,-1,-31.969432183814163,-31.052122306289363,-30.083198675803175,-32.43006277908582
900,4.5,+0.25,0.55,2,-31.97636207409503,-31.088629077798792,-30.139085016464676,-32.260025505114236
900,4.5,+0.25,0.55,10,-31.789607861066603,-31.2002675504241,-30.079477356573804,-32.09283519729681
900,4.5,+0.25,0.85,-1,-31.776769315982342,-31.198617115873958,-30.25037225108094,-32.44208368250456
900,4.5,+0.25,0.85,2,-31.790105205219042,-31.271328999560552,-30.37504218112378,-32.223424568634364
900,4.5,+0.25,0.85,10,-31.80056466730975,-31.244735526449837,-30.475541352885106,-31.949330483888332
900,4.5,+0.5,0.1,-1,-31.64875780210403,-31.050639890781756,-29.904849401233253,-32.476578636132714
900,4.5,+0.5,0.1,2,-31.651323301468462,-31.08104121163813,-29.88850397144597,-32.349072452846926
900,4.5,+0.5,0.1,10,-31.319183380258615,-31.119151983094874,-29.630775863094335,-32.229816265129884
900,4.5,+0.5,0.55,-1,-31.98042827003696,-31.0906574464998,-30.18213685403447,-32.3656537172113
900,4.5,+0.5,0.55,2,-31.96630883289238,-31.123818236975843,-30.24633047780066,-32.1447238694327
900,4.5,+0.5,0.55,10,-31.70837521739412,-31.202328408117875,-29.983288867938754,-32.010694741143034
900,4.5,+0.5,0.85,-1,-32.05859747803684,-31.307819050283733,-30.342563432209392,-32.3698504629577
900,4.5,+0.5,0.85,2,-32.13840570235352,-31.374256948285254,-30.46087974950275,-32.09595647445822
900,4.5,+0.5,0.85,10,-31.776249875242392,-31.256704324138905,-30.490332256613762,-31.751037605802836
900,4.5,+0.75,0.1,-1,-31.51690868267213,-31.022784700109355,-30.004070320639027,-32.437122169133254
900,4.5,+0.75,0.1,2,-31.522785021200747,-31.06214686634455,-29.91226691392676,-32.28121043004081
900,4.5,+0.75,0.1,10,-31.22676501762955,-31.046502219620145,-29.63812918251497,-32.16097815418137
900,4.5,+0.75,0.55,-1,-31.67467068122584,-30.9729115564512,-30.273312435539644,-32.29382172964469
900,4.5,+0.75,0.55,2,-31.841738887637145,-31.054259280279535,-30.350265537025027,-32.05565866976742
900,4.5,+0.75,0.55,10,-31.61253707535208,-31.21324801630625,-29.959167776795365,-31.93497778641914
900,4.5,+0.75,0.85,-1,-32.04354120755725,-31.377512863848047,-30.37271061669838,-32.26289830553222
900,4.5,+0.75,0.85,2,-32.064975149891175,-31.41652450819447,-30.512135006317397,-31.957283288489535
900,4.5,+0.75,0.85,10,-31.784600104697343,-31.467804174317454,-30.707209096120017,-31.686178884311843
900,4.5,+1.0,0.1,-1,-31.47308804000318,-30.978689686435942,-30.093345279271272,-32.39115112429966
900,4.5,+1.0,0.1,2,-31.474853394039947,-31.048070000129822,-29.91760614426823,-32.21761845026958
900,4.5,+1.0,0.1,10,-31.141801963614558,-30.96536693061723,-29.669091785632663,-32.09699330930013
900,4.5,+1.0,0.55,-1,-31.913049255756118,-31.08282628670971,-30.426318359577497,-32.238142888674844
900,4.5,+1.0,0.55,2,-31.94294203085034,-31.144539138238585,-30.42568273873242,-31.982615510610653
900,4.5,+1.0,0.55,10,-31.522355432514566,-31.190185107818984,-29.943400974977486,-31.85074184356364
900,4.5,+1.0,0.85,-1,-31.996217218248972,-31.421808377021073,-30.497930339423203,-32.189045132880295
900,4.5,+1.0,0.85,2,-32.10251538591702,-31.488417132745464,-30.655964637486747,-31.87410547774512
900,4.5,+1.0,0.85,10,-31.83953047310787,-31.339369792200404,-30.781694752187416,-31.50774717149252
900,5.0,-2.5,0.1,-1,-30.754931645933112,-31.11822550342332,-30.580735844784183,-32.64878583261642
900,5.0,-2.5,0.1,2,-30.754584461219064,-31.118192961605544,-30.58149053096285,-32.648728996211005
900,5.0,-2.5,0.1,10,-30.76563933985657,-31.104380796113553,-30.568261474751214,-32.65098369515496
900,5.0,-2.5,0.55,-1,-30.785144353318707,-31.22203400022538,-30.657214963887533,-32.668076662268504
900,5.0,-2.5,0.55,2,-30.777322754287123,-31.21790736280271,-30.665142498316378,-32.67068757754883
900,5.0,-2.5,0.55,10,-30.798584716809817,-31.201778792238017,-30.637626265324897,-32.67029000422592
900,5.0,-2.5,0.85,-1,-30.784012869212276,-31.236997283845263,-30.670179626515065,-32.66305809977365
900,5.0,-2.5,0.85,2,-30.781777499117133,-31.23469237486303,-30.674645367678238,-32.664338166459714
900,5.0,-2.5,0.85,10,-30.794740967079306,-31.21807413891012,-30.656238142000337,-32.67067815453951
900,5.0,-2.0,0.1,-1,-31.014142273971967,-31.082914633354317,-30.47690771509041,-32.722973819828496
900,5.0,-2.0,0.1,2,-31.010587780871237,-31.083238951738604,-30.485529554057095,-32.72271498951761
900,5.0,-2.0,0.1,10,-31.023856546937164,-31.062680888225085,-30.468233996968404,-32.720375752442976
900,5.0,-2.0,0.55,-1,-31.041382700971933,-31.231266648810095,-30.58832286156553,-32.749912672069826
900,5.0,-2.0,0.55,2,-31.038100352469673,-31.232868618704707,-30.593825393814086,-32.74962205430239
900,5.0,-2.0,0.55,10,-31.046876660091527,-31.210712327413702,-30.573329470832164,-32.745149639039866
900,5.0,-2.0,0.85,-1,-31.05563561118013,-31.261398236109073,-30.603564993670005,-32.73804518425524
900,5.0,-2.0,0.85,2,-31.037812204102476,-31.255228817841413,-30.615241139039405,-32.73828610713319
900,5.0,-2.0,0.85,10,-31.061416481233593,-31.23310244124696,-30.592203404147487,-32.73230305390997
900,5.0,-1.5,0.1,-1,-31.309930523405015,-30.959169122455634,-30.211689345994582,-32.771286837924634
900,5.0,-1.5,0.1,2,-31.29852192623901,-30.972897915460504,-30.242800967937235,-32.76958575922088
900,5.0,-1.5,0.1,10,-31.30664737730795,-30.96378218374868,-30.232474040533933,-32.729054064794575
900,5.0,-1.5,0.55,-1,-31.327708984694485,-31.128340738797743,-30.35249269353852,-32.79585911410636
900,5.0,-1.5,0.55,2,-31.308769938416226,-31.141075619167484,-30.38857205123169,-32.796468057195256
900,5.0,-1.5,0.55,10,-31.35011338464555,-31.144823760351766,-30.381295548289554,-32.726174140936344
900,5.0,-1.5,0.85,-1,-31.3397732759244,-31.17972138343344,-30.40294041315623,-32.792996452587225
900,5.0,-1.5,0.85,2,-31.329341280069862,-31.181524665208403,-30.417582045582442,-32.788019990217705
900,5.0,-1.5,0.85,10,-31.3473378708669,-31.185558424926022,-30.425745472032787,-32.71222006234701
900,5.0,-1.0,0.1,-1,-31.532442929638677,-30.909367710935825,-29.907514125687587,-32.77506185629378
900,5.0,-1.0,0.1,2,-31.51691241832353,-30.9347666477896,-29.933564333913537,-32.77226852345943
900,5.0,-1.0,0.1,10,-31.531694773000094,-30.974578999042038,-29.95509004049695,-32.67638755683813
900,5.0,-1.0,0.55,-1,-31.59842689325386,-31.022999583072686,-30.08032793483863,-32.78168889025169
900,5.0,-1.0,0.55,2,-31.574752051343708,-31.047547905949457,-30.116191441100277,-32.77958277542899
900,5.0,-1.0,0.55,10,-31.62648726466953,-31.132998549218115,-30.15278553153348,-32.61311878319105
900,5.0,-1.0,0.85,-1,-31.484459434652464,-31.15129808099395,-30.250671240176334,-32.819819113711105
900,5.0,-1.0,0.85,2,-31.487050166466158,-31.17281560286745,-30.2730553507985,-32.807399052649664
900,5.0,-1.0,0.85,10,-31.508782777095806,-31.266981675214353,-30.33324191536735,-32.6173964894402
900,5.0,-0.5,0.1,-1,-31.652335461355495,-31.024456845875847,-29.75162654736724,-32.71988962744676
900,5.0,-0.5,0.1,2,-31.64210083284705,-31.063505325007498,-29.752932444503934,-32.712053942165895
900,5.0,-0.5,0.1,10,-31.62993624723689,-31.112747084414828,-29.772410142645075,-32.56275949369913
900,5.0,-0.5,0.55,-1,-31.68459023719165,-31.076907048259635,-30.02327827964731,-32.724254042738224
900,5.0,-0.5,0.55,2,-31.685035631002627,-31.139260654327,-30.02010717534993,-32.6838944986015
900,5.0,-0.5,0.55,10,-31.718419769199564,-31.246216277758407,-30.07971452849246,-32.442267034885354
900,5.0,-0.5,0.85,-1,-31.704271071836363,-31.058143646345265,-30.092597284588987,-32.714362549723724
900,5.0,-0.5,0.85,2,-31.69562312758748,-31.103885240098933,-30.08112107650167,-32.68912119147326
900,5.0,-0.5,0.85,10,-31.721667526061417,-31.23559762380608,-30.186592754253404,-32.414228648892994
900,5.0,-0.25,0.1,-1,-31.76316759225262,-31.007517357038708,-29.677107025945197,-32.65026363365668
900,5.0,-0.25,0.1,2,-31.767372491925876,-31.06023993960703,-29.63943060341613,-32.62151416031393
900,5.0,-0.25,0.1,10,-31.676353165337993,-31.105609031283844,-29.60073745721455,-32.45642095293262
900,5.0,-0.25,0.55,-1,-31.780461077270495,-31.06071998317919,-29.986172717648465,-32.65674453706276
900,5.0,-0.25,0.55,2,-31.79009563170228,-31.113458767188312,-29.98291803821022,-32.58161066982466
900,5.0,-0.25,0.55,10,-31.800706049624058,-31.167543171931193,-30.003815103641294,-32.346135628905955
900,5.0,-0.25,0.85,-1,-31.73093698334395,-31.109421303959767,-30.098739774101215,-32.66432653355195
900,5.0,-0.25,0.85,2,-31.73958014838526,-31.16514009335111,-30.10986003134559,-32.551488593782906
900,5.0,-0.25,0.85,10,-31.78803170077865,-31.280666093186227,-30.22609370240172,-32.31672604727771
900,5.0,+0.0,0.1,-1,-31.75747234960991,-31.065448441491146,-29.685710928099738,-32.60657671680371
900,5.0,+0.0,0.1,2,-31.76460807332816,-31.109773192565484,-29.64953120883106,-32.55235655910012
900,5.0,+0.0,0.1,10,-31.61360942963207,-31.17528997517859,-29.548262963914425,-32.4044187619396
900,5.0,+0.0,0.55,-1,-31.91693362070684,-31.069006178442645,-29.96277307141692,-32.58510720028579
900,5.0,+0.0,0.55,2,-31.94324906039981,-31.134370991364694,-29.989139366502144,-32.448617326955386
900,5.0,+0.0,0.55,10,-31.77620636818419,-31.216262725860318,-30.042401198549605,-32.279641313310094
900,5.0,+0.0,0.85,-1,-31.790042351855124,-31.174575667745906,-30.116831914103113,-32.605234971609875
900,5.0,+0.0,0.85,2,-31.78201202303906,-31.208747858619546,-30.11044825229412,-32.54815018472422
900,5.0,+0.0,0.85,10,-31.8784585030977,-31.270667975092557,-30.206463131742353,-32.209988204448
900,5.0,+0.25,0.1,-1,-31.726632821349824,-31.092573680666348,-29.717749025998014,-32.56467603230139
900,5.0,+0.25,0.1,2,-31.734834790388913,-31.13372527870184,-29.695206327262685,-32.461517386707015
900,5.0,+0.25,0.1,10,-31.451035346702362,-31.209757758418355,-29.495415290774698,-32.34883123024987
900,5.0,+0.25,0.55,-1,-31.95716398492442,-31.07168344548483,-29.946442393344924,-32.50554465792965
900,5.0,+0.25,0.55,2,-31.992693552165157,-31.150586268125736,-30.009130843212567,-32.29964468794323
900,5.0,+0.25,0.55,10,-31.81909065996819,-31.177110770718905,-29.99146040617099,-32.18254349692408
900,5.0,+0.25,0.85,-1,-31.83293079662398,-31.180981147417835,-30.11178785733389,-32.52485130054899
900,5.0,+0.25,0.85,2,-31.841023281555145,-31.20909001555445,-30.127683329794138,-32.40916561368063
900,5.0,+0.25,0.85,10,-31.835762776343408,-31.309876730586204,-30.287990122248424,-32.10835790744249
900,5.0,+0.5,0.1,-1,-31.683916480025843,-31.107403255870526,-29.772290617363304,-32.528655241115054
900,5.0,+0.5,0.1,2,-31.669842263872752,-31.133445688902803,-29.718439160340534,-32.36970776343397
900,5.0,+0.5,0.1,10,-31.455492863907853,-31.195362374492063,-29.443723982364368,-32.271158241509575
900,5.0,+0.5,0.55,-1,-31.91738675980308,-31.097387666203744,-30.032152156479334,-32.45105070911173
900,5.0,+0.5,0.55,2,-31.927761931855706,-31.15273485558834,-30.113580458383872,-32.18784369081552
900,5.0,+0.5,0.55,10,-31.7879526579239,-31.21779502820233,-29.994739996338666,-32.09855784140554
900,5.0,+0.5,0.85,-1,-32.100243077767566,-31.267531985736774,-30.121028799632732,-32.4323742407092
900,5.0,+0.5,0.85,2,-32.10530895713424,-31.30039285128366,-30.186666132981674,-32.25763076345528
900,5.0,+0.5,0.85,10,-31.670626741543003,-31.323507119294646,-30.384316856728077,-31.988432094792962
900,5.0,+0.75,0.1,-1,-31.627536753808506,-31.088932031221226,-29.82865155228125,-32.48451978058225
900,5.0,+0.75,0.1,2,-31.632687358923476,-31.133196743780548,-29.72333854711891,-32.29284312569585
900,5.0,+0.75,0.1,10,-31.340240445861948,-31.155766224832515,-29.447291857065846,-32.20635820747198
900,5.0,+0.75,0.55,-1,-32.06875979427638,-31.116835870844252,-30.084369340173197,-32.37024654007128
900,5.0,+0.75,0.55,2,-32.03680536994287,-31.194738806341054,-30.15208990498359,-32.07879540740993
900,5.0,+0.75,0.55,10,-31.7721793043645,-31.241721714443575,-29.988667858784346,-32.019947378906004
900,5.0,+0.75,0.85,-1,-32.171992960877475,-31.385556725241337,-30.21540574088936,-32.35936144077577
900,5.0,+0.75,0.85,2,-32.18101277508161,-31.384993002695495,-30.29789189359024,-32.10952449607325
900,5.0,+0.75,0.85,10,-31.662593507860848,-31.307334912460977,-30.473343021707567,-31.811510123563465
900,5.0,+1.0,0.1,-1,-31.56767687033225,-31.05013341901302,-29.89587251151071,-32.43391186745397
900,5.0,+1.0,0.1,2,-31.577543754913314,-31.116087468096623,-29.732851548425682,-32.226644520790444
900,5.0,+1.0,0.1,10,-31.251279934819472,-31.09211946224768,-29.48016309363212,-32.144948253407684
900,5.0,+1.0,0.55,-1,-31.617371213105244,-31.020269923545772,-30.200413959679114,-32.30232098702736
900,5.0,+1.0,0.55,2,-31.82713755943345,-31.10708605473837,-30.22446167015537,-31.99264458784191
900,5.0,+1.0,0.55,10,-31.62721347070707,-31.25538511637115,-29.84076929967297,-31.944618748862098
900,5.0,+1.0,0.85,-1,-32.030170024211564,-31.388143355914934,-30.28994952982153,-32.27121205347747
900,5.0,+1.0,0.85,2,-32.02965407160807,-31.393334191562275,-30.423909392963253,-31.994156365457947
900,5.0,+1.0,0.85,10,-31.818147137725887,-31.241145035435636,-30.492631979960862,-31.618487502934386
900,5.25,-2.5,0.1,-1,-30.730326172470743,-31.182453439486068,-30.640899520321135,-32.64915908513408
900,5.25,-2.5,0.1,2,-30.72175806642158,-31.177329638428994,-30.64869163443237,-32.65186152438075
900,5.25,-2.5,0.1,10,-30.731156584797944,-31.162318519441186,-30.63661168086698,-32.6542564479947
900,5.25,-2.5,0.55,-1,-30.737402683400706,-31.235348448787633,-30.693319116837987,-32.66121914401231
900,5.25,-2.5,0.55,2,-30.739998046928264,-31.24265931254793,-30.692678891524345,-32.661838054768694
900,5.25,-2.5,0.55,10,-30.74994278856773,-31.230760818465555,-30.676184267048253,-32.667468385111405
900,5.25,-2.5,0.85,-1,-30.745857664559505,-31.271073364015155,-30.72822608288316,-32.66332317139412
900,5.25,-2.5,0.85,2,-30.743073467061087,-31.26708514831681,-30.729746223279875,-32.66313426217723
900,5.25,-2.5,0.85,10,-30.758801635682754,-31.251144054909005,-30.706604254627656,-32.66713753014304
900,5.25,-2.0,0.1,-1,-30.907252310160438,-31.15184017987586,-30.569655486425674,-32.7375140539781
900,5.25,-2.0,0.1,2,-30.909021388319754,-31.158118967420492,-30.56573739339136,-32.73732543713588
900,5.25,-2.0,0.1,10,-30.91075256230299,-31.127502199170507,-30.560118116176334,-32.74489386050316
900,5.25,-2.0,0.55,-1,-30.994231217740854,-31.23207168250685,-30.602891657382557,-32.72074191774267
900,5.25,-2.0,0.55,2,-30.987204869534963,-31.228768236343335,-30.609329757034768,-32.72075781607929
900,5.25,-2.0,0.55,10,-31.009452151508118,-31.21058891036659,-30.586055321188844,-32.72304086368731
900,5.25,-2.0,0.85,-1,-30.93459628101009,-31.329445493098586,-30.711035070890574,-32.769498924478846
900,5.25,-2.0,0.85,2,-30.93836078064428,-31.327745232455676,-30.710149725509496,-32.765883337840826
900,5.25,-2.0,0.85,10,-30.956229910762577,-31.30543205931111,-30.686501599025352,-32.76536668275745
900,5.25,-1.5,0.1,-1,-31.19731256166022,-31.03289979768948,-30.306311919012078,-32.79438253379967
900,5.25,-1.5,0.1,2,-31.19354531973844,-31.033294199213724,-30.319940070568954,-32.791622414184516
900,5.25,-1.5,0.1,10,-31.197747497870672,-31.033330249637206,-30.318120869048034,-32.779237922561364
900,5.25,-1.5,0.55,-1,-31.251366242111867,-31.17147901778617,-30.40049697710339,-32.79906585772182
900,5.25,-1.5,0.55,2,-31.245560954131886,-31.165043179437607,-30.40854912613325,-32.79387322175974
900,5.25,-1.5,0.55,10,-31.258483817125096,-31.178050899056252,-30.42196508947984,-32.755739606633924
900,5.25,-1.5,0.85,-1,-31.209334064759876,-31.264887864859894,-30.498231646373817,-32.818386887839864
900,5.25,-1.5,0.85,2,-31.199172287199083,-31.26682430986097,-30.52085488567068,-32.81899496884152
900,5.25,-1.5,0.85,10,-31.233633214937697,-31.256815746357482,-30.494735764733342,-32.77572871218957
900,5.25,-1.0,0.1,-1,-31.464208694092207,-30.94999635006834,-29.95773090062393,-32.79509400605943
900,5.25,-1.0,0.1,2,-31.451636864492095,-30.9726738411274,-29.994703694870157,-32.79243429656064
900,5.25,-1.0,0.1,10,-31.44173221744805,-31.0002156820119,-30.011907384839184,-32.70063368585122
900,5.25,-1.0,0.55,-1,-31.495647001088475,-31.11037033425049,-30.161219468640752,-32.823945163772585
900,5.25,-1.0,0.55,2,-31.482536936947824,-31.12298973859329,-30.18834866773225,-32.81828261964983
900,5.25,-1.0,0.55,10,-31.519010660701458,-31.18648086247716,-30.21812162077461,-32.66728134114498
900,5.25,-1.0,0.85,-1,-31.507174321558594,-31.121646465966244,-30.212601964171142,-32.80686098993319
900,5.25,-1.0,0.85,2,-31.467024524323076,-31.143163956342942,-30.25089256365185,-32.80554255403327
900,5.25,-1.0,0.85,10,-31.54392737526921,-31.19343410178559,-30.258954247226054,-32.62940059166472
900,5.25,-0.5,0.1,-1,-31.695471724526094,-30.95602208171073,-29.709087679719097,-32.7247477920266
900,5.25,-0.5,0.1,2,-31.69708092074281,-31.01785027434064,-29.724469708204417,-32.727631816724866
900,5.25,-0.5,0.1,10,-31.699189281394094,-31.06831914353069,-29.731197425345375,-32.57631338524458
900,5.25,-0.5,0.55,-1,-31.76577158506904,-31.03516193572057,-29.972391595397646,-32.7376962998393
900,5.25,-0.5,0.55,2,-31.75174804589076,-31.0722326305483,-29.95252308208862,-32.71466267907472
900,5.25,-0.5,0.55,10,-31.794105200090705,-31.184129796818354,-30.016940137742086,-32.47908346740226
900,5.25,-0.5,0.85,-1,-31.73832920318408,-30.99534170829639,-30.039690470349846,-32.73040534024796
900,5.25,-0.5,0.85,2,-31.736926277095726,-31.052466326037088,-30.034306340704077,-32.70868565234249
900,5.25,-0.5,0.85,10,-31.775476819247103,-31.15990309122784,-30.113059765841122,-32.447527966444
900,5.25,-0.25,0.1,-1,-31.70874009059988,-31.031100079302316,-29.67869498116841,-32.68914529458809
900,5.25,-0.25,0.1,2,-31.712897690313625,-31.078144205897424,-29.651337654740907,-32.661290242601154
900,5.25,-0.25,0.1,10,-31.69545852807605,-31.123658951231175,-29.644784634559688,-32.50537702894419
900,5.25,-0.25,0.55,-1,-31.82220652276071,-31.090054228957346,-29.94291713281864,-32.68457360234926
900,5.25,-0.25,0.55,2,-31.828506796875104,-31.151855010976917,-29.95365181703025,-32.61694293594563
900,5.25,-0.25,0.55,10,-31.814257099331122,-31.26498856666352,-30.02618922400623,-32.41473880396353
900,5.25,-0.25,0.85,-1,-31.79963172901115,-31.07819054521121,-30.069187069545244,-32.69713877847759
900,5.25,-0.25,0.85,2,-31.786902482147784,-31.12578204750948,-30.056935438850672,-32.66399914695342
900,5.25,-0.25,0.85,10,-31.777100119493234,-31.23047506846384,-30.166469003014207,-32.364950604827875
900,5.25,+0.0,0.1,-1,-31.773189188494165,-31.040542395205122,-29.645149475774666,-32.62887276236681
900,5.25,+0.0,0.1,2,-31.780591266949706,-31.09388569981363,-29.60632684100405,-32.57491794959616
900,5.25,+0.0,0.1,10,-31.670421406503202,-31.14402010847632,-29.50556578064067,-32.42158908744283
900,5.25,+0.0,0.55,-1,-31.842422635647193,-31.00001123858363,-29.894601654330533,-32.60686309613083
900,5.25,+0.0,0.55,2,-31.85313650235313,-31.07117908997965,-29.911773029104886,-32.47568807520778
900,5.25,+0.0,0.55,10,-31.81818186222216,-31.17204494057486,-29.96490376336393,-32.31246949288592
900,5.25,+0.0,0.85,-1,-31.890052482537683,-31.145973097915665,-30.054098408459083,-32.633206285880526
900,5.25,+0.0,0.85,2,-31.800036776167467,-31.1690233702489,-30.04082068371134,-32.57119479912881
900,5.25,+0.0,0.85,10,-31.90213351293647,-31.223926675485046,-30.144835050552246,-32.25891080651468
900,5.25,+0.25,0.1,-1,-31.775883716114745,-31.09270371848112,-29.664006821262596,-32.586352518190516
900,5.25,+0.25,0.1,2,-31.786996949788332,-31.142036196913395,-29.632561493631364,-32.483580531676395
900,5.25,+0.25,0.1,10,-31.592564475847166,-31.203121674738348,-29.456137613121335,-32.366533952160836
900,5.25,+0.25,0.55,-1,-32.0981005984564,-31.141333218484565,-29.92866375094179,-32.55611188298233
900,5.25,+0.25,0.55,2,-31.987178478168122,-31.1290331943017,-29.911221917188392,-32.47339978668978
900,5.25,+0.25,0.55,10,-31.795951882291025,-31.20458220250483,-29.967403502814037,-32.242201853518
900,5.25,+0.25,0.85,-1,-31.841330016656485,-31.160698781837453,-30.070644591086722,-32.56958086388494
900,5.25,+0.25,0.85,2,-31.84794174059023,-31.20599155965622,-30.092357519318682,-32.44592743948128
900,5.25,+0.25,0.85,10,-31.787661114781955,-31.240739646033436,-30.19309862835517,-32.16074544841972
900,5.25,+0.5,0.1,-1,-31.708912053075515,-31.107178119146518,-29.6985484606712,-32.54640994803659
900,5.25,+0.5,0.1,2,-31.714982562522675,-31.131881857297827,-29.661166067418932,-32.48419459364963
900,5.25,+0.5,0.1,10,-31.51339617052294,-31.22739356363055,-29.361018392236687,-32.29483114632566
900,5.25,+0.5,0.55,-1,-31.92115526499508,-31.05484049311242,-29.923953523774827,-32.47481173237666
900,5.25,+0.5,0.55,2,-31.941767721061794,-31.103474432094064,-29.961631200941554,-32.33226975426096
900,5.25,+0.5,0.55,10,-31.810135158913603,-31.193398247595926,-29.957054581945126,-32.146937774547794
900,5.25,+0.5,0.85,-1,-31.884615882369665,-31.18872061382158,-30.080762860767216,-32.487379441648855
900,5.25,+0.5,0.85,2,-31.91171240089784,-31.2826556629563,-30.164418067527482,-32.2915889431752
900,5.25,+0.5,0.85,10,-31.841544198500607,-31.27531188531914,-30.268394027189384,-32.05008963328945
900,5.25,+0.75,0.1,-1,-31.654829163343265,-31.110202812274316,-29.753637277222946,-32.50703455317672
900,5.25,+0.75,0.1,2,-31.66134268957494,-31.138615387649253,-29.73349316591311,-32.39380902755969
900,5.25,+0.75,0.1,10,-31.414875902180217,-31.20812856158593,-29.36284386368473,-32.231983871597166
900,5.25,+0.75,0.55,-1,-32.05607598185613,-31.139691791992554,-30.012007663980413,-32.413291158592514
900,5.25,+0.75,0.55,2,-32.07966693175681,-31.17637598939679,-30.0765976344235,-32.19740478950947
900,5.25,+0.75,0.55,10,-31.778241125204882,-31.21896142154636,-29.924540433083187,-32.06721232731111
900,5.25,+0.75,0.85,-1,-31.987471627575367,-31.33926990044385,-30.147791651753728,-32.4121573810018
900,5.25,+0.75,0.85,2,-31.99914422212638,-31.38167861956223,-30.259357117351016,-32.14344966793068
900,5.25,+0.75,0.85,10,-31.966704836066143,-31.326935831764217,-30.326129636630718,-31.919280296147235
900,5.25,+1.0,0.1,-1,-31.592489103924443,-31.085009385322824,-29.809679540849263,-32.46065892414504
900,5.25,+1.0,0.1,2,-31.596776427968646,-31.120163413515762,-29.76115588684908,-32.31019748170538
900,5.25,+1.0,0.1,10,-31.311453823969217,-31.149715658562446,-29.379448259800206,-32.169179857787675
900,5.25,+1.0,0.55,-1,-32.10542959340217,-31.129970194136686,-30.067813723210083,-32.33078193889345
900,5.25,+1.0,0.55,2,-32.11479718140833,-31.162789675549124,-30.16072236629114,-32.08659363200327
900,5.25,+1.0,0.55,10,-31.72224263742593,-31.223129461007794,-29.866498945870603,-31.98092292290528
900,5.25,+1.0,0.85,-1,-31.986333741265675,-31.27317609228454,-30.193955002389,-32.31501149993355
900,5.25,+1.0,0.85,2,-31.966696490495746,-31.286665051874284,-30.358570840902463,-32.017525351527254
900,5.25,+1.0,0.85,10,-31.861852785303707,-31.26839156364468,-30.43216212113817,-31.765096512194315
950,3.5,-2.5,0.1,-1,-31.32813928207938,-31.34115710984226,-30.815399166639583,-32.84915274127578
950,3.5,-2.5,0.1,2,-31.320628051331852,-31.345374727156454,-30.840697420236776,-32.84688686265585
950,3.5,-2.5,0.1,10,-31.322814611348058,-31.325776453202533,-30.84104762666788,-32.83396827473594
950,3.5,-2.5,0.55,-1,-31.366170348944383,-31.472541854864588,-30.909923626590615,-32.870668337288315
950,3.5,-2.5,0.55,2,-31.36481789060996,-31.474983704199005,-30.924133833712194,-32.86773749858789
950,3.5,-2.5,0.55,10,-31.370672618907648,-31.45970998419971,-30.934498338637184,-32.843258542625165
950,3.5,-2.5,0.85,-1,-31.378351406276327,-31.488379138382456,-30.907064260936465,-32.860202515091906
950,3.5,-2.5,0.85,2,-31.368388508996162,-31.49066591559629,-30.93276770095651,-32.858726479651594
950,3.5,-2.5,0.85,10,-31.386530521972432,-31.48401136169246,-30.93658029943667,-32.82549191904132
950,3.5,-2.0,0.1,-1,-31.51277298763285,-31.305558145871373,-30.698076371071945,-32.922792786475846
950,3.5,-2.0,0.1,2,-31.493601646267592,-31.319470520301827,-30.7545334198025,-32.923579195382715
950,3.5,-2.0,0.1,10,-31.4950675064426,-31.31248701409909,-30.754377736218576,-32.880829666805546
950,3.5,-2.0,0.55,-1,-31.56339830374634,-31.44829232775517,-30.82055277046456,-32.93076850459407
950,3.5,-2.0,0.55,2,-31.53084663061947,-31.456432082790965,-30.89127378651549,-32.93602662152887
950,3.5,-2.0,0.55,10,-31.5614088644968,-31.463342145605125,-30.883946745083115,-32.86321161338091
950,3.5,-2.0,0.85,-1,-31.581129582538708,-31.466754938743506,-30.841263892419644,-32.91229769871076
950,3.5,-2.0,0.85,2,-31.563638179436587,-31.468568964301376,-30.87909609860717,-32.91051617883183
950,3.5,-2.0,0.85,10,-31.575941703647295,-31.483250008937055,-30.907793283088946,-32.83465283423974
950,3.5,-1.5,0.1,-1,-31.684417647074188,-31.285323291910473,-30.522622055316987,-32.920041073326345
950,3.5,-1.5,0.1,2,-31.653265797351544,-31.300317263898982,-30.58268500787126,-32.92718693147917
950,3.5,-1.5,0.1,10,-31.61911526086294,-31.29700602977374,-30.586176468865073,-32.80540507794184
950,3.5,-1.5,0.55,-1,-31.74358609254871,-31.392679315605818,-30.685543173149764,-32.89991002655237
950,3.5,-1.5,0.55,2,-31.71959659404779,-31.407061608397456,-30.73727450397491,-32.9004966045901
950,3.5,-1.5,0.55,10,-31.705856194952922,-31.486992821315102,-30.808236200728004,-32.72625774467838
950,3.5,-1.5,0.85,-1,-31.60671591956355,-31.500359093396646,-30.85933314183019,-32.94194544271469
950,3.5,-1.5,0.85,2,-31.5935270786321,-31.51642677203813,-30.895799692850055,-32.936353544405506
950,3.5,-1.5,0.85,10,-31.558348291690702,-31.621613726616857,-31.018256802422904,-32.744052812973955
950,3.5,-1.0,0.1,-1,-31.648709772831314,-31.411972235953684,-30.495549912518417,-32.90142619529749
950,3.5,-1.0,0.1,2,-31.62427155227735,-31.417563597616606,-30.53339872279134,-32.897229686804735
950,3.5,-1.0,0.1,10,-31.50089078643072,-31.3902458419972,-30.51593235023027,-32.76352953747479
950,3.5,-1.0,0.55,-1,-31.75052607469992,-31.465932243592228,-30.675267968495067,-32.82882846043057
950,3.5,-1.0,0.55,2,-31.74135245084417,-31.4813317037131,-30.70385901369527,-32.800677783915525
950,3.5,-1.0,0.55,10,-31.57167117982152,-31.590415324278467,-30.877277480604203,-32.67578209520488
950,3.5,-1.0,0.85,-1,-31.797614068935868,-31.48252484705138,-30.74107695154053,-32.80377401952419
950,3.5,-1.0,0.85,2,-31.785561776681412,-31.49375697646458,-30.746832477646603,-32.78807919261587
950,3.5,-1.0,0.85,10,-31.631378632668582,-31.64490684393703,-31.01323216689048,-32.59293781437332
950,3.5,-0.5,0.1,-1,-31.83578922202148,-31.326995512202487,-30.330337146041675,-32.733246953387514
950,3.5,-0.5,0.1,2,-31.836956342092876,-31.3442848615055,-30.33174271791839,-32.698312611157625
950,3.5,-0.5,0.1,10,-31.55782785536932,-31.390625808034848,-30.367036068230927,-32.624984597728385
950,3.5,-0.5,0.55,-1,-31.96094075237996,-31.41222930420817,-30.679087360577867,-32.67630543146438
950,3.5,-0.5,0.55,2,-31.965698944401296,-31.436664688969138,-30.713252168876725,-32.581939641468615
950,3.5,-0.5,0.55,10,-31.601021813296857,-31.554214017071565,-30.70663636893267,-32.51869667211055
950,3.5,-0.5,0.85,-1,-31.66607074454578,-31.554128315778655,-30.90363924185997,-32.714079576145565
950,3.5,-0.5,0.85,2,-31.66691009549705,-31.564888838223403,-30.912912635105233,-32.67394216390917
950,3.5,-0.5,0.85,10,-31.82356098370184,-31.61694802539077,-30.998520333560982,-32.318894334536765
950,3.5,-0.25,0.1,-1,-31.782758149739713,-31.337960633338184,-30.409368732462628,-32.702897126900616
950,3.5,-0.25,0.1,2,-31.78438621063109,-31.3599365818001,-30.397879126160934,-32.632697569980124
950,3.5,-0.25,0.1,10,-31.484737438428997,-31.357855967405474,-30.318136337301162,-32.55659415896598
950,3.5,-0.25,0.55,-1,-31.884578434333367,-31.417458568907367,-30.76640589242537,-32.62455062764427
950,3.5,-0.25,0.55,2,-31.89456553331798,-31.45034887792402,-30.8002378726883,-32.49323049291038
950,3.5,-0.25,0.55,10,-31.883150739619587,-31.46047778705495,-30.591583820447728,-32.31851583433478
950,3.5,-0.25,0.85,-1,-31.904728574530694,-31.539902968486903,-30.86598941829722,-32.60392619031308
950,3.5,-0.25,0.85,2,-31.907396422050724,-31.551881778058775,-30.889065440605936,-32.540414078407494
950,3.5,-0.25,0.85,10,-31.61888096006389,-31.68743395905933,-31.053821325806137,-32.3058974605594
950,3.5,+0.0,0.1,-1,-31.76537491424005,-31.346209725538277,-30.519003000334234,-32.67746414525611
950,3.5,+0.0,0.1,2,-31.750615675092337,-31.37629512904669,-30.443428227746644,-32.575520149509956
950,3.5,+0.0,0.1,10,-31.5026053231388,-31.251727451396796,-30.199792706925233,-32.43903276387282
950,3.5,+0.0,0.55,-1,-31.799117164258192,-31.432153386496815,-30.90108334882682,-32.579822385079936
950,3.5,+0.0,0.55,2,-31.80332116239996,-31.44579622716714,-30.91490515089536,-32.50932833107881
950,3.5,+0.0,0.55,10,-31.788654924209453,-31.49616293144348,-30.62487959349033,-32.250290302426976
950,3.5,+0.0,0.85,-1,-31.793193225170523,-31.60043873327595,-31.00299789819615,-32.54893735470303
950,3.5,+0.0,0.85,2,-31.800540271930927,-31.616316710197548,-31.039565940722945,-32.4563630833151
950,3.5,+0.0,0.85,10,-31.910981140380446,-31.62001381235598,-31.075042887871966,-32.0194876439348
950,3.5,+0.25,0.1,-1,-31.6826300021322,-31.2695263038059,-30.599862439733286,-32.62848648797793
950,3.5,+0.25,0.1,2,-31.65283820039317,-31.334682044848915,-30.442834951484627,-32.51062519100994
950,3.5,+0.25,0.1,10,-31.387377511891117,-31.19230042129924,-30.222697530584554,-32.376705669451574
950,3.5,+0.25,0.55,-1,-32.080132957407706,-31.29791021462815,-30.837696936734076,-32.45518255070923
950,3.5,+0.25,0.55,2,-32.10448604505476,-31.370207058839476,-30.821596852052213,-32.28528176654293
950,3.5,+0.25,0.55,10,-31.902098336071667,-31.394461379270368,-30.509810568616004,-32.107026169945705
950,3.5,+0.25,0.85,-1,-31.705730013624184,-31.625241041632428,-31.129644286968876,-32.48439865141199
950,3.5,+0.25,0.85,2,-31.698290158223234,-31.63767778532823,-31.166032345985112,-32.36560384861184
950,3.5,+0.25,0.85,10,-31.836575676445666,-31.626875468318126,-31.17549890777362,-31.90587834217315
950,3.5,+0.5,0.1,-1,-31.654677228476977,-31.173916101864428,-30.655566328107042,-32.55844005183774
950,3.5,+0.5,0.1,2,-31.639159884477515,-31.244734208980915,-30.408460812254795,-32.42348259624802
950,3.5,+0.5,0.1,10,-31.285105770160207,-31.114898994979207,-30.256294674551025,-32.31856779351605
950,3.5,+0.5,0.55,-1,-31.992959976616618,-31.31014034119627,-30.982101286842955,-32.41100055785247
950,3.5,+0.5,0.55,2,-32.01599087265641,-31.391537325858806,-30.904163527927327,-32.22586957359318
950,3.5,+0.5,0.55,10,-31.791234511121193,-31.389008738065005,-30.53329970122878,-32.0373726802228
950,3.5,+0.5,0.85,-1,-31.64342799990573,-31.669418277576476,-31.276279289259254,-32.41401910451436
950,3.5,+0.5,0.85,2,-31.661044881416277,-31.697312786068252,-31.29982502233881,-32.275260814319246
950,3.5,+0.5,0.85,10,-31.764266121100956,-31.721619649125063,-31.37515283100301,-31.795549936454574
950,3.5,+0.75,0.1,-1,-31.519150701744593,-31.092773803999055,-30.727937469627268,-32.50381775627985
950,3.5,+0.75,0.1,2,-31.510668838375082,-31.19333849144684,-30.41689787308231,-32.3650311496179
950,3.5,+0.75,0.1,10,-31.21990110496068,-31.04739707678974,-30.300688530768355,-32.26196606177096
950,3.5,+0.75,0.55,-1,-31.9028263414299,-31.288421163260146,-31.05827491913802,-32.351309443235735
950,3.5,+0.75,0.55,2,-31.8829514523935,-31.354032139017637,-30.9196751958876,-32.15195161855848
950,3.5,+0.75,0.55,10,-31.6758042337004,-31.37812117533086,-30.535894466657183,-31.974909997668696
950,3.5,+0.75,0.85,-1,-31.621360068640683,-31.697050454503,-31.395960334947,-32.32705695535959
950,3.5,+0.75,0.85,2,-32.04334358376669,-31.932076624945182,-31.378410486809972,-32.17768688518757
950,3.5,+0.75,0.85,10,-31.619554800478035,-31.69509402742535,-31.496258317403747,-31.69093294154223
950,3.5,+1.0,0.1,-1,-31.42937246352244,-31.04877231022232,-30.776244575060517,-32.44701228839392
950,3.5,+1.0,0.1,2,-31.361342369290604,-31.094510538488795,-30.442203131065003,-32.29850272921222
950,3.5,+1.0,0.1,10,-31.126985208536603,-30.967549578086565,-30.34336297789445,-32.21758961996087
950,3.5,+1.0,0.55,-1,-31.780086122807255,-31.14735470773859,-31.050391196364963,-32.27235458459573
950,3.5,+1.0,0.55,2,-31.83681943611188,-31.245725590759264,-30.902002193833074,-32.08112350523605
950,3.5,+1.0,0.55,10,-31.532035051739868,-31.264235977592474,-30.466637273420965,-31.890715136985904
950,3.5,+1.0,0.85,-1,-31.533799287114093,-31.64684151331889,-31.466006316690365,-32.23373373232013
950,3.5,+1.0,0.85,2,-31.552689333501753,-31.679680117456005,-31.473417680408183,-32.06590398655295
950,3.5,+1.0,0.85,10,-31.53946629926043,-31.68957150586998,-31.54441327349408,-31.610023657457397
950,4.0,-2.5,0.1,-1,-31.27148902941454,-31.395120670815132,-30.844118683525153,-32.83494118310264
950,4.0,-2.5,0.1,2,-31.26583955441864,-31.39501597572295,-30.8575328176456,-32.835090454221834
950,4.0,-2.5,0.1,10,-31.27229837809118,-31.378809862155563,-30.855042726971256,-32.83308443200401
950,4.0,-2.5,0.55,-1,-31.290290774977038,-31.513114303103286,-30.93469227272374,-32.86172797673231
950,4.0,-2.5,0.55,2,-31.289151581003253,-31.512083911328578,-30.941902944729964,-32.86005913529137
950,4.0,-2.5,0.55,10,-31.30778257530064,-31.495595607218103,-30.92789800745921,-32.849611655227996
950,4.0,-2.5,0.85,-1,-31.307902496502113,-31.541911666966303,-30.947599175883127,-32.84898284099026
950,4.0,-2.5,0.85,2,-31.296648294741892,-31.539875858994918,-30.96504814172682,-32.85093373122639
950,4.0,-2.5,0.85,10,-31.321120560454872,-31.521803713766943,-30.938922861003473,-32.83601520498355
950,4.0,-2.0,0.1,-1,-31.450009168363774,-31.3542780099316,-30.720630252084376,-32.922520110358136
950,4.0,-2.0,0.1,2,-31.435581424936355,-31.35868870055573,-30.763234745163697,-32.92180726731661
950,4.0,-2.0,0.1,10,-31.44070293548641,-31.351595695413433,-30.767519705444784,-32.88400679254086
950,4.0,-2.0,0.55,-1,-31.48131883570978,-31.507878493255596,-30.85141917119897,-32.9459500282841
950,4.0,-2.0,0.55,2,-31.46743280679552,-31.511178042463072,-30.88395917651965,-32.942202702846274
950,4.0,-2.0,0.55,10,-31.483127848341802,-31.511332577345467,-30.895166739101466,-32.87950042359104
950,4.0,-2.0,0.85,-1,-31.491976228554662,-31.533590961661847,-30.87656685740789,-32.931319856462494
950,4.0,-2.0,0.85,2,-31.482259553949355,-31.538197805471697,-30.909748471352138,-32.92617505481303
950,4.0,-2.0,0.85,10,-31.51031933882987,-31.538611050135383,-30.9097153264908,-32.853277337778664
950,4.0,-1.5,0.1,-1,-31.630746392316823,-31.321605090871188,-30.52194190839728,-32.94702593292358
950,4.0,-1.5,0.1,2,-31.608730077376332,-31.33196987641925,-30.56761581328191,-32.94886116326938
950,4.0,-1.5,0.1,10,-31.6078367555334,-31.34742907324178,-30.58188567573108,-32.86251213786465
950,4.0,-1.5,0.55,-1,-31.675341470915207,-31.460948466790597,-30.69219540938719,-32.95409719954906
950,4.0,-1.5,0.55,2,-31.647278722955328,-31.472785629144852,-30.74671846179619,-32.95208298844934
950,4.0,-1.5,0.55,10,-31.67133241967647,-31.511737550497955,-30.775531372847592,-32.81494471698218
950,4.0,-1.5,0.85,-1,-31.70495028149826,-31.466314548725094,-30.72980146068783,-32.92796209466384
950,4.0,-1.5,0.85,2,-31.68911722558729,-31.465683047952638,-30.749572812111662,-32.92314460108794
950,4.0,-1.5,0.85,10,-31.71624133314955,-31.52173757002304,-30.803305998981557,-32.767471501985376
950,4.0,-1.0,0.1,-1,-31.81905195806525,-31.318756549172036,-30.316153741806218,-32.88640412644498
950,4.0,-1.0,0.1,2,-31.808028418833082,-31.338153500894897,-30.34751064017209,-32.88721211004739
950,4.0,-1.0,0.1,10,-31.729465659519164,-31.33057223626416,-30.33843591035111,-32.73136649128911
950,4.0,-1.0,0.55,-1,-31.70022688853954,-31.50561627255474,-30.661404422264944,-32.91817529342722
950,4.0,-1.0,0.55,2,-31.9136968917179,-31.39095612915314,-30.518844001350516,-32.829200658701595
950,4.0,-1.0,0.55,10,-31.870713796521635,-31.53269014664781,-30.642390433898832,-32.63652238225512
950,4.0,-1.0,0.85,-1,-31.692016858871472,-31.52598427278932,-30.743064810010043,-32.90190252616681
950,4.0,-1.0,0.85,2,-31.671870185287993,-31.548116232919305,-30.769792532719144,-32.88687570811948
950,4.0,-1.0,0.85,10,-31.65017994312503,-31.656543310839844,-30.88207407047519,-32.67194025789501
950,4.0,-0.5,0.1,-1,-31.821558564195016,-31.419342613489334,-30.27199830058144,-32.800668336659825
950,4.0,-0.5,0.1,2,-31.811647603481777,-31.43134354411498,-30.278140616132116,-32.79259823472357
950,4.0,-0.5,0.1,10,-31.642241653769506,-31.41244779780328,-30.22680406101871,-32.6428839760757
950,4.0,-0.5,0.55,-1,-31.929247597036124,-31.455504895311943,-30.548127873073284,-32.7503838429243
950,4.0,-0.5,0.55,2,-31.92892276221999,-31.471165862363016,-30.54494408705745,-32.71399067286581
950,4.0,-0.5,0.55,10,-31.984720404173288,-31.463271825330228,-30.52091664436893,-32.432837478465814
950,4.0,-0.5,0.85,-1,-31.976659065865825,-31.502277438507424,-30.668506219896948,-32.73925319801323
950,4.0,-0.5,0.85,2,-31.978346801031535,-31.526388664454885,-30.682332768573033,-32.684698970419376
950,4.0,-0.5,0.85,10,-31.757949903585384,-31.658695394956354,-30.8451140431505,-32.459426810946276
950,4.0,-0.25,0.1,-1,-31.792822583855525,-31.43025246110283,-30.3160593703836,-32.76341928159938
950,4.0,-0.25,0.1,2,-31.77061510930265,-31.43248064642374,-30.29545565529365,-32.736769762294934
950,4.0,-0.25,0.1,10,-31.724533215185847,-31.374990292695294,-30.11085835327652,-32.548778979494884
950,4.0,-0.25,0.55,-1,-31.909003645490536,-31.500016618601062,-30.644917285925153,-32.704210434771845
950,4.0,-0.25,0.55,2,-31.910829334425376,-31.516396328442053,-30.664108892056696,-32.63157936035434
950,4.0,-0.25,0.55,10,-31.935894654923356,-31.50214885672701,-30.522969293119946,-32.37720537323723
950,4.0,-0.25,0.85,-1,-31.91550643300159,-31.56031899934044,-30.74721735434168,-32.689028794055105
950,4.0,-0.25,0.85,2,-31.920112134439943,-31.583806601969574,-30.787039390655075,-32.5868916310135
950,4.0,-0.25,0.85,10,-32.00675268332177,-31.562718308580337,-30.811940596518568,-32.25275889262005
950,4.0,+0.0,0.1,-1,-31.92618630427593,-31.330843966048874,-30.265772190785416,-32.676907723774704
950,4.0,+0.0,0.1,2,-31.92786891518495,-31.340733575877163,-30.253750553927183,-32.63386347611742
950,4.0,+0.0,0.1,10,-31.60069051258869,-31.370480100126734,-30.10053258338926,-32.49262427868399
950,4.0,+0.0,0.55,2,-32.336026004564395,-31.531721198113907,-30.66391977787454,-32.501201668125745
950,4.0,+0.0,0.55,10,-31.892601551706456,-31.527947720641446,-30.553388901919707,-32.29266330135075
950,4.0,+0.0,0.85,-1,-31.83133164756235,-31.59563139330643,-30.838436982206332,-32.627956684295924
950,4.0,+0.0,0.85,2,-31.840980155865985,-31.608852446043567,-30.88529972844198,-32.47470883171153
950,4.0,+0.0,0.85,10,-31.92470356692605,-31.598315179165848,-30.927246307776098,-32.15079385407812
950,4.0,+0.25,0.1,-1,-31.855497582428022,-31.310344374368427,-30.361242776515343,-32.63955525481913
950,4.0,+0.25,0.1,2,-31.856385493538646,-31.330381993612008,-30.33385972254584,-32.56123859691273
950,4.0,+0.25,0.1,10,-31.49249640455533,-31.318358500253826,-30.112647437134704,-32.430694203328166
950,4.0,+0.25,0.55,-1,-32.22736992110521,-31.487047380769194,-30.70050658309105,-32.530345657262274
950,4.0,+0.25,0.55,2,-32.23574052143283,-31.516364192632228,-30.727771724466187,-32.390539246211745
950,4.0,+0.25,0.55,10,-31.88609913282097,-31.468905984118187,-30.360246078288743,-32.20998520676745
950,4.0,+0.25,0.85,-1,-31.69396304485312,-31.58177852423925,-30.91472060483445,-32.54864882670441
950,4.0,+0.25,0.85,2,-31.710146892033304,-31.613311566239407,-30.989368807007196,-32.36578542693405
950,4.0,+0.25,0.85,10,-31.84847470962343,-31.645272385434904,-31.091770464031825,-32.02253571660118
950,4.0,+0.5,0.1,-1,-31.75564191489198,-31.251421428225537,-30.446818697285735,-32.59220789999402
950,4.0,+0.5,0.1,2,-31.75831495764479,-31.294633236900793,-30.35538469002512,-32.48954104805708
950,4.0,+0.5,0.1,10,-31.427761950812677,-31.23153883127774,-30.08202603407899,-32.3481505874779
950,4.0,+0.5,0.55,-1,-32.20249991750442,-31.340340094835998,-30.76479802415193,-32.4506124145431
950,4.0,+0.5,0.55,2,-32.01081298642134,-31.429522373891846,-30.783408603834275,-32.29563789456204
950,4.0,+0.5,0.55,10,-31.79891183458363,-31.472112072340465,-30.38307955776091,-32.105817957685865
950,4.0,+0.5,0.85,-1,-31.943123934422808,-31.565352982843514,-30.91150486551026,-32.43063386879725
950,4.0,+0.5,0.85,2,-31.963304932869722,-31.600082555795517,-30.987084752941676,-32.22704108459681
950,4.0,+0.5,0.85,10,-31.85482215397986,-31.678140545020742,-31.05855632529213,-31.857312824301992
950,4.0,+0.75,0.1,-1,-31.64535312314921,-31.202547862986656,-30.55979218405197,-32.54990260614064
950,4.0,+0.75,0.1,2,-31.669378402083446,-31.26564821794701,-30.359274702106482,-32.42855653639422
950,4.0,+0.75,0.1,10,-31.351091546766373,-31.157208419484462,-30.147042861285325,-32.296207366027026
950,4.0,+0.75,0.55,-1,-32.0058250439521,-31.223280424166386,-30.83547391512233,-32.3731928921738
950,4.0,+0.75,0.55,2,-32.02000247149573,-31.294563624198098,-30.79781905488431,-32.20183972717511
950,4.0,+0.75,0.55,10,-31.785479043634485,-31.44437972616293,-30.382391771801032,-32.02575149533082
950,4.0,+0.75,0.85,-1,-32.0182317050333,-31.74670533112707,-31.063720943447986,-32.361687975216576
950,4.0,+0.75,0.85,2,-32.043859328577085,-31.785019253145958,-31.126213104993354,-32.13451761806129
950,4.0,+0.75,0.85,10,-32.12746449984295,-31.793696737552253,-31.144543063287507,-31.73500521555105
950,4.0,+1.0,0.1,-1,-31.553101926978748,-31.11935096139665,-30.606643334421136,-32.479493552904025
950,4.0,+1.0,0.1,2,-31.572678990636142,-31.195523506889774,-30.331963766687366,-32.35022945142395
950,4.0,+1.0,0.1,10,-31.329842715844162,-31.088836558328296,-30.19739684976027,-32.24753175136695
950,4.0,+1.0,0.55,-1,-32.03692768234497,-31.294612872901205,-30.96142639813955,-32.32376465051559
950,4.0,+1.0,0.55,2,-32.06762676681883,-31.37625984039221,-30.8609229362848,-32.143198481847485
950,4.0,+1.0,0.55,10,-31.656171636436476,-31.36290715253683,-30.35143886413078,-31.938907179333825
950,4.0,+1.0,0.85,-1,-31.898932038541545,-31.784466606047587,-31.217089459120324,-32.283695547796746
950,4.0,+1.0,0.85,2,-31.911421447778473,-31.832605596991655,-31.29019433939771,-32.050271404488704
950,4.0,+1.0,0.85,10,-31.827656633272525,-31.670184409434647,-31.267713778470387,-31.582981395388252
950,4.5,-2.5,0.1,-1,-31.193490575282535,-31.449976813454647,-30.897900280462892,-32.82783202716295
950,4.5,-2.5,0.1,2,-31.192496727427002,-31.447903415782736,-30.900983589552837,-32.82722402004034
950,4.5,-2.5,0.1,10,-31.19061975873887,-31.427103233927834,-30.897081349161187,-32.83059930400436
950,4.5,-2.5,0.55,-1,-31.22009783020944,-31.53203467369285,-30.94984940128489,-32.842724900622464
950,4.5,-2.5,0.55,2,-31.218106889033535,-31.53201180806718,-30.954757477115848,-32.842183380651115
950,4.5,-2.5,0.55,10,-31.23145783868369,-31.51838258354772,-30.936708056273453,-32.83615711860992
950,4.5,-2.5,0.85,-1,-31.225755252114578,-31.568826255312864,-30.984108809757956,-32.837412132670394
950,4.5,-2.5,0.85,2,-31.223994077375234,-31.56700799840415,-30.985192747556848,-32.83615288284342
950,4.5,-2.5,0.85,10,-31.25014222208916,-31.551456406044892,-30.9587748641679,-32.82774573580531
950,4.5,-2.0,0.1,-1,-31.35608956251662,-31.418466368821953,-30.805388289498417,-32.92956308036776
950,4.5,-2.0,0.1,2,-31.358262467017287,-31.42290505176041,-30.81249438475494,-32.924471668903344
950,4.5,-2.0,0.1,10,-31.362445823641842,-31.410876940329203,-30.80865742192764,-32.911118129007725
950,4.5,-2.0,0.55,-1,-31.39533894632159,-31.5637114853177,-30.89694247149445,-32.943121070737995
950,4.5,-2.0,0.55,2,-31.385159165490364,-31.562336919681716,-30.918419091126168,-32.942650158374285
950,4.5,-2.0,0.55,10,-31.398371064829654,-31.551755281751923,-30.913128407053094,-32.91680798697249
950,4.5,-2.0,0.85,-1,-31.410193467376327,-31.588907677629095,-30.914791177478147,-32.93236547891426
950,4.5,-2.0,0.85,2,-31.401220831312408,-31.589034623752866,-30.934979759604616,-32.931574633843155
950,4.5,-2.0,0.85,10,-31.419932262464627,-31.579516392455847,-30.92661070742214,-32.90085014408119
950,4.5,-1.5,0.1,-1,-31.570934486495474,-31.369091084781996,-30.558636401024806,-32.96463927386933
950,4.5,-1.5,0.1,2,-31.54851762613393,-31.384297882365722,-30.611759650115935,-32.96669314041837
950,4.5,-1.5,0.1,10,-31.543270716757842,-31.382874626007045,-30.612513044461117,-32.88876059907337
950,4.5,-1.5,0.55,-1,-31.55441022374118,-31.527349291123183,-30.739423658089766,-32.99270485967465
950,4.5,-1.5,0.55,2,-31.530819228907557,-31.54288338484005,-30.79245817484328,-32.99668497073636
950,4.5,-1.5,0.55,10,-31.565885317891418,-31.56441388075729,-30.800075161910115,-32.86776970625774
950,4.5,-1.5,0.85,-1,-31.61281621440006,-31.528379887995918,-30.73747665472554,-32.96652317983486
950,4.5,-1.5,0.85,2,-31.582402319626723,-31.542154415416977,-30.796003591990374,-32.96768910694528
950,4.5,-1.5,0.85,10,-31.618909128595348,-31.576486647928053,-30.82056124870798,-32.8269843731286
950,4.5,-1.0,0.1,-1,-31.785610450820243,-31.318767489833995,-30.278466394740043,-32.91956476879393
950,4.5,-1.0,0.1,2,-31.762560775310238,-31.340200711621033,-30.31443722668424,-32.92248491658481
950,4.5,-1.0,0.1,10,-31.743862368969367,-31.367640964004423,-30.326001918428705,-32.7927844952986
950,4.5,-1.0,0.55,-1,-31.81626480692238,-31.420750241124118,-30.49826321534812,-32.9187932692441
950,4.5,-1.0,0.55,2,-31.80154442761748,-31.448194908306995,-30.523611034960503,-32.909633665087696
950,4.5,-1.0,0.55,10,-31.814971138365188,-31.52668445826724,-30.573222046562123,-32.710192485611564
950,4.5,-1.0,0.85,-1,-31.86204577543154,-31.413102731257094,-30.540779034971916,-32.89521980457989
950,4.5,-1.0,0.85,2,-31.84633133772285,-31.443695874345337,-30.5663644296391,-32.88930527279196
950,4.5,-1.0,0.85,10,-31.86921660067918,-31.54219624772783,-30.64045409960563,-32.65527840964034
950,4.5,-0.5,0.1,-1,-31.880518223028595,-31.386557125698005,-30.1516857647017,-32.83043104248856
950,4.5,-0.5,0.1,2,-31.911554353753505,-31.388027933029704,-30.13405669378819,-32.808577035791885
950,4.5,-0.5,0.1,10,-31.830360034533335,-31.36737775920874,-30.06131606276659,-32.636320423768595
950,4.5,-0.5,0.55,-1,-31.82722552460724,-31.484479697683156,-30.48185741244426,-32.8310145285552
950,4.5,-0.5,0.55,2,-31.832244569634266,-31.518131028616523,-30.489629803334335,-32.77280725862803
950,4.5,-0.5,0.55,10,-31.951805939702975,-31.53914385677666,-30.445955058635043,-32.5414535437242
950,4.5,-0.5,0.85,-1,-31.860720314607377,-31.4963615247065,-30.57708803017818,-32.81839501525479
950,4.5,-0.5,0.85,2,-31.871467422416508,-31.535174936008218,-30.60354297221634,-32.737046494167046
950,4.5,-0.5,0.85,10,-32.0255398158716,-31.54247543722949,-30.587420866226715,-32.44710206950663
950,4.5,-0.25,0.1,-1,-31.9566917830776,-31.355621392286675,-30.106484649937833,-32.759511571444875
950,4.5,-0.25,0.1,2,-31.958358766853515,-31.38214627911937,-30.078108062620107,-32.72510795134118
950,4.5,-0.25,0.1,10,-31.74935371288198,-31.428649719603214,-30.011091978470482,-32.59590018267502
950,4.5,-0.25,0.55,-1,-32.08378159693256,-31.3876468554163,-30.405580026100832,-32.726775017040325
950,4.5,-0.25,0.55,2,-32.09598507838094,-31.421954198477447,-30.427634131423886,-32.632037824437205
950,4.5,-0.25,0.55,10,-31.889533986874742,-31.54656135094011,-30.408301111696968,-32.48541454314654
950,4.5,-0.25,0.85,-1,-31.892627612909617,-31.568878453469683,-30.62993882529494,-32.76837086669704
950,4.5,-0.25,0.85,2,-31.896701176422084,-31.58838606434513,-30.626875185159996,-32.73374141481337
950,4.5,-0.25,0.85,10,-31.993830430450313,-31.593630324831217,-30.64124180036472,-32.382055099835824
950,4.5,+0.0,0.1,-1,-31.907589919243353,-31.37951450751162,-30.143011801352266,-32.72364538068313
950,4.5,+0.0,0.1,2,-31.910504225039777,-31.402701171078174,-30.128759742198437,-32.65112514296936
950,4.5,+0.0,0.1,10,-31.693504816096688,-31.432928575668768,-29.961203070190457,-32.528236576071485
950,4.5,+0.0,0.55,2,-32.064412161689255,-31.459466386517533,-30.512663756105024,-32.5225861396503
950,4.5,+0.0,0.55,10,-31.92174265223704,-31.5399357263901,-30.429090169330955,-32.3805379975852
950,4.5,+0.0,0.85,-1,-32.38483613786099,-31.677939790363318,-30.620720311725172,-32.68147771112399
950,4.5,+0.0,0.85,2,-32.38502370322466,-31.69376097996791,-30.637120330644652,-32.61033106437006
950,4.5,+0.0,0.85,10,-31.92092795620364,-31.65631615786156,-30.731409241290454,-32.32353370792198
950,4.5,+0.25,0.1,-1,-31.89110491941415,-31.405088390895433,-30.212650746418852,-32.69028942224291
950,4.5,+0.25,0.1,2,-31.902907412696493,-31.450387624465293,-30.181864376955176,-32.57677352550627
950,4.5,+0.25,0.1,10,-31.681700492799777,-31.389518992061607,-29.896613299574728,-32.44543292897198
950,4.5,+0.25,0.55,-1,-32.22432230253143,-31.391015442962274,-30.481382407458796,-32.58504582053353
950,4.5,+0.25,0.55,2,-32.2229723662715,-31.423926648818288,-30.526967372543893,-32.388951490294325
950,4.5,+0.25,0.55,10,-31.971022068604572,-31.487987040026233,-30.362632733104498,-32.273241477687044
950,4.5,+0.25,0.85,-1,-32.078304473224335,-31.52191616348299,-30.631945368702635,-32.588212970130925
950,4.5,+0.25,0.85,2,-32.157604941163854,-31.651150244178012,-30.712204977829323,-32.486968025147576
950,4.5,+0.25,0.85,10,-32.005992490846516,-31.63425928642343,-30.83287218344769,-32.14559851558122
950,4.5,+0.5,0.1,-1,-31.83515436999064,-31.3356387450351,-30.27070071242487,-32.638092489258746
950,4.5,+0.5,0.1,2,-31.817480795029418,-31.36191070206797,-30.15331002738691,-32.48816715699509
950,4.5,+0.5,0.1,10,-31.573466925762443,-31.346299807345726,-29.929935189355316,-32.38826691283501
950,4.5,+0.5,0.55,-1,-32.21818045317402,-31.376374348259922,-30.55157567231539,-32.508052071661474
950,4.5,+0.5,0.55,2,-32.23276087055948,-31.4263905770383,-30.577194044253172,-32.2835041061147
950,4.5,+0.5,0.55,10,-31.94929405146581,-31.50245595692624,-30.353740130990396,-32.18237291266823
950,4.5,+0.5,0.85,-1,-32.014057505443965,-31.594598955544093,-30.733703699143415,-32.51163316656482
950,4.5,+0.5,0.85,2,-32.023368757724356,-31.616927934184243,-30.801202067186487,-32.35405646484439
950,4.5,+0.5,0.85,10,-31.99309737797303,-31.57126183484585,-30.911738845734675,-31.98160961224637
950,4.5,+0.75,0.1,-1,-31.771133014503974,-31.2783811826571,-30.34486798183221,-32.58514028028943
950,4.5,+0.75,0.1,2,-31.780346839182233,-31.321615606737154,-30.15050606811276,-32.41493835333606
950,4.5,+0.75,0.1,10,-31.463019605003243,-31.264248071063424,-29.944341109039776,-32.32237706085528
950,4.5,+0.75,0.55,-1,-32.19777852134343,-31.400216335697316,-30.672302406316415,-32.44236049037663
950,4.5,+0.75,0.55,2,-32.093899113639715,-31.404874329895357,-30.63663173028969,-32.206292711243286
950,4.5,+0.75,0.55,10,-31.840058308132285,-31.498537944636773,-30.20653783522657,-32.09648171804708
950,4.5,+0.75,0.85,-1,-31.934366210398757,-31.654665376811426,-30.833608913929588,-32.42929852829195
950,4.5,+0.75,0.85,2,-31.94942073183575,-31.680125611119486,-30.908686814628865,-32.24235012880327
950,4.5,+0.75,0.85,10,-32.038694554274436,-31.71951045274107,-31.06121136884177,-31.83369509443429
950,4.5,+1.0,0.1,-1,-31.71069086629284,-31.209490712492478,-30.40749936029384,-32.52104266316014
950,4.5,+1.0,0.1,2,-31.701016609950358,-31.284019449850575,-30.14448331870694,-32.344951886495224
950,4.5,+1.0,0.1,10,-31.404611653932033,-31.19306383683135,-29.999818607326006,-32.27061067797641
950,4.5,+1.0,0.55,-1,-31.954629547282106,-31.30265457424018,-30.803670018931996,-32.38488407411357
950,4.5,+1.0,0.55,2,-31.978628366521566,-31.382694163136332,-30.715686242293437,-32.14471843674957
950,4.5,+1.0,0.55,10,-31.71810545949778,-31.453718189170743,-30.194095060480315,-32.01356209022224
950,4.5,+1.0,0.85,-1,-32.22118389536791,-31.791474722408857,-30.882770469568417,-32.317650685533714
950,4.5,+1.0,0.85,2,-32.25254035563434,-31.83511538670485,-30.987172202382133,-31.99304451805918
950,4.5,+1.0,0.85,10,-32.06326001906943,-31.796985197031464,-31.07889406774857,-31.663705686681816
950,5.0,-2.5,0.1,-1,-31.122908074897545,-31.47603597985529,-30.91693305781225,-32.806810665387545
950,5.0,-2.5,0.1,2,-31.120317480598064,-31.47451989753208,-30.92068147457543,-32.807308650902755
950,5.0,-2.5,0.1,10,-31.132991377148613,-31.466341410453982,-30.903826244208553,-32.809036500141985
950,5.0,-2.5,0.55,-1,-31.164679913862518,-31.511406736992896,-30.92295197659243,-32.795646490481715
950,5.0,-2.5,0.55,2,-31.16424879277108,-31.51147017437929,-30.92400400745462,-32.7956029672531
950,5.0,-2.5,0.55,10,-31.176033323617446,-31.49919109745593,-30.89486996621048,-32.795121389334476
950,5.0,-2.5,0.85,-1,-31.162896166772015,-31.578604314176943,-30.986429793308833,-32.81446144600674
950,5.0,-2.5,0.85,2,-31.14707735967615,-31.570965470242154,-31.005308334543944,-32.82055051372985
950,5.0,-2.5,0.85,10,-31.171700433740916,-31.563036447288447,-30.972123847659276,-32.81694364476191
950,5.0,-2.0,0.1,-1,-31.3277823862496,-31.437147548166706,-30.80494550298551,-32.88120579889871
950,5.0,-2.0,0.1,2,-31.32746015522821,-31.434127134293423,-30.816851567131877,-32.88281338400872
950,5.0,-2.0,0.1,10,-31.328889004017956,-31.429850998324582,-30.81674392193687,-32.88300343036882
950,5.0,-2.0,0.55,-1,-31.38731648649092,-31.53962675728545,-30.86463671467323,-32.87771035008164
950,5.0,-2.0,0.55,2,-31.384704048348212,-31.540345757156167,-30.87191774386539,-32.87682329624965
950,5.0,-2.0,0.85,-1,-31.31403288451109,-31.632896643677096,-30.984830384953476,-32.923118804139506
950,5.0,-2.0,0.85,2,-31.315451055464543,-31.631869917867398,-30.98462332375576,-32.91907129181322
950,5.0,-2.0,0.85,10,-31.32967591981686,-31.619027356421295,-30.97323957305399,-32.907163933414445
950,5.0,-1.5,0.1,-1,-31.524192046462552,-31.37738991127783,-30.590175006371616,-32.956210571571724
950,5.0,-1.5,0.1,2,-31.530234063195554,-31.372770266701785,-30.60683540410775,-32.949887065813606
950,5.0,-1.5,0.1,10,-31.520946431007395,-31.390478011590183,-30.624426974224207,-32.92172383600135
950,5.0,-1.5,0.55,-1,-31.594990667798225,-31.4890241387985,-30.698405111451947,-32.95738307920465
950,5.0,-1.5,0.55,2,-31.593478721440338,-31.488310787777053,-30.706200698647137,-32.95013711718543
950,5.0,-1.5,0.55,10,-31.593626991362832,-31.527059303501655,-30.739451203349972,-32.874670531431335
950,5.0,-1.5,0.85,-1,-31.51720997302425,-31.59780193931004,-30.799608039487765,-32.98070659675743
950,5.0,-1.5,0.85,2,-31.511087858447272,-31.596910771778624,-30.822593208304298,-32.97639962335494
950,5.0,-1.5,0.85,10,-31.524564858887185,-31.60216770836485,-30.829022532814875,-32.91239254381296
950,5.0,-1.0,0.1,-1,-31.714411197653508,-31.342878861615535,-30.31121473630717,-32.955722370792145
950,5.0,-1.0,0.1,2,-31.695980078139097,-31.364443249075546,-30.349231595869917,-32.956885923668494
950,5.0,-1.0,0.1,10,-31.70223381247957,-31.38581813052578,-30.356631331387174,-32.83475605288221
950,5.0,-1.0,0.55,-1,-31.714276112204413,-31.484780482830402,-30.537709113054667,-32.983727018173084
950,5.0,-1.0,0.55,2,-31.704211259677628,-31.506904021264383,-30.554876297525556,-32.977763312085855
950,5.0,-1.0,0.55,10,-31.735875825678995,-31.57932481063392,-30.601501473290003,-32.78511628139674
950,5.0,-1.0,0.85,-1,-31.748462430464407,-31.485914851098368,-30.58599011144747,-32.96028000082323
950,5.0,-1.0,0.85,2,-31.726914113701067,-31.521192524650772,-30.613626652220944,-32.95474026513601
950,5.0,-1.0,0.85,10,-31.782964181320153,-31.58352011065158,-30.640673812094622,-32.73592808300921
950,5.0,-0.5,0.1,-1,-31.935308122639967,-31.324455338216293,-30.062545167549363,-32.85536329594291
950,5.0,-0.5,0.1,2,-31.922312766748586,-31.35984560468204,-30.05459845958893,-32.852871622462956
950,5.0,-0.5,0.1,10,-31.8780546786698,-31.39914797011279,-30.056495586347634,-32.69439667494689
950,5.0,-0.5,0.55,-1,-32.017098729447035,-31.39775606736025,-30.326903365694665,-32.85364839303659
950,5.0,-0.5,0.55,2,-31.996856145704527,-31.42424821869042,-30.312383244331606,-32.83480698131497
950,5.0,-0.5,0.55,10,-31.968747557025413,-31.528916300841328,-30.382265619640446,-32.601053462099024
950,5.0,-0.5,0.85,-1,-31.99404422630714,-31.353292465126174,-30.403772034188865,-32.84355723889814
950,5.0,-0.5,0.85,2,-31.990654767308442,-31.392876914834925,-30.393843804290803,-32.81893771143089
950,5.0,-0.5,0.85,10,-31.998445505201158,-31.514121132442753,-30.510347251780225,-32.54847947762557
950,5.0,-0.25,0.1,-1,-31.925534661183192,-31.38435466230812,-30.058735208165295,-32.82100043843748
950,5.0,-0.25,0.1,2,-31.92685502608249,-31.414440520440372,-30.021142581431977,-32.807072078543584
950,5.0,-0.25,0.1,10,-31.860130899606787,-31.450113427342696,-29.990325905558798,-32.641959185744525
950,5.0,-0.25,0.55,-1,-32.06678573351113,-31.441048546204925,-30.30334125215507,-32.79228885354104
950,5.0,-0.25,0.55,2,-32.049774809032996,-31.462013737958095,-30.283493964323917,-32.76160287190202
950,5.0,-0.25,0.55,10,-31.97449865268488,-31.592512437618794,-30.416151179630827,-32.5385426267299
950,5.0,-0.25,0.85,-1,-32.02619143128911,-31.40841256860047,-30.418841823484918,-32.796912226314525
950,5.0,-0.25,0.85,2,-32.025966535506726,-31.442930183872893,-30.41161614451309,-32.75293008291618
950,5.0,-0.25,0.85,10,-31.97319311356502,-31.593040454398643,-30.55671069680489,-32.493836085919874
950,5.0,+0.0,0.1,-1,-31.948222954816433,-31.39366455299825,-30.044935640104487,-32.767748749877256
950,5.0,+0.0,0.1,2,-31.95453865346988,-31.413445934702672,-30.00051244643273,-32.74351458078201
950,5.0,+0.0,0.1,10,-31.903258697226647,-31.44558015107644,-29.882823634111798,-32.5601822555516
950,5.0,+0.0,0.55,-1,-32.02552269413988,-31.45386945979741,-30.351128141058496,-32.74781990414682
950,5.0,+0.0,0.55,2,-32.027098250467915,-31.47754107209291,-30.349225043781637,-32.687641130560095
950,5.0,+0.0,0.55,10,-32.01084946592046,-31.489103821926776,-30.271556978055965,-32.45201935887756
950,5.0,+0.0,0.85,-1,-32.159897664294036,-31.51767396671474,-30.437185944094416,-32.73535866246133
950,5.0,+0.0,0.85,2,-32.119145348108866,-31.53172520728205,-30.460860990958857,-32.645726842726994
950,5.0,+0.0,0.85,10,-31.96698206179423,-31.61695957118845,-30.632444377368735,-32.39141757846208
950,5.0,+0.25,0.1,-1,-31.971337043935726,-31.37209883757377,-30.042739701849705,-32.71285623095908
950,5.0,+0.25,0.1,2,-31.97684236489396,-31.38887691805282,-30.010506679417386,-32.671020110672046
950,5.0,+0.25,0.1,10,-31.75908753903675,-31.464516867530637,-29.769029003621732,-32.49451008196885
950,5.0,+0.25,0.55,-1,-32.16191963194211,-31.37386748065218,-30.313952233968312,-32.653064659330376
950,5.0,+0.25,0.55,2,-32.1656483041466,-31.399076187296828,-30.33811843618647,-32.54527300663567
950,5.0,+0.25,0.55,10,-31.972442535259983,-31.523236544014807,-30.301613545935098,-32.37888940787189
950,5.0,+0.25,0.85,-1,-32.12011817689245,-31.558325119716297,-30.486351571233833,-32.67159863753757
950,5.0,+0.25,0.85,2,-32.15532716835254,-31.61170597166994,-30.540497433716872,-32.51368798478571
950,5.0,+0.25,0.85,10,-32.14332615406675,-31.650281795327718,-30.530772804276744,-32.28715443458763
950,5.0,+0.5,0.1,-1,-32.043813856006814,-31.445399544257345,-30.100244961826945,-32.67978042421047
950,5.0,+0.5,0.1,2,-32.03969751498192,-31.461005543108694,-30.080419309536847,-32.59511519103154
950,5.0,+0.5,0.1,10,-31.674922619320004,-31.444385899265995,-29.74952091943461,-32.430444918585444
950,5.0,+0.5,0.55,-1,-32.125029539824446,-31.40383244337699,-30.380920244848078,-32.58644505835055
950,5.0,+0.5,0.55,2,-32.135361761862754,-31.434768103879975,-30.428750953232246,-32.42124288877272
950,5.0,+0.5,0.55,10,-32.061916780399685,-31.5452169967012,-30.239351306852434,-32.284264340729806
950,5.0,+0.5,0.85,-1,-32.257008391892114,-31.542976908531507,-30.48626597698327,-32.56964536169397
950,5.0,+0.5,0.85,2,-32.26611804026619,-31.577888630809092,-30.57050941397054,-32.359165963195935
950,5.0,+0.5,0.85,10,-32.04134592935338,-31.6442213029606,-30.69767014709776,-32.1545464915762
950,5.0,+0.75,0.1,-1,-31.841739330303604,-31.35940852154109,-30.165268976834962,-32.63326630688498
950,5.0,+0.75,0.1,2,-31.84620395842522,-31.39114113294578,-30.110424389559732,-32.50939815368616
950,5.0,+0.75,0.1,10,-31.608198015636756,-31.384915858895482,-29.756331616285646,-32.36570055496765
950,5.0,+0.75,0.55,-1,-32.165695576860635,-31.413952590291984,-30.4862034396201,-32.51910170984622
950,5.0,+0.75,0.55,2,-32.128369801286496,-31.41770785747712,-30.518135988315223,-32.308843917260894
950,5.0,+0.75,0.55,10,-31.94546710102793,-31.51918289772942,-30.212410538076583,-32.19551305765039
950,5.0,+0.75,0.85,-1,-32.299763531200966,-31.67147326314268,-30.571840722867364,-32.48900796503805
950,5.0,+0.75,0.85,2,-32.31852742883673,-31.70953518388055,-30.673400287694555,-32.23653544775671
950,5.0,+0.75,0.85,10,-32.01343349410919,-31.544858804252442,-30.779902743031535,-31.987796963158054
950,5.0,+1.0,0.1,-1,-31.798666026569467,-31.319160336291393,-30.245340059212005,-32.5807681300569
950,5.0,+1.0,0.1,2,-31.80808259831499,-31.360447260112284,-30.110699414531602,-32.43322764044991
950,5.0,+1.0,0.1,10,-31.57275476409197,-31.344377783554794,-29.816329520590514,-32.31442867653365
950,5.0,+1.0,0.55,-1,-32.25999437405714,-31.47731706083462,-30.597285138347367,-32.448595125933196
950,5.0,+1.0,0.55,2,-32.27467610815691,-31.523749096285066,-30.604645478684983,-32.22937477888954
950,5.0,+1.0,0.55,10,-31.762554264329413,-31.499894670661213,-30.173010278629107,-32.11099802326019
950,5.0,+1.0,0.85,-1,-32.2831233714771,-31.73981379877204,-30.688739647605317,-32.407324358944216
950,5.0,+1.0,0.85,2,-32.29633686979474,-31.771444161415744,-30.82148196260902,-32.1373358633289
950,5.0,+1.0,0.85,10,-32.104982711168134,-31.648777759213207,-30.919426280564217,-31.829806978465378
950,5.25,-2.5,0.1,-1,-31.107786086621694,-31.469792293876168,-30.894077762529243,-32.783050740402174
950,5.25,-2.5,0.1,2,-31.10765160966431,-31.469783430602313,-30.894393128088158,-32.78300482893586
950,5.25,-2.5,0.1,10,-31.11701942880527,-31.456512724160746,-30.87727511611712,-32.78597280288666
950,5.25,-2.5,0.55,-1,-31.136026966340786,-31.554089117835915,-30.954946634755444,-32.79156452222382
950,5.25,-2.5,0.55,2,-31.111691837242933,-31.532442430440618,-30.98420336528481,-32.79895859331941
950,5.25,-2.5,0.55,10,-31.13301169853857,-31.52561911188567,-30.953992376421134,-32.798817581980394
950,5.25,-2.5,0.85,-1,-31.129644690517306,-31.548842821563632,-30.96188291470405,-32.791931841319915
950,5.25,-2.5,0.85,2,-31.129450555094035,-31.548793595838728,-30.962252558547966,-32.791918362794505
950,5.25,-2.5,0.85,10,-31.143115657179365,-31.537644950861825,-30.944123445729627,-32.794416277309146
950,5.25,-2.0,0.1,-1,-31.28511884773179,-31.46550835335023,-30.833333977372696,-32.870065838124404
950,5.25,-2.0,0.1,2,-31.2821630179037,-31.465516800605755,-30.838872178729964,-32.870692490526224
950,5.25,-2.0,0.1,10,-31.2927434267177,-31.443505476917668,-30.82171980708283,-32.870106443977264
950,5.25,-2.0,0.55,-1,-31.301665757203935,-31.59662527938476,-30.943694148039597,-32.899029942557746
950,5.25,-2.0,0.55,2,-31.300940094356278,-31.595578594801562,-30.947614467457182,-32.89872698410708
950,5.25,-2.0,0.55,10,-31.318784162220524,-31.57623913102192,-30.92565228683846,-32.891003192259404
950,5.25,-2.0,0.85,-1,-31.31729107784121,-31.612405745299984,-30.967638931067395,-32.88778402335592
950,5.25,-2.0,0.85,2,-31.320723135996182,-31.611823948320215,-30.96161925963059,-32.88286017131126
950,5.25,-2.0,0.85,10,-31.344338343394305,-31.591185386748744,-30.919277868959124,-32.87385220048422
950,5.25,-1.5,0.1,-1,-31.503349881329434,-31.37504314015686,-30.62512563641777,-32.93488344940488
950,5.25,-1.5,0.1,2,-31.492630326304386,-31.38072082580864,-30.64468163331274,-32.93435531143889
950,5.25,-1.5,0.1,10,-31.509342550197918,-31.361902563279184,-30.62361784579143,-32.91335276988989
950,5.25,-1.5,0.55,-1,-31.51242839374653,-31.553181685503297,-30.7574274598269,-32.96220717453587
950,5.25,-1.5,0.55,2,-31.52084012124583,-31.561066147596073,-30.780566971177823,-32.962071337330386
950,5.25,-1.5,0.55,10,-31.55199266333621,-31.541867009737373,-30.75590451786661,-32.911347433578854
950,5.25,-1.5,0.85,-1,-31.56990936140209,-31.564620685172518,-30.76490192462169,-32.93594607677037
950,5.25,-1.5,0.85,2,-31.576163826479853,-31.57196863475129,-30.78503847867342,-32.933942688454366
950,5.25,-1.5,0.85,10,-31.61422302151618,-31.552149583575716,-30.757819636763077,-32.875450822224046
950,5.25,-1.0,0.1,-1,-31.826527460316175,-31.26710586092208,-30.267662975059487,-32.93052591167642
950,5.25,-1.0,0.1,2,-31.85448377814393,-31.30102544879366,-30.300557675093096,-32.92994132360952
950,5.25,-1.0,0.1,10,-31.8525828089428,-31.311313773970497,-30.29229337804297,-32.84788155782158
950,5.25,-1.0,0.55,-1,-31.791965251001812,-31.420462211398533,-30.46662322384283,-32.95657991350831
950,5.25,-1.0,0.55,2,-31.769478701702702,-31.44932316477775,-30.503666951712816,-32.95611534965518
950,5.25,-1.0,0.55,10,-31.821974243764075,-31.485543700839543,-30.50408282905943,-32.77800754124676
950,5.25,-1.0,0.85,-1,-31.872864156141617,-31.412659675694844,-30.48114789424198,-32.92644295548343
950,5.25,-1.0,0.85,2,-31.805697093014732,-31.423716636430477,-30.515714548303883,-32.92609597499898
950,5.25,-1.0,0.85,10,-31.930682343225545,-31.47033427354435,-30.495745376879057,-32.757850426631
950,5.25,-0.5,0.1,-1,-31.97664486593827,-31.250021763925243,-30.023617031380677,-32.86029130693238
950,5.25,-0.5,0.1,2,-31.974154546584572,-31.289440341624886,-30.00422373311239,-32.85038026430934
950,5.25,-0.5,0.1,10,-31.96049999077227,-31.32766735971802,-29.99764112072163,-32.69008298112549
950,5.25,-0.5,0.55,-1,-32.08036874578285,-31.341078495444496,-30.28018490784264,-32.87022687903027
950,5.25,-0.5,0.55,2,-32.04754433974722,-31.35464297965534,-30.246862426272735,-32.84254343645681
950,5.25,-0.5,0.55,10,-32.062233405814965,-31.455532608131062,-30.31518850468519,-32.60693915049806
950,5.25,-0.5,0.85,-1,-31.882378586038882,-31.431126086830105,-30.440948527758216,-32.90188521081719
950,5.25,-0.5,0.85,2,-31.889650857852196,-31.46931348977235,-30.431350796540556,-32.874391818427185
950,5.25,-0.5,0.85,10,-31.966420551571247,-31.532340189355743,-30.486850973829185,-32.59339359820352
950,5.25,-0.25,0.1,-1,-31.97755636188219,-31.330605028691,-30.008112708140054,-32.831589291805294
950,5.25,-0.25,0.1,2,-31.982956896073325,-31.370538951446775,-29.971564648750515,-32.818315969654684
950,5.25,-0.25,0.1,10,-31.930963166293623,-31.412388697969572,-29.946559370772267,-32.648562498151556
950,5.25,-0.25,0.55,-1,-32.088424492920694,-31.36910691984324,-30.24408555307394,-32.81440186862164
950,5.25,-0.25,0.55,2,-32.09285540675996,-31.404499966875395,-30.21882413109349,-32.780171087710784
950,5.25,-0.25,0.55,10,-32.05073031583714,-31.538495013794577,-30.33269808559129,-32.56189228362614
950,5.25,-0.25,0.85,-1,-32.04356369064027,-31.34509275995611,-30.35743705701308,-32.81946465165574
950,5.25,-0.25,0.85,2,-32.045241441542316,-31.38574777288055,-30.3467302990089,-32.773673503210226
950,5.25,-0.25,0.85,10,-32.038725047119065,-31.49747198655966,-30.436084941580724,-32.50772962481499
950,5.25,+0.0,0.1,-1,-31.968203140740922,-31.384208179615264,-30.001142850558658,-32.78899215878654
950,5.25,+0.0,0.1,2,-31.970650712953258,-31.412659025147338,-29.956749549440733,-32.764967908059425
950,5.25,+0.0,0.1,10,-31.885610962974663,-31.461434495518784,-29.883412197703663,-32.59683120300289
950,5.25,+0.0,0.55,-1,-32.10331748702298,-31.42741461332991,-30.284016676510767,-32.77341045623516
950,5.25,+0.0,0.55,2,-32.043317894947606,-31.450314740419614,-30.27389818040377,-32.70787386063861
950,5.25,+0.0,0.55,10,-32.042451959110345,-31.560097533367127,-30.343012008602386,-32.48844168512043
950,5.25,+0.0,0.85,-1,-32.179470119894674,-31.456733298435008,-30.361583800356865,-32.761229508032066
950,5.25,+0.0,0.85,2,-32.14325930011177,-31.482876825864913,-30.38360636031029,-32.67180248040163
950,5.25,+0.0,0.85,10,-32.01158506281293,-31.56597126529946,-30.520056222198605,-32.43054312140101
950,5.25,+0.25,0.1,-1,-31.974435981061667,-31.417997031166056,-30.02133019187959,-32.74987493438057
950,5.25,+0.25,0.1,2,-31.902252099618273,-31.428169385355705,-29.98511239890189,-32.699895701306886
950,5.25,+0.25,0.1,10,-31.868874457530673,-31.4723028062191,-29.795391434989117,-32.525695853051275
950,5.25,+0.25,0.55,-1,-32.068073621910365,-31.418857207284148,-30.305180455790996,-32.711753850454876
950,5.25,+0.25,0.55,2,-32.09167003600718,-31.46347932915645,-30.32821764100543,-32.58605277958382
950,5.25,+0.25,0.55,10,-31.906079055803044,-31.506393427699795,-30.23930411473021,-32.4278759046506
950,5.25,+0.25,0.85,-1,-32.27136128306496,-31.559299227182684,-30.386577796747197,-32.6950622727473
950,5.25,+0.25,0.85,2,-32.27792392833723,-31.601816797058035,-30.435484655520444,-32.533338529638584
950,5.25,+0.25,0.85,10,-32.15265872767223,-31.59207867939837,-30.52914021100144,-32.36880224523316
950,5.25,+0.5,0.1,-1,-31.953990670323485,-31.39051122936558,-30.030026113189706,-32.696920980180195
950,5.25,+0.5,0.1,2,-31.96035332995099,-31.414122073390228,-30.006998184882647,-32.603110578621724
950,5.25,+0.5,0.1,10,-31.762503456435176,-31.494459725780967,-29.71750907379493,-32.46276588578434
950,5.25,+0.5,0.55,-1,-32.24741689455966,-31.53255539065544,-30.347084025963053,-32.64264009685273
950,5.25,+0.5,0.55,2,-32.1479279446091,-31.519367803125412,-30.37697041455801,-32.45019771562555
950,5.25,+0.5,0.55,10,-31.999266808376685,-31.547682396763683,-30.242851784380818,-32.350952752831354
950,5.25,+0.5,0.85,-1,-32.327457092656225,-31.65639206267148,-30.44379768828495,-32.62569418770604
950,5.25,+0.5,0.85,2,-32.32951138739519,-31.69466107723249,-30.530783741583036,-32.39636089450034
950,5.25,+0.5,0.85,10,-32.13118012490783,-31.615200335652176,-30.551494854636204,-32.2273537189042
950,5.25,+0.75,0.1,-1,-31.884264027915847,-31.387842910451024,-30.09006450564439,-32.658403212807805
950,5.25,+0.75,0.1,2,-31.891583593327177,-31.423387251149922,-30.03060925615399,-32.52198304465305
950,5.25,+0.75,0.1,10,-31.67447524554749,-31.460634418652404,-29.705509426820594,-32.40150757247476
950,5.25,+0.75,0.55,-1,-32.47362406336714,-31.564133885293813,-30.359467714767696,-32.54666790614835
950,5.25,+0.75,0.55,2,-32.511416210702016,-31.62582406500084,-30.407473125016903,-32.321996440588656
950,5.25,+0.75,0.55,10,-32.03517069025088,-31.570473223462912,-30.21086853006464,-32.25578393019011
950,5.25,+0.75,0.85,-1,-32.33422371160884,-31.748595709284906,-30.498828030123466,-32.53867202929375
950,5.25,+0.75,0.85,2,-32.3197938529889,-31.78434827462498,-30.630949683620415,-32.27471023903385
950,5.25,+0.75,0.85,10,-32.12984501891288,-31.67355611040162,-30.676576999369903,-32.08498477869702
950,5.25,+1.0,0.1,-1,-31.82817512396759,-31.356874714178282,-30.158444030615293,-32.60805085807939
950,5.25,+1.0,0.1,2,-31.831895424851147,-31.402064825341093,-30.02468422707129,-32.44481232286135
950,5.25,+1.0,0.1,10,-31.600306081936587,-31.38880223786552,-29.69556291140616,-32.32610603558396
950,5.25,+1.0,0.55,-1,-32.23985598256099,-31.46000328062843,-30.48774612047085,-32.481608522436744
950,5.25,+1.0,0.55,2,-32.28469608369198,-31.499312718799132,-30.514228442481656,-32.237752370515885
950,5.25,+1.0,0.55,10,-31.915104909674238,-31.535352289402727,-30.169125358285957,-32.15844410016386
950,5.25,+1.0,0.85,-1,-32.473348289691124,-31.90268907147914,-30.60356576270393,-32.45721833844709
950,5.25,+1.0,0.85,2,-32.52191094312708,-31.94860001667784,-30.723805907384175,-32.15303828550566
950,5.25,+1.0,0.85,10,-32.18075895195905,-31.67680355652104,-30.74937419197219,-31.919909514030035
1000,3.5,-2.5,0.1,-1,-31.65364639977004,-31.602594631490057,-31.056283368299432,-32.97030879573038
1000,3.5,-2.5,0.1,2,-31.64991559465063,-31.604305545469572,-31.076959386947326,-32.96638788806633
1000,3.5,-2.5,0.1,10,-31.64899208119799,-31.592460560033647,-31.0787655000954,-32.94903974821268
1000,3.5,-2.5,0.55,-1,-31.700379390148342,-31.730792089224316,-31.132055863974276,-32.98237029541228
1000,3.5,-2.5,0.55,2,-31.68242331645972,-31.730713026553804,-31.168053141456756,-32.98564184808928
1000,3.5,-2.5,0.55,10,-31.701908995077556,-31.72282704715634,-31.153605928638836,-32.944490605160716
1000,3.5,-2.5,0.85,-1,-31.69068637408573,-31.76323717971348,-31.17331846623573,-32.98646069417504
1000,3.5,-2.5,0.85,2,-31.675612500234394,-31.75909889860694,-31.195405560172105,-32.98347109766819
1000,3.5,-2.5,0.85,10,-31.69735011382293,-31.76080129163126,-31.18689898907848,-32.94117927461446
1000,3.5,-2.0,0.1,-1,-31.728503200583546,-31.64756675928405,-31.064560266234178,-33.08580906110666
1000,3.5,-2.0,0.1,2,-31.73770707029956,-31.641262054966592,-31.07257786771686,-33.07590884421664
1000,3.5,-2.0,0.1,10,-31.735275173652543,-31.634875973369816,-31.0739346751062,-33.015984449386394
1000,3.5,-2.0,0.55,-1,-31.87153106337842,-31.70615798229953,-31.07146265133518,-33.04513506371242
1000,3.5,-2.0,0.55,2,-31.859631975731904,-31.71012033534477,-31.095906734416687,-33.04249891835354
1000,3.5,-2.0,0.55,10,-31.871330555211674,-31.727266512823363,-31.121146162189408,-32.96007037696086
1000,3.5,-2.0,0.85,-1,-31.805751699022018,-31.808622262079833,-31.203203590738035,-33.07382688599318
1000,3.5,-2.0,0.85,2,-31.794232953829695,-31.798314354703514,-31.21508893455796,-33.0702195042787
1000,3.5,-2.0,0.85,10,-31.804914479920665,-31.831871274559997,-31.24630450294594,-32.96793359402942
1000,3.5,-1.5,0.1,-1,-31.802672394533587,-31.666463585956315,-30.944235093710695,-33.112361953035375
1000,3.5,-1.5,0.1,2,-31.788323182655986,-31.67848250945927,-30.96398557659934,-33.112767227897805
1000,3.5,-1.5,0.1,10,-31.75324073577096,-31.670205322547847,-30.97110584380321,-33.011075396973595
1000,3.5,-1.5,0.55,-1,-31.88144391791274,-31.771511645928033,-31.088827279560206,-33.08105083154362
1000,3.5,-1.5,0.55,2,-31.858278032703513,-31.77616556935572,-31.123706150920892,-33.08004561612056
1000,3.5,-1.5,0.55,10,-31.79191763605146,-31.84575230628368,-31.21135974328064,-32.918660625461186
1000,3.5,-1.5,0.85,-1,-31.888689542476612,-31.79068169782331,-31.145217484155868,-33.060459286338315
1000,3.5,-1.5,0.85,2,-31.871937278770012,-31.798868373359383,-31.166828173550428,-33.05326150173027
1000,3.5,-1.5,0.85,10,-31.862049006963602,-31.86863237240202,-31.245367531327478,-32.892841335524196
1000,3.5,-1.0,0.1,-1,-31.96714450742644,-31.673523257638394,-30.751129652480785,-33.018224081175816
1000,3.5,-1.0,0.1,2,-31.94955820048737,-31.678286445788714,-30.772314868449367,-33.018340693115334
1000,3.5,-1.0,0.1,10,-31.74240950795651,-31.646027865105253,-30.775135037919238,-32.899114350850326
1000,3.5,-1.0,0.55,-1,-32.03591645156489,-31.73071005559177,-30.95362256758659,-32.94446882337344
1000,3.5,-1.0,0.55,2,-32.03693026074126,-31.74092263331787,-30.94810764275239,-32.931820458362274
1000,3.5,-1.0,0.55,10,-31.829679873080394,-31.846970150227136,-31.125558809124307,-32.81475344095578
1000,3.5,-1.0,0.85,-1,-31.88674358261517,-31.82357381576106,-31.136581154480997,-32.971649058557894
1000,3.5,-1.0,0.85,2,-31.885396218580027,-31.834101451702253,-31.138868927054318,-32.953743628328695
1000,3.5,-1.0,0.85,10,-31.886314804525718,-31.924378716258435,-31.277801317326897,-32.731401059540744
1000,3.5,-0.5,0.1,-1,-31.86497425956039,-31.692667434802622,-30.7959399926033,-32.94545615714311
1000,3.5,-0.5,0.1,2,-31.865462766125074,-31.695714038107102,-30.786495961115484,-32.93259529979054
1000,3.5,-0.5,0.1,10,-31.824248037066308,-31.60197699538141,-30.594774419593666,-32.75339498500682
1000,3.5,-0.5,0.55,-1,-31.912697902752743,-31.760610099354256,-31.127971537777007,-32.86525592640207
1000,3.5,-0.5,0.55,2,-31.91427248632202,-31.768853034350638,-31.13943219530332,-32.82296365434991
1000,3.5,-0.5,0.55,10,-31.984639234176942,-31.811006533596725,-31.023644893620066,-32.61494791553154
1000,3.5,-0.5,0.85,-1,-31.894752686324708,-31.837215954991475,-31.23364794153084,-32.84369133267142
1000,3.5,-0.5,0.85,2,-31.89781402859955,-31.848982196861115,-31.257767194950663,-32.78295213089664
1000,3.5,-0.5,0.85,10,-31.76907753249867,-31.95960074861139,-31.40715796330996,-32.59573845316036
1000,3.5,-0.25,0.1,-1,-32.074127610342245,-31.595278499541884,-30.725677772712952,-32.84618529288833
1000,3.5,-0.25,0.1,2,-32.07305872785461,-31.599934802367656,-30.71608039236008,-32.825784685551326
1000,3.5,-0.25,0.1,10,-31.707245268362026,-31.588953674655507,-30.58183082383904,-32.69900415738202
1000,3.5,-0.25,0.55,-1,-32.11375085409028,-31.679387248147336,-31.08971768340087,-32.755480328106216
1000,3.5,-0.25,0.55,2,-32.1170545730279,-31.691342008623444,-31.10412959602354,-32.69559961747892
1000,3.5,-0.25,0.55,10,-31.738395545691723,-31.780850154828343,-30.92022795707293,-32.61067537702108
1000,3.5,-0.25,0.85,-1,-31.807976709699453,-31.851653121714932,-31.332344713580728,-32.78712666804056
1000,3.5,-0.25,0.85,2,-31.815574519359934,-31.86823524660651,-31.363707423452105,-32.70150967997787
1000,3.5,-0.25,0.85,10,-31.967568387955456,-31.929208919733128,-31.391002587721218,-32.380981159262284
1000,3.5,+0.0,0.1,-1,-31.963308625205123,-31.538018058153042,-30.80701528845004,-32.80503941440766
1000,3.5,+0.0,0.1,2,-31.977459180984816,-31.571176510386497,-30.797691742374557,-32.76800603121401
1000,3.5,+0.0,0.1,10,-31.617403014621047,-31.541120003442256,-30.577922573115245,-32.635484211093186
1000,3.5,+0.0,0.55,-1,-32.024186467742354,-31.67911866175345,-31.215856469104683,-32.71120464738391
1000,3.5,+0.0,0.55,2,-32.03630327922336,-31.703326672110116,-31.20955243014553,-32.6318766926756
1000,3.5,+0.0,0.55,10,-31.89092922234767,-31.720879834051956,-30.842004060698933,-32.43648480710864
1000,3.5,+0.0,0.85,-1,-32.04867932302192,-31.879794344121972,-31.32378744911601,-32.67249374816939
1000,3.5,+0.0,0.85,2,-32.059252469435975,-31.899173507104944,-31.353688919556983,-32.56717773686625
1000,3.5,+0.0,0.85,10,-31.876188930961916,-31.94841446812806,-31.518683339826488,-32.28203123367488
1000,3.5,+0.25,0.1,-1,-31.865507882564227,-31.484044480731782,-30.911330870166523,-32.76213827039984
1000,3.5,+0.25,0.1,2,-31.866969956725065,-31.515698647364886,-30.820784665259087,-32.70302075476286
1000,3.5,+0.25,0.1,10,-31.65562477287654,-31.42906968427073,-30.52719031051045,-32.53715749037048
1000,3.5,+0.25,0.55,-1,-32.316957678530045,-31.6104315713298,-31.22101076123412,-32.61763707950698
1000,3.5,+0.25,0.55,2,-32.33825259576192,-31.65754647464608,-31.204228280722074,-32.53420286147104
1000,3.5,+0.25,0.55,10,-31.901500881907857,-31.751057197128958,-30.871616841067784,-32.34596755064838
1000,3.5,+0.25,0.85,-1,-31.953153129738755,-31.91664708224856,-31.46049210769118,-32.61107543133432
1000,3.5,+0.25,0.85,2,-31.967895618829143,-31.941360209144214,-31.47840416914804,-32.488010978421016
1000,3.5,+0.25,0.85,10,-32.06510838755066,-31.947358601229343,-31.463750714177387,-32.06464580600988
1000,3.5,+0.5,0.1,-1,-31.77104481122589,-31.418775291656207,-30.9905794617298,-32.70696925026375
1000,3.5,+0.5,0.1,2,-31.774276271671816,-31.462419005944117,-30.82169250353899,-32.63443387482007
1000,3.5,+0.5,0.1,10,-31.567302255692688,-31.345846378011316,-30.56084797192455,-32.483241336798244
1000,3.5,+0.5,0.55,-1,-32.12221354466137,-31.555201034710002,-31.28392332983967,-32.550147127573304
1000,3.5,+0.5,0.55,2,-32.13312856190417,-31.596658163662713,-31.224224108528865,-32.45020996977825
1000,3.5,+0.5,0.55,10,-31.980942662423274,-31.633386486430165,-30.75883469897938,-32.19999863002699
1000,3.5,+0.5,0.85,-1,-31.87240316646092,-31.92847178940138,-31.603245113735557,-32.54330826158022
1000,3.5,+0.5,0.85,2,-31.889878569983985,-31.957667867810038,-31.610915363831328,-32.40452815445715
1000,3.5,+0.5,0.85,10,-32.03349451113885,-31.986976118688872,-31.5413613319624,-31.963635519581565
1000,3.5,+0.75,0.1,-1,-31.665431694067546,-31.324624039319197,-30.997323272578857,-32.63006827063656
1000,3.5,+0.75,0.1,2,-31.6757949183445,-31.388002967451825,-30.733160898608794,-32.513725091884105
1000,3.5,+0.75,0.1,10,-31.492266286183504,-31.283427775666922,-30.615833509041856,-32.435499706771665
1000,3.5,+0.75,0.55,-1,-32.08222866137,-31.559801546211194,-31.344495789105554,-32.499175899166545
1000,3.5,+0.75,0.55,2,-32.101721202964754,-31.647798620554973,-31.179984708885364,-32.32556967334388
1000,3.5,+0.75,0.55,10,-31.801431787534312,-31.53467362222481,-30.714332553763697,-32.114340534968875
1000,3.5,+0.75,0.85,-1,-31.785764843277768,-31.93228140182189,-31.74314165493854,-32.46240983811865
1000,3.5,+0.75,0.85,2,-31.821495945359853,-31.982182863855865,-31.740485771766785,-32.312532051022366
1000,3.5,+0.75,0.85,10,-31.993824480327675,-32.09925342025413,-31.68594528393551,-31.86829998926075
1000,3.5,+1.0,0.1,-1,-31.65328929582128,-31.270638906150133,-31.003321954120842,-32.561632686189014
1000,3.5,+1.0,0.1,2,-31.5169820003968,-31.268766759396932,-30.71699110989208,-32.43228343651887
1000,3.5,+1.0,0.1,10,-31.408623968837727,-31.213392568994355,-30.666104489852106,-32.39316013977262
1000,3.5,+1.0,0.55,-1,-31.991630475290457,-31.516674704327606,-31.311081296417477,-32.43620057396297
1000,3.5,+1.0,0.55,2,-32.00949363040448,-31.603690171098894,-31.13965015578003,-32.262565328981324
1000,3.5,+1.0,0.55,10,-31.732948380801865,-31.513331274035593,-30.75450936318139,-32.05318456536141
1000,3.5,+1.0,0.85,-1,-31.77975270006772,-31.970505941393732,-31.839260153535164,-32.38306435642623
1000,3.5,+1.0,0.85,2,-31.79743032639481,-32.003340012692775,-31.841076950883828,-32.22101386845961
1000,3.5,+1.0,0.85,10,-31.83339312101836,-32.023257215260045,-31.73701819320135,-31.750974282501275
1000,4.0,-2.5,0.1,-1,-31.599772825807996,-31.658408179042468,-31.08766774286771,-32.960914747255515
1000,4.0,-2.5,0.1,2,-31.605544024597194,-31.661742457004735,-31.087364062709707,-32.95496509850287
1000,4.0,-2.5,0.1,10,-31.604902234612695,-31.64435635151523,-31.09009727907452,-32.95267486601533
1000,4.0,-2.5,0.55,-1,-31.635250819816235,-31.777262390187428,-31.162285639788664,-32.97164795433723
1000,4.0,-2.5,0.55,2,-31.626442900043664,-31.777061717992254,-31.177923454570635,-32.972748436233346
1000,4.0,-2.5,0.55,10,-31.641481701865757,-31.76397014633284,-31.160475625496545,-32.95736565947838
1000,4.0,-2.5,0.85,-1,-31.638868248867155,-31.797453597845454,-31.170024023517705,-32.96576926674335
1000,4.0,-2.5,0.85,2,-31.634600169810867,-31.797192580659555,-31.183560316966297,-32.96500026703668
1000,4.0,-2.5,0.85,10,-31.650964992513842,-31.77977409343081,-31.168007392273722,-32.9476571627102
1000,4.0,-2.0,0.1,-1,-31.78017800045445,-31.631819233439785,-30.975022665085508,-33.03923482159887
1000,4.0,-2.0,0.1,2,-31.766316686407286,-31.63500118402528,-31.010423857738104,-33.037970172153734
1000,4.0,-2.0,0.1,10,-31.766382195157924,-31.62997391483223,-31.013744972361188,-32.98994337141415
1000,4.0,-2.0,0.55,-1,-31.814259353205145,-31.768240836648513,-31.076595722908532,-33.05252685621814
1000,4.0,-2.0,0.55,2,-31.79021163718948,-31.771978583283577,-31.126413228317805,-33.05650188727073
1000,4.0,-2.0,0.55,10,-31.808667136945633,-31.781365886328814,-31.131472150965045,-32.97574104779218
1000,4.0,-2.0,0.85,-1,-31.833410629604554,-31.788226210589063,-31.09707948843524,-33.03355191524899
1000,4.0,-2.0,0.85,2,-31.813007457407025,-31.7934211040437,-31.136803222597862,-33.03361498204341
1000,4.0,-2.0,0.85,10,-31.836063362435404,-31.803560168601614,-31.142833301259515,-32.94814049691595
1000,4.0,-1.5,0.1,-1,-31.934526727984217,-31.59114162003856,-30.790124432326003,-33.06504698608226
1000,4.0,-1.5,0.1,2,-31.914299982349583,-31.599450101091318,-30.83063721541334,-33.06705975348133
1000,4.0,-1.5,0.1,10,-31.9099430530082,-31.605180065568707,-30.82765725461305,-32.966042207459594
1000,4.0,-1.5,0.55,-1,-31.97328471086913,-31.722360527443996,-30.945836897396592,-33.06398499142133
1000,4.0,-1.5,0.55,2,-31.956303054969617,-31.729196149258428,-30.977565620300098,-33.06137482369713
1000,4.0,-1.5,0.55,10,-31.968399251612183,-31.770649218562493,-31.01470721934797,-32.90982561585869
1000,4.0,-1.5,0.85,-1,-31.830522788210107,-31.82417463636096,-31.114309998318305,-33.11018361340511
1000,4.0,-1.5,0.85,2,-31.816897489092675,-31.832452196959228,-31.145263329138007,-33.10848190734268
1000,4.0,-1.5,0.85,10,-31.824134425736958,-31.903627382545636,-31.207666632078972,-32.93050184790089
1000,4.0,-1.0,0.1,-1,-31.889758699004958,-31.71177460404933,-30.738555489965513,-33.077374097677875
1000,4.0,-1.0,0.1,2,-31.864022993994606,-31.71969197146067,-30.761766221041942,-33.08006341823741
1000,4.0,-1.0,0.1,10,-31.75897791549703,-31.713637942071877,-30.770819268575313,-32.95361150431098
1000,4.0,-1.0,0.55,-1,-31.94955060207674,-31.785434631467766,-30.94065299885377,-33.03611271433819
1000,4.0,-1.0,0.55,2,-31.932710235268683,-31.79887741913938,-30.960994930487125,-33.022197824986016
1000,4.0,-1.0,0.55,10,-31.85359957984967,-31.885076397349984,-31.066570033294315,-32.86618228980651
1000,4.0,-1.0,0.85,-1,-31.98689245398494,-31.79316124957037,-30.994167344523724,-33.00810709768757
1000,4.0,-1.0,0.85,2,-31.98070264560908,-31.807621982673954,-31.011568578613126,-32.98481476574092
1000,4.0,-1.0,0.85,10,-31.908511407685424,-31.924858282700818,-31.165190081839363,-32.79863538510335
1000,4.0,-0.5,0.1,-1,-32.07578357524464,-31.649219462816358,-30.547762736802394,-32.92339467085326
1000,4.0,-0.5,0.1,2,-32.08593710107461,-31.672885877674922,-30.54651447378393,-32.91028560408931
1000,4.0,-0.5,0.1,10,-31.813018422262935,-31.655466652156818,-30.49655282676821,-32.794962254746
1000,4.0,-0.5,0.55,-1,-32.187833372108514,-31.728600090097636,-30.870690544184672,-32.875062422931464
1000,4.0,-0.5,0.55,2,-32.189072938512055,-31.743740530793513,-30.884106245938703,-32.81722657578744
1000,4.0,-0.5,0.55,10,-31.913534095606604,-31.851481997123024,-30.900484139500666,-32.72257200239403
1000,4.0,-0.5,0.85,-1,-31.917812170151535,-31.847890855086817,-31.099295932074682,-32.9186750956849
1000,4.0,-0.5,0.85,2,-31.922324442072252,-31.868500462418385,-31.14040691327219,-32.824765356599016
1000,4.0,-0.5,0.85,10,-32.012938224413965,-31.91781776614358,-31.10472555300958,-32.60533188525692
1000,4.0,-0.25,0.1,-1,-32.01677828633838,-31.66073639797276,-30.600558576839934,-32.894682003989104
1000,4.0,-0.25,0.1,2,-32.01788520755308,-31.673522945503837,-30.59073938107239,-32.85247851082107
1000,4.0,-0.25,0.1,10,-31.78559458819485,-31.64350307834883,-30.449545053013026,-32.72820149374133
1000,4.0,-0.25,0.55,-1,-32.12067563325825,-31.745050898741795,-30.944432781830407,-32.828446796968805
1000,4.0,-0.25,0.55,2,-32.124406210991516,-31.764827917673713,-30.971754292612907,-32.73132436764823
1000,4.0,-0.25,0.55,10,-32.18040914620389,-31.76398724107422,-30.774555522175927,-32.532172122879174
1000,4.0,-0.25,0.85,-1,-32.16983342054925,-31.830221235691877,-31.043275201445223,-32.80504193657788
1000,4.0,-0.25,0.85,2,-32.17593183441697,-31.85392446022643,-31.09655701925792,-32.68070951615226
1000,4.0,-0.25,0.85,10,-31.89820118221804,-31.954950900862084,-31.1822125982809,-32.559793868640085
1000,4.0,+0.0,0.1,-1,-31.959037959165954,-31.64144708282985,-30.67402188069525,-32.860843260560856
1000,4.0,+0.0,0.1,2,-31.95155745604857,-31.660216328179636,-30.64104402605563,-32.78566844500159
1000,4.0,+0.0,0.1,10,-31.840403389794073,-31.57740550951565,-30.376383895908404,-32.63735170767176
1000,4.0,+0.0,0.55,-1,-32.059163277067135,-31.77408812770622,-31.067759056111413,-32.78236908776451
1000,4.0,+0.0,0.55,2,-32.06654863757044,-31.801751139491596,-31.08466799827211,-32.656263802666274
1000,4.0,+0.0,0.55,10,-32.084075210306466,-31.804841982378168,-30.804108192374887,-32.47981023969715
1000,4.0,+0.0,0.85,-1,-32.07127957343442,-31.88587627625722,-31.16492553311856,-32.75374036734115
1000,4.0,+0.0,0.85,2,-32.07359200428083,-31.895204819698392,-31.189593335357504,-32.687248539046564
1000,4.0,+0.0,0.85,10,-32.17857921632984,-31.891031455200665,-31.20070803833249,-32.30365587376137
1000,4.0,+0.25,0.1,-1,-32.02665066474661,-31.57366759536346,-30.705372335164007,-32.79402557413539
1000,4.0,+0.25,0.1,2,-32.033774112979145,-31.589713428449095,-30.605569401061263,-32.69096071559372
1000,4.0,+0.25,0.1,10,-31.765338942314205,-31.533434315904834,-30.37863513640167,-32.572851186992615
1000,4.0,+0.25,0.55,-1,-32.3826467921681,-31.68288438270816,-31.00102723776979,-32.6554549244348
1000,4.0,+0.25,0.55,2,-32.39369014261983,-31.725050927561234,-30.994234146980308,-32.51116036908994
1000,4.0,+0.25,0.55,10,-32.101001473723024,-31.718272243032718,-30.617856570976585,-32.36177330708823
1000,4.0,+0.25,0.85,-1,-31.98559090131866,-31.920329450943505,-31.29611192576714,-32.69081887306379
1000,4.0,+0.25,0.85,2,-31.990653960380175,-31.933545137928895,-31.323943764846305,-32.597332904192385
1000,4.0,+0.25,0.85,10,-32.09888755732934,-31.891791515770723,-31.29735321275313,-32.1941625622093
1000,4.0,+0.5,0.1,-1,-31.96402955310221,-31.479666112400654,-30.759592747342488,-32.72918419719873
1000,4.0,+0.5,0.1,2,-31.953917402860277,-31.526375592524776,-30.572636964207597,-32.613722249715394
1000,4.0,+0.5,0.1,10,-31.681923159580514,-31.462310604056665,-30.40999945307609,-32.516751701483294
1000,4.0,+0.5,0.55,-1,-32.296441402662126,-31.699515190879843,-31.14757993747153,-32.61007443915779
1000,4.0,+0.5,0.55,2,-32.31241319563964,-31.756588796389916,-31.09017336707209,-32.454243530459486
1000,4.0,+0.5,0.55,10,-31.990053747596647,-31.708087121378856,-30.603749661814874,-32.28527919048024
1000,4.0,+0.5,0.85,-1,-31.920908476212006,-31.966433136441598,-31.430037490411245,-32.61839687720308
1000,4.0,+0.5,0.85,2,-31.93327071109551,-31.986600640266595,-31.44995713533602,-32.50729553025589
1000,4.0,+0.5,0.85,10,-32.03883172371106,-32.00237261611815,-31.505826389470272,-32.069149951023235
1000,4.0,+0.75,0.1,-1,-31.87317289896861,-31.41966413938729,-30.84459393674387,-32.670929746316844
1000,4.0,+0.75,0.1,2,-31.85983558444587,-31.472040816028652,-30.555481208016882,-32.538899706896096
1000,4.0,+0.75,0.1,10,-31.57074964634956,-31.36346380237981,-30.420701216898927,-32.444903449704114
1000,4.0,+0.75,0.55,-1,-32.26009397862529,-31.59602017817477,-31.20321129184771,-32.53111019145043
1000,4.0,+0.75,0.55,2,-32.276207515669874,-31.666479564923815,-31.09944371150997,-32.36824186681639
1000,4.0,+0.75,0.55,10,-31.881218380689308,-31.673659846940936,-30.60633777349613,-32.183997300980096
1000,4.0,+0.75,0.85,-1,-32.351549469738515,-32.211993870136574,-31.484438739617033,-32.51402824860594
1000,4.0,+0.75,0.85,2,-32.373477861930596,-32.248708480774354,-31.516610151601082,-32.29871438198417
1000,4.0,+0.75,0.85,10,-32.283231562796,-32.14303849157852,-31.45167999252638,-31.863604588663957
1000,4.0,+1.0,0.1,-1,-31.812044394071677,-31.365699564845208,-30.901151426298036,-32.61137136273307
1000,4.0,+1.0,0.1,2,-31.77131178266218,-31.434355184560793,-30.572309663786367,-32.48156897121376
1000,4.0,+1.0,0.1,10,-31.538943375343713,-31.28640449833118,-30.464562204314877,-32.392524818689616
1000,4.0,+1.0,0.55,-1,-32.235009588176645,-31.6222609997217,-31.259095741616406,-32.471537710065526
1000,4.0,+1.0,0.55,2,-32.15804533651047,-31.58391659416839,-31.084794120603366,-32.30223259520473
1000,4.0,+1.0,0.55,10,-31.737603993346713,-31.597580947513993,-30.60426202817116,-32.10468106028119
1000,4.0,+1.0,0.85,-1,-32.157241016721315,-32.12345160820813,-31.56085291144442,-32.42440887547368
1000,4.0,+1.0,0.85,2,-32.184157689914095,-32.16594168084166,-31.58359308540841,-32.20935370216513
1000,4.0,+1.0,0.85,10,-32.17809777843112,-32.03771105990014,-31.468669718552377,-31.777552277431624
1000,4.5,-2.5,0.1,-1,-31.54751112733326,-31.71816918769033,-31.117743494020324,-32.94030016340885
1000,4.5,-2.5,0.1,2,-31.54543183587959,-31.718092857886585,-31.122350399482062,-32.94025934650024
1000,4.5,-2.5,0.1,10,-31.54723425139708,-31.700077240133787,-31.113966785556446,-32.944110811009764
1000,4.5,-2.5,0.55,-1,-31.56602710856438,-31.808123355055837,-31.194581212737322,-32.95801523881082
1000,4.5,-2.5,0.55,2,-31.56414049143742,-31.807702314274643,-31.197288154255975,-32.95667755993387
1000,4.5,-2.5,0.55,10,-31.57230393460523,-31.796512726602323,-31.187319584912668,-32.94967075735532
1000,4.5,-2.5,0.85,-1,-31.568326933921472,-31.829892122767856,-31.20532401228683,-32.95305426680467
1000,4.5,-2.5,0.85,2,-31.565941396736214,-31.830640126471135,-31.211286076046406,-32.95354425515288
1000,4.5,-2.5,0.85,10,-31.581188196494317,-31.812042704314337,-31.186680297321068,-32.949542030418144
1000,4.5,-2.0,0.1,-1,-31.70978989632578,-31.69274588250498,-31.037178113534132,-33.03676897180762
1000,4.5,-2.0,0.1,2,-31.702447603006313,-31.694038276809323,-31.064440440217048,-33.03972008911357
1000,4.5,-2.0,0.1,10,-31.721519187366948,-31.683202404434482,-31.043288258449167,-33.014957337342345
1000,4.5,-2.0,0.55,-1,-31.73160200742867,-31.82894187503817,-31.12821443878805,-33.055485615520226
1000,4.5,-2.0,0.55,2,-31.718879111245233,-31.830143991865786,-31.1497465312608,-33.05574993215541
1000,4.5,-2.0,0.55,10,-31.73608416711149,-31.823967078495983,-31.144692030309876,-33.01755984319586
1000,4.5,-2.0,0.85,-1,-31.74472160667246,-31.857918918926323,-31.155813836340194,-33.04171338855934
1000,4.5,-2.0,0.85,2,-31.735005519225098,-31.855391139447818,-31.17687973694611,-33.041730340936915
1000,4.5,-2.0,0.85,10,-31.760238324859937,-31.84714897710808,-31.15965235954794,-32.998950621541496
1000,4.5,-1.5,0.1,-1,-31.8975417295498,-31.640743691833002,-30.820351695549565,-33.078763864458594
1000,4.5,-1.5,0.1,2,-31.87635512175818,-31.65135663930259,-30.859970514273954,-33.07848449258984
1000,4.5,-1.5,0.1,10,-31.886337897836526,-31.652669751785258,-30.86045446794553,-32.986414317102394
1000,4.5,-1.5,0.55,-1,-31.877241284941004,-31.78259953136843,-30.97707938813713,-33.09821591952394
1000,4.5,-1.5,0.55,2,-31.870357572289638,-31.793909003079627,-31.01014898746162,-33.09767768984078
1000,4.5,-1.5,0.55,10,-31.89473299508517,-31.822819003595292,-31.03153041667937,-32.95616938038195
1000,4.5,-1.5,0.85,-1,-31.920541709768653,-31.801587987161607,-31.007583383048534,-33.07762509516844
1000,4.5,-1.5,0.85,2,-31.912779756475466,-31.790753026566563,-31.007806547219197,-33.0703189351151
1000,4.5,-1.5,0.85,10,-31.93729044931933,-31.845949307346793,-31.06421019369309,-32.91912101934082
1000,4.5,-1.0,0.1,-1,-32.03007371136639,-31.61851002526277,-30.594967689511293,-33.05637587180088
1000,4.5,-1.0,0.1,2,-32.02236570983898,-31.6302312675043,-30.608493189844456,-33.05543141934496
1000,4.5,-1.0,0.1,10,-32.005367815195406,-31.635760310645505,-30.592808925486782,-32.907576365175196
1000,4.5,-1.0,0.55,-1,-32.10785156239631,-31.703661096572823,-30.78490116589812,-33.03948261581492
1000,4.5,-1.0,0.55,2,-32.09632393780876,-31.705995339496525,-30.767028953337668,-33.02620215896809
1000,4.5,-1.0,0.55,10,-32.08738276777171,-31.794562651054026,-30.844859049509644,-32.82796014533923
1000,4.5,-1.0,0.85,-1,-31.894253192466586,-31.84112899088808,-30.996344726057625,-33.099196594612664
1000,4.5,-1.0,0.85,2,-31.876150123513437,-31.856592486773128,-31.01525439615534,-33.09306748496322
1000,4.5,-1.0,0.85,10,-31.87858293045139,-31.95488806215034,-31.11530740429235,-32.86057047967242
1000,4.5,-0.5,0.1,-1,-32.025947535512685,-31.720616723528728,-30.52519828969639,-32.99736207107919
1000,4.5,-0.5,0.1,2,-32.02964863521061,-31.73039658393053,-30.50686215875212,-32.96024642287276
1000,4.5,-0.5,0.1,10,-31.93040305664853,-31.715972237539948,-30.46187900423984,-32.831974883914484
1000,4.5,-0.5,0.55,-1,-32.111267763555546,-31.76953014483693,-30.78711551830111,-32.95684977885863
1000,4.5,-0.5,0.55,2,-32.100292775716184,-31.779209247768698,-30.776503604239643,-32.93747584907549
1000,4.5,-0.5,0.55,10,-31.97710449403091,-31.89646752962913,-30.873922779946803,-32.75491316792446
1000,4.5,-0.5,0.85,-1,-32.17762166458302,-31.778591820829817,-30.853345741891914,-32.935166333489306
1000,4.5,-0.5,0.85,2,-32.15643065774281,-31.78669513553514,-30.847248867626867,-32.90621735909213
1000,4.5,-0.5,0.85,10,-32.02271822524604,-31.93162773022097,-31.00156986656397,-32.689678742514694
1000,4.5,-0.25,0.1,-1,-32.05805484751483,-31.69764329170399,-30.48166326131974,-32.932220948860135
1000,4.5,-0.25,0.1,2,-32.06410295291823,-31.71653765853181,-30.470329702792775,-32.86812497981949
1000,4.5,-0.25,0.1,10,-32.05044923802466,-31.674214631548715,-30.310846479474275,-32.73588315488391
1000,4.5,-0.25,0.55,-1,-32.08736778291169,-31.796652891091092,-30.844941528858897,-32.908664210112086
1000,4.5,-0.25,0.55,2,-32.075072723290425,-31.804060259372704,-30.84977469618742,-32.87228113199808
1000,4.5,-0.25,0.55,10,-32.117430168767356,-31.808229227933197,-30.66982978211716,-32.63676568072438
1000,4.5,-0.25,0.85,-1,-32.097150403802026,-31.79648355793074,-30.890889110940662,-32.878186765304356
1000,4.5,-0.25,0.85,2,-32.116061923662144,-31.820966928964044,-30.91276844199356,-32.81652845352501
1000,4.5,-0.25,0.85,10,-32.20330222234568,-31.864084961493887,-30.918175235425032,-32.538108382546966
1000,4.5,+0.0,0.1,-1,-32.145768097761696,-31.62054975216194,-30.440417464601126,-32.85721900793868
1000,4.5,+0.0,0.1,2,-32.14784978137828,-31.64648784537185,-30.417910730978402,-32.75987492664163
1000,4.5,+0.0,0.1,10,-31.93663754222073,-31.694566450787775,-30.27835695728058,-32.68894593228434
1000,4.5,+0.0,0.55,-1,-32.49966480657821,-31.793680535510134,-30.76235465449637,-32.79099666889533
1000,4.5,+0.0,0.55,2,-32.504312698609894,-31.80883497018339,-30.781717394478093,-32.72797399041405
1000,4.5,+0.0,0.55,10,-32.0502972415169,-31.84246317060678,-30.697556609386375,-32.58464220556763
1000,4.5,+0.0,0.85,-1,-32.12490963117744,-31.893115027287323,-31.008001596458826,-32.834601151540426
1000,4.5,+0.0,0.85,2,-32.128620162771874,-31.91012972033256,-31.047848084625834,-32.72839125732142
1000,4.5,+0.0,0.85,10,-32.14938487361559,-31.903709209479153,-30.97497685787459,-32.4675867331097
1000,4.5,+0.25,0.1,-1,-32.11190290785514,-31.6317862881699,-30.517240655592182,-32.824831910541555
1000,4.5,+0.25,0.1,2,-32.105226136580114,-31.637627939402982,-30.50294710339086,-32.776549035834364
1000,4.5,+0.25,0.1,10,-31.832027871369718,-31.643326804799802,-30.213299441264148,-32.61381946042168
1000,4.5,+0.25,0.55,-1,-32.46458177706326,-31.834679156860023,-30.867948021389928,-32.73659265527327
1000,4.5,+0.25,0.55,2,-32.46772068473766,-31.85138209339562,-30.892847411054394,-32.632743424767696
1000,4.5,+0.25,0.55,10,-32.17995479266554,-31.758740829258535,-30.578922775568195,-32.44392483012988
1000,4.5,+0.25,0.85,-1,-32.07255957737844,-31.945427623488033,-31.106631328127627,-32.7672708536907
1000,4.5,+0.25,0.85,2,-32.08094244594634,-31.967346754196953,-31.166098692814156,-32.62460578517361
1000,4.5,+0.25,0.85,10,-32.065208569943906,-31.957109660705214,-31.094867361335247,-32.35649766525135
1000,4.5,+0.5,0.1,-1,-32.05565648112276,-31.590909697467918,-30.586015460709504,-32.77844791280831
1000,4.5,+0.5,0.1,2,-32.062921649346336,-31.617324172424045,-30.539396141577477,-32.699611733792324
1000,4.5,+0.5,0.1,10,-31.803800353744755,-31.573335783934002,-30.225726309997846,-32.54673382668859
1000,4.5,+0.5,0.55,-1,-32.42168897766892,-31.69031592146898,-30.92169794727099,-32.6484248889495
1000,4.5,+0.5,0.55,2,-32.42942871459999,-31.7178123911898,-30.93066672972998,-32.51749835536503
1000,4.5,+0.5,0.55,10,-32.0957076592327,-31.80438518403701,-30.614459387591857,-32.36574353351279
1000,4.5,+0.5,0.85,-1,-32.45368049176959,-32.11211467355798,-31.14868124952601,-32.663226809918484
1000,4.5,+0.5,0.85,2,-32.46714557157409,-32.13659730504946,-31.207451799525657,-32.49514834364636
1000,4.5,+0.5,0.85,10,-32.19511577839141,-31.864203351376396,-31.182017284828266,-32.147797179823726
1000,4.5,+0.75,0.1,-1,-31.981483867943105,-31.53892641951359,-30.680867358419825,-32.72752390800488
1000,4.5,+0.75,0.1,2,-31.984546513042073,-31.579276950340688,-30.551400529434588,-32.62934550744128
1000,4.5,+0.75,0.1,10,-31.766796738357733,-31.500177210905864,-30.247384974200614,-32.478775781161175
1000,4.5,+0.75,0.55,-1,-32.31395759818583,-31.605292405130125,-30.996727539308793,-32.5713382501243
1000,4.5,+0.75,0.55,2,-32.325092461351964,-31.64807287056592,-30.971730854466433,-32.4245903603253
1000,4.5,+0.75,0.55,10,-32.079864881346964,-31.753486057016985,-30.570383595929606,-32.25943481059169
1000,4.5,+0.75,0.85,-1,-32.15071652971099,-31.948681923783667,-31.216478671313773,-32.56363868786775
1000,4.5,+0.75,0.85,2,-32.168852554098436,-31.977345570547747,-31.268446053897527,-32.37393292682678
1000,4.5,+0.75,0.85,10,-32.362270904292316,-32.06525550760088,-31.292626878311488,-32.02381801451911
1000,4.5,+1.0,0.1,-1,-31.95840715680874,-31.45400037554573,-30.73520550338455,-32.65725033451613
1000,4.5,+1.0,0.1,2,-31.890889943344867,-31.50217746552764,-30.40186225421053,-32.488106166710764
1000,4.5,+1.0,0.1,10,-31.70887229421362,-31.43515507378495,-30.306362084503185,-32.430073415733894
1000,4.5,+1.0,0.55,-1,-32.23208388103676,-31.60889524785514,-31.126661056986844,-32.52410492107556
1000,4.5,+1.0,0.55,2,-32.25196082858968,-31.704141812142627,-30.941263639575403,-32.302236203023746
1000,4.5,+1.0,0.55,10,-32.008718345960574,-31.682228787083115,-30.511881139646206,-32.15559302150303
1000,4.5,+1.0,0.85,-1,-32.15536431930924,-32.04024515269312,-31.328644949021456,-32.46970610398516
1000,4.5,+1.0,0.85,2,-32.17790339462209,-32.07251407011097,-31.36204826944923,-32.26251283545867
1000,4.5,+1.0,0.85,10,-32.233053509366265,-31.984209658631283,-31.371429539309435,-31.88008606783771
1000,5.0,-2.5,0.1,-1,-31.475158739606762,-31.749582605371444,-31.153281686141533,-32.922527655970555
1000,5.0,-2.5,0.1,2,-31.481336267474198,-31.753089827134268,-31.150077398079354,-32.9207931167568
1000,5.0,-2.5,0.1,10,-31.48401792459215,-31.739490496026605,-31.143940993204325,-32.92588074855824
1000,5.0,-2.5,0.55,-1,-31.501022430736093,-31.82425698096941,-31.211420368612814,-32.93364100654524
1000,5.0,-2.5,0.55,2,-31.490205865668074,-31.820650196739585,-31.228330961014787,-32.93933818444935
1000,5.0,-2.5,0.55,10,-31.50334654213308,-31.809122914604483,-31.206777159872352,-32.93759602441065
1000,5.0,-2.5,0.85,-1,-31.500971570510444,-31.84113650622555,-31.230805741169313,-32.93212335947494
1000,5.0,-2.5,0.85,2,-31.50083524614605,-31.841130626719234,-31.231187141793892,-32.93198961033693
1000,5.0,-2.5,0.85,10,-31.509544258815268,-31.82500515753768,-31.213790461216067,-32.93507272494327
1000,5.0,-2.0,0.1,-1,-31.616566816688202,-31.75864051764303,-31.102139141304225,-33.025410774695956
1000,5.0,-2.0,0.1,2,-31.621840487631214,-31.759394646695704,-31.103447273002153,-33.02191417445211
1000,5.0,-2.0,0.1,10,-31.63297593165502,-31.74092233303606,-31.08446094290464,-33.018499540186426
1000,5.0,-2.0,0.55,-1,-31.632336914662087,-31.88048540316376,-31.207572546276978,-33.051716741825146
1000,5.0,-2.0,0.55,2,-31.636494806009175,-31.882231899140333,-31.206864003333386,-33.04838379390358
1000,5.0,-2.0,0.55,10,-31.652052857575402,-31.868741357607927,-31.197494403959727,-33.028691645412025
1000,5.0,-2.0,0.85,-1,-31.661685392951107,-31.90742677840277,-31.221220503582575,-33.036465305921354
1000,5.0,-2.0,0.85,2,-31.64955100905772,-31.904532442924292,-31.22342113565598,-33.033556641536975
1000,5.0,-2.0,0.85,10,-31.679247172630042,-31.886313946841575,-31.195901094626905,-33.00794674413663
1000,5.0,-1.5,0.1,-1,-31.81450988788745,-31.698237797059026,-30.89366977464516,-33.08835272160153
1000,5.0,-1.5,0.1,2,-31.798245883670887,-31.70458437693682,-30.921139162167215,-33.08837129979823
1000,5.0,-1.5,0.1,10,-31.813190437844654,-31.695059794076222,-30.907935726026693,-33.03911673142098
1000,5.0,-1.5,0.55,-1,-31.77876973463281,-31.853438991639585,-31.052878706237248,-33.12077450274258
1000,5.0,-1.5,0.55,2,-31.763088539358165,-31.86133807834807,-31.079894616874594,-33.123170738138604
1000,5.0,-1.5,0.55,10,-31.800260392156122,-31.862016152790634,-31.0626054380128,-33.04084587350844
1000,5.0,-1.5,0.85,-1,-31.82337308657718,-31.871065207356303,-31.062328592827846,-33.09710841290546
1000,5.0,-1.5,0.85,2,-31.80560367676488,-31.875252832046037,-31.094181950229544,-33.09679107518565
1000,5.0,-1.5,0.85,10,-31.845055647615727,-31.872559411654578,-31.080599331627706,-33.00847366689737
1000,5.0,-1.0,0.1,-1,-32.064477824253366,-31.62312576925825,-30.585616239686075,-33.074776057897594
1000,5.0,-1.0,0.1,2,-32.03668302765418,-31.637154349999975,-30.608192700115847,-33.07630644282515
1000,5.0,-1.0,0.1,10,-32.01929220373642,-31.65842482265024,-30.625840173104343,-32.94436195659015
1000,5.0,-1.0,0.55,-1,-32.014094335959456,-31.749557050864144,-30.803412500996217,-33.097023450843565
1000,5.0,-1.0,0.55,2,-31.998480394152992,-31.77792496250708,-30.82204343655767,-33.09409482701322
1000,5.0,-1.0,0.55,10,-32.02592749428322,-31.838700313177387,-30.852607242998772,-32.889527845900496
1000,5.0,-1.0,0.85,-1,-32.056973148330584,-31.741523374337866,-30.837913050323216,-33.073646534293616
1000,5.0,-1.0,0.85,2,-32.0492783218209,-31.760960407985657,-30.844249605940878,-33.06441369930621
1000,5.0,-1.0,0.85,10,-32.07579883297032,-31.843270290606135,-30.89467556872567,-32.84110322922771
1000,5.0,-0.5,0.1,-1,-32.16716199587877,-31.624101778150425,-30.38309042754037,-32.99539129359786
1000,5.0,-0.5,0.1,2,-32.17019074144302,-31.65463186423043,-30.371671893835934,-32.99255228516962
1000,5.0,-0.5,0.1,10,-32.129775724131385,-31.6429565907389,-30.31972940745629,-32.816372708194514
1000,5.0,-0.5,0.55,-1,-32.19910520387419,-31.706242058890346,-30.65546269913022,-32.99286441748292
1000,5.0,-0.5,0.55,2,-32.20520661418708,-31.731459951089388,-30.6433726036316,-32.96956582454164
1000,5.0,-0.5,0.55,10,-32.22746559373162,-31.789519609219603,-30.662674998630802,-32.73121679358245
1000,5.0,-0.5,0.85,-1,-32.02369040846286,-31.79719550683491,-30.823315649333523,-33.0280791508758
1000,5.0,-0.5,0.85,2,-32.0201991726526,-31.82632827415963,-30.828046942983107,-32.98727730223465
1000,5.0,-0.5,0.85,10,-32.22912734552645,-31.790572714456008,-30.797595912681288,-32.681543227293716
1000,5.0,-0.25,0.1,-1,-32.17485025653132,-31.648251141545444,-30.342706449726826,-32.94888676566477
1000,5.0,-0.25,0.1,2,-32.17822463612067,-31.67277269161353,-30.3096601067387,-32.93303934147605
1000,5.0,-0.25,0.1,10,-32.0704168409812,-31.71911458753366,-30.265212533865263,-32.78449160180809
1000,5.0,-0.25,0.55,-1,-32.29459289307235,-31.71024184490186,-30.615620927272502,-32.924199840441815
1000,5.0,-0.25,0.55,2,-32.29086312598913,-31.729181839519583,-30.610295965504065,-32.87903457574182
1000,5.0,-0.25,0.55,10,-32.1705469097574,-31.842568821917013,-30.65815458935514,-32.69568917958503
1000,5.0,-0.25,0.85,-1,-32.253576175065774,-31.68932638708684,-30.721870366117344,-32.91948173794846
1000,5.0,-0.25,0.85,2,-32.255299127410154,-31.71650090557048,-30.730199312801435,-32.85207601668211
1000,5.0,-0.25,0.85,10,-32.2014871006551,-31.82779039513479,-30.808363062251733,-32.62552295967734
1000,5.0,+0.0,0.1,-1,-32.12385279878226,-31.693663386296183,-30.37917287135068,-32.92018436809455
1000,5.0,+0.0,0.1,2,-32.132616498709105,-31.709839862368284,-30.349139833168728,-32.88376975308682
1000,5.0,+0.0,0.1,10,-32.01937161146683,-31.730094536059493,-30.1837258974346,-32.723640113069884
1000,5.0,+0.0,0.55,-1,-32.27931701845507,-31.73084222329202,-30.648917516529455,-32.87146460385146
1000,5.0,+0.0,0.55,2,-32.313540496112154,-31.77625863735956,-30.684398802759745,-32.78164268700156
1000,5.0,+0.0,0.55,10,-32.178807223665295,-31.860524019522177,-30.68489853336309,-32.62523475484928
1000,5.0,+0.0,0.85,-1,-32.42827755060085,-31.82663306020669,-30.736436943866128,-32.8555534984435
1000,5.0,+0.0,0.85,2,-32.43431431417436,-31.85897059862384,-30.77784517788727,-32.73156154003015
1000,5.0,+0.0,0.85,10,-32.13635225491003,-31.897940069818702,-30.912965242816085,-32.564240946128905
1000,5.0,+0.25,0.1,-1,-32.120560454617035,-31.678963830268426,-30.384362973145507,-32.868362466287245
1000,5.0,+0.25,0.1,2,-32.124019921796084,-31.695498202087528,-30.36515877401775,-32.79665257048439
1000,5.0,+0.25,0.1,10,-32.03383486233237,-31.703925312201044,-30.075951156709856,-32.638920545248496
1000,5.0,+0.25,0.55,-1,-32.34070596260624,-31.715829875355162,-30.682913133123687,-32.799698343532185
1000,5.0,+0.25,0.55,2,-32.34704833325011,-31.742408251829204,-30.72107710686611,-32.65857713502295
1000,5.0,+0.25,0.55,10,-32.217763452037275,-31.823092040390016,-30.519705284638405,-32.56382412669379
1000,5.0,+0.25,0.85,-1,-32.43098097245382,-31.938484595251147,-30.831052154659172,-32.80231011961331
1000,5.0,+0.25,0.85,2,-32.43340524174192,-31.965107572360928,-30.899303190980145,-32.62091595172304
1000,5.0,+0.25,0.85,10,-32.154553437782184,-31.924535032348174,-31.008461498176494,-32.44874010052249
1000,5.0,+0.5,0.1,-1,-32.136790771585765,-31.620595298116317,-30.400417324655745,-32.81122741328086
1000,5.0,+0.5,0.1,2,-32.1386138610118,-31.647175376452964,-30.35831968701455,-32.70300522808865
1000,5.0,+0.5,0.1,10,-31.90791263166776,-31.682114370880498,-30.057969887856704,-32.582099117333485
1000,5.0,+0.5,0.55,-1,-32.44811945008984,-31.733116673531995,-30.729895263312162,-32.72034346663591
1000,5.0,+0.5,0.55,2,-32.45658948336874,-31.766728995486172,-30.76228014247194,-32.5390017619719
1000,5.0,+0.5,0.55,10,-32.1223616335742,-31.8123042089405,-30.519962494535612,-32.464254674747835
1000,5.0,+0.5,0.85,-1,-32.20622211247701,-31.85750462745393,-30.916280635520653,-32.7291974845793
1000,5.0,+0.5,0.85,2,-32.21945581265602,-31.891719680855108,-31.003452202896842,-32.51169095926403
1000,5.0,+0.5,0.85,10,-32.21201081943722,-31.914512478577592,-30.877515731958415,-32.33205043557526
1000,5.0,+0.75,0.1,-1,-32.11346997684948,-31.60520665706972,-30.47872962958083,-32.76540500071658
1000,5.0,+0.75,0.1,2,-32.089032342047275,-31.642228184348,-30.35899055781539,-32.63125532796584
1000,5.0,+0.75,0.1,10,-31.846525649822794,-31.62665719554328,-30.075172157099534,-32.52161626832865
1000,5.0,+0.75,0.55,-1,-32.59846919702325,-31.852977894999384,-30.83003637796041,-32.65024623959664
1000,5.0,+0.75,0.55,2,-32.589385623982736,-31.889839857122965,-30.823774759216697,-32.451263573054035
1000,5.0,+0.75,0.55,10,-32.17121229509957,-31.81944831639491,-30.457507834614972,-32.35702957161534
1000,5.0,+0.75,0.85,-1,-32.36511717666187,-32.06564410420545,-31.01088643246578,-32.64473404053418
1000,5.0,+0.75,0.85,2,-32.38086910775781,-32.10493992592348,-31.117223510318425,-32.40615050705058
1000,5.0,+0.75,0.85,10,-32.26676290065332,-32.0343774431706,-31.1082499297345,-32.18993563838164
1000,5.0,+1.0,0.1,-1,-32.02729740571315,-31.557275236174238,-30.564104409739144,-32.71517823509104
1000,5.0,+1.0,0.1,2,-32.01681909921859,-31.60261844138736,-30.334244393100704,-32.558583985560055
1000,5.0,+1.0,0.1,10,-31.771229439027266,-31.547620291311155,-30.102906131150263,-32.46070381170961
1000,5.0,+1.0,0.55,-1,-32.38140662195719,-31.747301306319557,-30.95841490119438,-32.58554516499791
1000,5.0,+1.0,0.55,2,-32.39801748487073,-31.805013989385525,-30.892675481872832,-32.37814756284451
1000,5.0,+1.0,0.55,10,-32.04673905481434,-31.773909221486125,-30.434947782147415,-32.26226071146713
1000,5.0,+1.0,0.85,-1,-32.63691518703642,-32.230386710362296,-31.040197060162598,-32.52617789736612
1000,5.0,+1.0,0.85,2,-32.67835473990341,-32.279289620610506,-31.134076491050934,-32.26300953322819
1000,5.0,+1.0,0.85,10,-32.26231746400567,-32.08652602771671,-31.24300153505469,-32.00016095611393
1000,5.25,-2.5,0.1,-1,-31.46591082566912,-31.736412658063855,-31.121436278764556,-32.8962586289908
1000,5.25,-2.5,0.1,2,-31.466352108161495,-31.73738394716914,-31.120203507407357,-32.89568660235276
1000,5.25,-2.5,0.1,10,-31.464498517989878,-31.717605196839287,-31.113543375229003,-32.90007877301571
1000,5.25,-2.5,0.55,-1,-31.474678477867815,-31.804923672010265,-31.192352077111586,-32.91161939229421
1000,5.25,-2.5,0.55,2,-31.474408662701965,-31.804833887111723,-31.192852203000655,-32.91160190779489
1000,5.25,-2.5,0.55,10,-31.477009199224213,-31.790040086804773,-31.183593357176385,-32.916893222299436
1000,5.25,-2.5,0.85,-1,-31.468450526020515,-31.815415397689264,-31.216521996435613,-32.91305226533161
1000,5.25,-2.5,0.85,2,-31.47796715500895,-31.817451620527464,-31.20685761203571,-32.908725176030586
1000,5.25,-2.5,0.85,10,-31.491440611572283,-31.807932811726232,-31.18591606521605,-32.911962223371795
1000,5.25,-2.0,0.1,-1,-31.642732517361317,-31.727025646768002,-31.065389414760034,-32.97864178263883
1000,5.25,-2.0,0.1,2,-31.64034610920002,-31.72742671901397,-31.068378502475372,-32.97791454820694
1000,5.25,-2.0,0.1,10,-31.642045562045737,-31.710243894502277,-31.056408143081832,-32.980317057212794
1000,5.25,-2.0,0.55,-1,-31.653244457292185,-31.856439730107336,-31.17222208279376,-33.00569179732892
1000,5.25,-2.0,0.55,2,-31.659386962114034,-31.857825517985667,-31.16972008553799,-33.00246406848241
1000,5.25,-2.0,0.55,10,-31.667508865582956,-31.83813177487687,-31.161613061387705,-33.00550431291224
1000,5.25,-2.0,0.85,-1,-31.66227060527797,-31.873245591209347,-31.18524591346138,-32.993674045917764
1000,5.25,-2.0,0.85,2,-31.665053663797163,-31.872842521790304,-31.19057878606085,-32.99329156301414
1000,5.25,-2.0,0.85,10,-31.674126592785047,-31.85816085449561,-31.164958049196972,-32.990766716991395
1000,5.25,-1.5,0.1,-1,-31.83429752957387,-31.64163783894552,-30.86502857661966,-33.052110726080535
1000,5.25,-1.5,0.1,2,-31.822814878162212,-31.646629036792024,-30.887880921719084,-33.051984908122655
1000,5.25,-1.5,0.1,10,-31.83743781361143,-31.633817583911103,-30.8692973672431,-33.02270031390905
1000,5.25,-1.5,0.55,-1,-31.85955560140116,-31.807332421137623,-30.985033384404495,-33.0705133402494
1000,5.25,-1.5,0.55,2,-31.854746449246342,-31.81397707071106,-31.013295314566662,-33.0716847935032
1000,5.25,-1.5,0.55,10,-31.889869825522933,-31.802739768720674,-30.98558403086688,-33.00449835953741
1000,5.25,-1.5,0.85,-1,-31.872120777053823,-31.833884397469227,-31.019586152401924,-33.06185859897769
1000,5.25,-1.5,0.85,2,-31.84355808557482,-31.831889262859438,-31.044611655809128,-33.06208957404437
1000,5.25,-1.5,0.85,10,-31.888403330902797,-31.83464407381981,-31.03041680827868,-32.992623699834326
1000,5.25,-1.0,0.1,-1,-32.0408773567817,-31.553777484497,-30.56454233027814,-33.05903481147152
1000,5.25,-1.0,0.1,2,-32.028727059774816,-31.567784429044288,-30.58044915169791,-33.05818062908805
1000,5.25,-1.0,0.1,10,-32.040630902954916,-31.584849215771946,-30.575037400436813,-32.971036116486445
1000,5.25,-1.0,0.55,-1,-32.07065139343587,-31.70003776888437,-30.74575022612811,-33.0788144430595
1000,5.25,-1.0,0.55,2,-32.06217509592901,-31.716780573430743,-30.766193608703546,-33.07763822789754
1000,5.25,-1.0,0.55,10,-32.0934560012016,-31.76502325994441,-30.780181185001997,-32.88743494815349
1000,5.25,-1.0,0.85,-1,-32.00720860679853,-31.77401061043244,-30.864451862473167,-33.093143108873505
1000,5.25,-1.0,0.85,2,-32.01050345711535,-31.782250246150113,-30.878253857242612,-33.087701586060014
1000,5.25,-1.0,0.85,10,-32.015741013000685,-31.85649865934524,-30.91303690172881,-32.92524900044027
1000,5.25,-0.5,0.1,-1,-32.090617464625566,-31.671074109796166,-30.425870396929536,-33.04266761091307
1000,5.25,-0.5,0.1,2,-32.084804226409034,-31.693480693706345,-30.402137561899615,-33.03243025238849
1000,5.25,-0.5,0.1,10,-32.063833746307004,-31.695663653406243,-30.36991020728238,-32.8578670960756
1000,5.25,-0.5,0.55,-1,-32.08363188875825,-31.757206570897416,-30.70040562845835,-33.05579141360503
1000,5.25,-0.5,0.55,2,-32.08997409761877,-31.77923660603787,-30.677374952651025,-33.02352456758166
1000,5.25,-0.5,0.55,10,-32.13367158191393,-31.830833312295844,-30.69507727617113,-32.78705271439608
1000,5.25,-0.5,0.85,-1,-32.112968851945524,-31.740753786747394,-30.760456295850158,-33.03607196467963
1000,5.25,-0.5,0.85,2,-32.117608610314484,-31.7817287526946,-30.76456974191767,-33.000210522911416
1000,5.25,-0.5,0.85,10,-32.11479888950444,-31.890372975127214,-30.84834109429226,-32.75727948214426
1000,5.25,-0.25,0.1,-1,-32.23586764356995,-31.59707278929504,-30.292316753165483,-32.957916863346945
1000,5.25,-0.25,0.1,2,-32.23681937340315,-31.624375693264334,-30.25309773653585,-32.939898568559485
1000,5.25,-0.25,0.1,10,-32.160083319732834,-31.656892576242797,-30.200679176131075,-32.774350947312
1000,5.25,-0.25,0.55,-1,-32.2089989819863,-31.728882972444154,-30.613193351609894,-32.97474571722888
1000,5.25,-0.25,0.55,2,-32.222211339053935,-31.74797829355137,-30.598742195607407,-32.917576298251646
1000,5.25,-0.25,0.55,10,-32.27823049592949,-31.785860237772713,-30.596724085591788,-32.69609126607985
1000,5.25,-0.25,0.85,-1,-32.10161726225487,-31.76843013828063,-30.759130990985142,-32.98998507816249
1000,5.25,-0.25,0.85,2,-32.10769681018522,-31.804731135430853,-30.772857671129298,-32.910804115204584
1000,5.25,-0.25,0.85,10,-32.236456055609295,-31.83674023842135,-30.79635794697413,-32.665948289448274
1000,5.25,+0.0,0.1,-1,-32.20493714107479,-31.656005740576244,-30.2932422941821,-32.9230889809269
1000,5.25,+0.0,0.1,2,-32.20614158101911,-31.676528382514043,-30.25615922972319,-32.88430872709756
1000,5.25,+0.0,0.1,10,-32.08876661926772,-31.718430561473532,-30.145689354418295,-32.73447150219462
1000,5.25,+0.0,0.55,-1,-32.38025291291193,-31.72123994780316,-30.583302224913155,-32.898965438229226
1000,5.25,+0.0,0.55,2,-32.33736396354777,-31.726426946200217,-30.599190076425714,-32.80143677710465
1000,5.25,+0.0,0.55,10,-32.23901881421048,-31.855255597933827,-30.616000167472173,-32.6574337330227
1000,5.25,+0.0,0.85,-1,-32.26182285638078,-31.673081874150032,-30.67177536881153,-32.88646617650189
1000,5.25,+0.0,0.85,2,-32.27342933842002,-31.71191511307309,-30.70471504861333,-32.75917944999283
1000,5.25,+0.0,0.85,10,-32.2565377541651,-31.816712389377386,-30.751597819177515,-32.582772773249
1000,5.25,+0.25,0.1,-1,-32.16782974542174,-31.67903759858811,-30.31667278577087,-32.885248815743736
1000,5.25,+0.25,0.1,2,-32.17993152083482,-31.704080639692513,-30.292136676014202,-32.80759898052147
1000,5.25,+0.25,0.1,10,-32.03353912363632,-31.744379157356807,-30.071625565113628,-32.67880767649758
1000,5.25,+0.25,0.55,-1,-32.47371803201077,-31.807658095972698,-30.604328432088202,-32.83306440334223
1000,5.25,+0.25,0.55,2,-32.49356366494262,-31.840510877448306,-30.63456335441083,-32.677700924065896
1000,5.25,+0.25,0.55,10,-32.25337970368501,-31.878891595007964,-30.614366354886787,-32.589600101083704
1000,5.25,+0.25,0.85,-1,-32.36506973188035,-31.83521392866468,-30.749836058999144,-32.8387896352183
1000,5.25,+0.25,0.85,2,-32.39394732187493,-31.8778548705553,-30.81795413119497,-32.64459489122581
1000,5.25,+0.25,0.85,10,-32.189353439820756,-31.88115550649129,-30.889468266648535,-32.49922602772812
1000,5.25,+0.5,0.1,-1,-32.12655122048885,-31.67004712428492,-30.34810006707118,-32.84415474988264
1000,5.25,+0.5,0.1,2,-32.13012262685511,-31.699486757473636,-30.301100759987165,-32.72426441861554
1000,5.25,+0.5,0.1,10,-32.005545593482644,-31.71787642525264,-29.976673351575442,-32.598259190612936
1000,5.25,+0.5,0.55,-1,-32.31875252741546,-31.729045683768273,-30.68730473247917,-32.775125409830046
1000,5.25,+0.5,0.55,2,-32.340258869382744,-31.774940841581156,-30.721215329764004,-32.57416036639335
1000,5.25,+0.5,0.55,10,-32.17204577865566,-31.799381707128337,-30.472323172723492,-32.50373874623984
1000,5.25,+0.5,0.85,-1,-32.49517172014162,-31.937526931198434,-30.793663983470985,-32.757870950128606
1000,5.25,+0.5,0.85,2,-32.55333180668498,-32.02023845644522,-30.88351374048885,-32.52241353264014
1000,5.25,+0.5,0.85,10,-32.316639256174255,-31.819303853117713,-30.822972804397782,-32.323584327349174
1000,5.25,+0.75,0.1,-1,-32.121353151746234,-31.62911756877961,-30.392860114778692,-32.79031844712692
1000,5.25,+0.75,0.1,2,-32.123179141586405,-31.67016974386962,-30.27529831422713,-32.640685926128825
1000,5.25,+0.75,0.1,10,-31.92877101719375,-31.682611113956668,-29.975386879203004,-32.54009854535771
1000,5.25,+0.75,0.55,-1,-32.62346398465225,-31.916109818088515,-30.76436957128343,-32.6971820292316
1000,5.25,+0.75,0.55,2,-32.63132632003672,-31.9570467639808,-30.763977383514572,-32.47597194589328
1000,5.25,+0.75,0.55,10,-32.15427767951921,-31.77293073421035,-30.388761570311548,-32.40280346131528
1000,5.25,+0.75,0.85,-1,-32.583582712472804,-32.083560863367964,-30.894124998332117,-32.680821183441786
1000,5.25,+0.75,0.85,2,-32.58775779111798,-32.11280137622558,-30.988231928589464,-32.41170282002092
1000,5.25,+0.75,0.85,10,-32.31212653123305,-31.920258524045106,-30.901513104940257,-32.24916231563089
1000,5.25,+1.0,0.1,-1,-32.09197322736379,-31.601137736909596,-30.47809632372575,-32.74250996113475
1000,5.25,+1.0,0.1,2,-32.077500884176274,-31.656292229777346,-30.268721126085044,-32.5756943414302
1000,5.25,+1.0,0.1,10,-31.846267417331294,-31.613577218542055,-30.00771202891967,-32.481233076591884
1000,5.25,+1.0,0.55,-1,-32.2969465055411,-31.67326410102165,-30.834123958693887,-32.61081140379752
1000,5.25,+1.0,0.55,2,-32.313703047265044,-31.72911615879955,-30.78571469706631,-32.37701188330753
1000,5.25,+1.0,0.55,10,-32.057722793286345,-31.773191811764853,-30.34831501801877,-32.31508401144206
1000,5.25,+1.0,0.85,-1,-32.671855023617674,-32.17303984831499,-30.95560495696003,-32.57949301773064
1000,5.25,+1.0,0.85,2,-32.66540378516175,-32.18867610616976,-31.048158253395126,-32.29547138115525
1000,5.25,+1.0,0.85,10,-32.2920279966819,-32.01063085699198,-31.095665471153016,-32.09941913113746
1100,3.5,-2.5,0.1,-1,-32.21317952194994,-32.1382215015898,-31.561012869695855,-33.207228263274075
1100,3.5,-2.5,0.1,2,-32.206955672158486,-32.139406933221494,-31.576075664356402,-33.20795102489784
1100,3.5,-2.5,0.1,10,-32.20760821394448,-32.12802011137352,-31.5705581296826,-33.18862760905727
1100,3.5,-2.5,0.55,-1,-32.24191586783824,-32.24612017612952,-31.623938700717297,-33.22000259258784
1100,3.5,-2.5,0.55,2,-32.23859818598062,-32.245468960309694,-31.635054641788006,-33.21901773940737
1100,3.5,-2.5,0.55,10,-32.24279734175546,-32.24423284043792,-31.633645758738723,-33.18437472980921
1100,3.5,-2.5,0.85,-1,-32.244138341046,-32.27497189276697,-31.64750286883368,-33.21108680945144
1100,3.5,-2.5,0.85,2,-32.237614486100014,-32.27559539671571,-31.665864791039958,-33.21269984003126
1100,3.5,-2.5,0.85,10,-32.24702911969348,-32.27176901575828,-31.65425824679875,-33.172195092669554
1100,3.5,-2.0,0.1,-1,-32.29212128281069,-32.140081546917784,-31.523222069820758,-33.30123770515888
1100,3.5,-2.0,0.1,2,-32.280265116610316,-32.13890447942634,-31.54468693001477,-33.30089226496737
1100,3.5,-2.0,0.1,10,-32.2524915531486,-32.11992243552855,-31.547534070786636,-33.227753708252486
1100,3.5,-2.0,0.55,-1,-32.32339636703331,-32.26717198144382,-31.632880345995762,-33.304777542575984
1100,3.5,-2.0,0.55,2,-32.312630000297965,-32.26744432823439,-31.65469005509729,-33.305145267818524
1100,3.5,-2.0,0.55,10,-32.29873209520699,-32.2933127065541,-31.684409313791846,-33.19709829317368
1100,3.5,-2.0,0.85,-1,-32.34100762405981,-32.288335560647575,-31.646135217243064,-33.28211799413491
1100,3.5,-2.0,0.85,2,-32.33062195419063,-32.28979670748816,-31.66892233095879,-33.28222181944853
1100,3.5,-2.0,0.85,10,-32.314330841891376,-32.33725219640761,-31.71460915373066,-33.164252088891345
1100,3.5,-1.5,0.1,-1,-32.33283085574667,-32.16545257882192,-31.414783923978803,-33.33003187893157
1100,3.5,-1.5,0.1,2,-32.329157604302964,-32.16979940676734,-31.41694441953828,-33.32906745260643
1100,3.5,-1.5,0.1,10,-32.25672488696177,-32.132563084321255,-31.419536135355433,-33.21894464455524
1100,3.5,-1.5,0.55,-1,-32.39124038419717,-32.27588728727937,-31.55072280780166,-33.285581185372756
1100,3.5,-1.5,0.55,2,-32.391492192384874,-32.28016731582231,-31.560204657699632,-33.27921210675798
1100,3.5,-1.5,0.55,10,-32.33381324408648,-32.31119944260373,-31.647398077274232,-33.15386614568276
1100,3.5,-1.5,0.85,-1,-32.33120920561939,-32.324929259847664,-31.655689635862267,-33.29346798363536
1100,3.5,-1.5,0.85,2,-32.331428744850946,-32.33044249377694,-31.66111839302001,-33.29138060039041
1100,3.5,-1.5,0.85,10,-32.26996516652004,-32.40618083042285,-31.789901447684944,-33.14069589112495
1100,3.5,-1.0,0.1,-1,-32.28236166083745,-32.201591457216175,-31.36604756874503,-33.30166469866913
1100,3.5,-1.0,0.1,2,-32.27661370513029,-32.203290305553786,-31.37031379055813,-33.291520549156466
1100,3.5,-1.0,0.1,10,-32.09258908802118,-32.133988425040926,-31.342670430645395,-33.19530104281151
1100,3.5,-1.0,0.55,-1,-32.33346392566285,-32.29040633827495,-31.59370992466091,-33.22127896569407
1100,3.5,-1.0,0.55,2,-32.331680160354075,-32.2965310213921,-31.604597049436176,-33.1873160224123
1100,3.5,-1.0,0.55,10,-32.176419806819545,-32.34743498124887,-31.684640363608683,-33.12814151532193
1100,3.5,-1.0,0.85,-1,-32.332608092469975,-32.342467290329346,-31.693592815513355,-33.1977531504435
1100,3.5,-1.0,0.85,2,-32.33286445759721,-32.345684148725695,-31.69488902554953,-33.19010375600393
1100,3.5,-1.0,0.85,10,-32.18980125622765,-32.44023111279003,-31.86168028565898,-33.063261324402134
1100,3.5,-0.5,0.1,-1,-32.310922004881924,-32.11015811611547,-31.324058857427367,-33.18326042052523
1100,3.5,-0.5,0.1,2,-32.319454369745124,-32.127552714412374,-31.30662086539871,-33.14965869773042
1100,3.5,-0.5,0.1,10,-32.11139861546581,-32.081361353216245,-31.186574355716292,-33.06837052828601
1100,3.5,-0.5,0.55,-1,-32.366602002294535,-32.245438507928064,-31.67576548016089,-33.10042108535276
1100,3.5,-0.5,0.55,2,-32.37147021003358,-32.264795021170904,-31.676021319476092,-33.04014529269592
1100,3.5,-0.5,0.55,10,-32.07002730451094,-32.27438448763913,-31.557820412897154,-33.01623798464912
1100,3.5,-0.5,0.85,-1,-32.158276884646874,-32.36823577257734,-31.88900769766248,-33.115313602623
1100,3.5,-0.5,0.85,2,-32.16116978992564,-32.37495426847403,-31.89573963024428,-33.08042580681627
1100,3.5,-0.5,0.85,10,-32.12269302088346,-32.43436451534461,-31.862995197232653,-32.92566666944156
1100,3.5,-0.25,0.1,-1,-32.23876054140328,-32.074325935517706,-31.419578817723398,-33.157228541135694
1100,3.5,-0.25,0.1,2,-32.242688520620064,-32.08973943920069,-31.32299233552512,-33.0993780069405
1100,3.5,-0.25,0.1,10,-32.03518999359266,-32.04715117857157,-31.18588218719417,-33.02019102244711
1100,3.5,-0.25,0.55,-1,-32.269778032825236,-32.22418786236538,-31.77849643285048,-33.061645284951226
1100,3.5,-0.25,0.55,2,-32.29975751463927,-32.259470507037506,-31.733472540635393,-32.98846399253775
1100,3.5,-0.25,0.55,10,-32.31141940396386,-32.26387189766385,-31.45045254845573,-32.85006640147855
1100,3.5,-0.25,0.85,-1,-32.24819486287233,-32.37105040653174,-31.924965325103845,-33.019609504063844
1100,3.5,-0.25,0.85,2,-32.25281940280955,-32.38020883662148,-31.926574751017412,-32.97686813392073
1100,3.5,-0.25,0.85,10,-32.0123521308206,-32.43496752872076,-31.951050081536387,-32.84893127915841
1100,3.5,+0.0,0.1,-1,-32.18433684864243,-32.01414267189109,-31.476638554065914,-33.102028078109065
1100,3.5,+0.0,0.1,2,-32.18053729120585,-32.04386507424718,-31.318227308410748,-33.03664061918387
1100,3.5,+0.0,0.1,10,-32.15074175043456,-31.911500317726755,-31.045092326117153,-32.891951072366226
1100,3.5,+0.0,0.55,-1,-32.581706426160565,-32.238364226246105,-31.78609344845629,-32.984395172219955
1100,3.5,+0.0,0.55,2,-32.507176561728095,-32.21285381158661,-31.692454194733347,-32.880839495471605
1100,3.5,+0.0,0.55,10,-32.191692213477914,-32.24243709157246,-31.457862424266082,-32.78513486255217
1100,3.5,+0.0,0.85,-1,-32.127766469779246,-32.36288428661992,-32.052046256995425,-32.962680995675704
1100,3.5,+0.0,0.85,2,-32.13437804793902,-32.37539534414928,-32.04622654608355,-32.91196951548508
1100,3.5,+0.0,0.85,10,-32.28553657169282,-32.44974181779942,-32.00040859969658,-32.5691360132577
1100,3.5,+0.25,0.1,-1,-32.15403059934404,-31.929216083718977,-31.483757467657448,-33.02352914664081
1100,3.5,+0.25,0.1,2,-32.139558601761145,-31.965347380801052,-31.279244809881366,-32.957919842945955
1100,3.5,+0.25,0.1,10,-32.06604901368426,-31.839295138136787,-31.077947841911016,-32.836278346882544
1100,3.5,+0.25,0.55,-1,-32.35677093785136,-32.13005637640074,-31.800601304870074,-32.90559249979889
1100,3.5,+0.25,0.55,2,-32.36712354777487,-32.166263117215586,-31.721791583375875,-32.82431028421634
1100,3.5,+0.25,0.55,10,-32.12710722761907,-32.19980579125372,-31.459000221262407,-32.69806048485578
1100,3.5,+0.25,0.85,-1,-32.01909108399626,-32.344445446865564,-32.18193664018341,-32.896892481482624
1100,3.5,+0.25,0.85,2,-32.02656571230174,-32.35888332620031,-32.17483487030521,-32.83669858916979
1100,3.5,+0.25,0.85,10,-32.17866946429352,-32.45893683396217,-32.15850302639955,-32.46393557338853
1100,3.5,+0.5,0.1,-1,-32.11006158380313,-31.85463155533189,-31.490539705682398,-32.95337243523751
1100,3.5,+0.5,0.1,2,-32.18761978660543,-31.851410060038212,-31.212110326621048,-32.853566294924676
1100,3.5,+0.5,0.1,10,-32.01600259482403,-31.775735296031456,-31.12075438874916,-32.78573766668386
1100,3.5,+0.5,0.55,-1,-32.3310571371138,-32.134459437099856,-31.839813386412757,-32.8642254979325
1100,3.5,+0.5,0.55,2,-32.33899749900952,-32.17016386589721,-31.74913229306265,-32.779798072474286
1100,3.5,+0.5,0.55,10,-32.221761617909095,-32.05755861189925,-31.235939117797212,-32.53063060896761
1100,3.5,+0.5,0.85,-1,-32.073169396836235,-32.40004444327374,-32.26738411416236,-32.80645877146462
1100,3.5,+0.5,0.85,2,-32.52972501148856,-32.64986687920921,-32.21116727045827,-32.6767741819284
1100,3.5,+0.5,0.85,10,-32.09831905548874,-32.44619281172048,-32.21945273976202,-32.369148023744884
1100,3.5,+0.75,0.1,-1,-32.1194132878722,-31.76063807745124,-31.453606186933705,-32.868610614517465
1100,3.5,+0.75,0.1,2,-32.08108009230238,-31.77829524816432,-31.23632092828523,-32.79025089757249
1100,3.5,+0.75,0.1,10,-31.95793267232007,-31.712864188123827,-31.173319345899465,-32.73961526032512
1100,3.5,+0.75,0.55,-1,-32.2683913564219,-32.05476722552856,-31.787146819127628,-32.77919305689034
1100,3.5,+0.75,0.55,2,-32.27623560616873,-32.09006708173542,-31.69686219533559,-32.687061764675576
1100,3.5,+0.75,0.55,10,-32.139696321789856,-31.997277341422077,-31.245675083234033,-32.44705698726717
1100,3.5,+0.75,0.85,-1,-32.00048050809389,-32.36485687669407,-32.366940422514716,-32.72831354036954
1100,3.5,+0.75,0.85,2,-32.01349910371833,-32.3934416680933,-32.37454225863577,-32.57864111127492
1100,3.5,+0.75,0.85,10,-32.03292146722844,-32.45064514906682,-32.309542801771535,-32.27905977816224
1100,3.5,+1.0,0.1,-1,-32.05094144879838,-31.702934243680904,-31.42925426046622,-32.80099923785153
1100,3.5,+1.0,0.1,2,-31.973587418042566,-31.68797989986395,-31.26546062475814,-32.72645517177798
1100,3.5,+1.0,0.1,10,-31.912144577864446,-31.648911555474704,-31.225236949868567,-32.69890781882799
1100,3.5,+1.0,0.55,-1,-32.32713627906625,-31.959492770995364,-31.706930168655738,-32.704070118895
1100,3.5,+1.0,0.55,2,-32.33304400000938,-31.992268435497486,-31.61489875964226,-32.602762121931406
1100,3.5,+1.0,0.55,10,-32.09158535420703,-31.92580545938119,-31.24007953161794,-32.359208347532544
1100,3.5,+1.0,0.85,-1,-32.03760379652228,-32.38734041818723,-32.46190705165744,-32.666058206391696
1100,3.5,+1.0,0.85,2,-31.988550617611352,-32.35143351341685,-32.41785353992768,-32.48732903398843
1100,3.5,+1.0,0.85,10,-31.987322833054268,-32.46420204688154,-32.2534018592355,-32.13148726886564
1100,4.0,-2.5,0.1,-1,-32.1695206952196,-32.188675171114255,-31.582312777080077,-33.196770159987395
1100,4.0,-2.5,0.1,2,-32.16801636450032,-32.189078393342825,-31.58358791560495,-33.193308792902855
1100,4.0,-2.5,0.1,10,-32.16597777950912,-32.179553111514416,-31.583028132340687,-33.181436622635935
1100,4.0,-2.5,0.55,-1,-32.19576631093773,-32.27768879567734,-31.627073659069325,-33.20426911252968
1100,4.0,-2.5,0.55,2,-32.19274104420683,-32.27735154710793,-31.636788126902097,-33.20233601853319
1100,4.0,-2.5,0.55,10,-32.19936876634581,-32.27449020065896,-31.63113086686446,-33.17494109810188
1100,4.0,-2.5,0.85,-1,-32.190353656259056,-32.31602185192065,-31.667797266220457,-33.20464743949219
1100,4.0,-2.5,0.85,2,-32.18584582962181,-32.31488621032065,-31.6793867331022,-33.20540385753764
1100,4.0,-2.5,0.85,10,-32.19503659995761,-32.30897909362369,-31.66497045515448,-33.17220821165762
1100,4.0,-2.0,0.1,-1,-32.25071602915083,-32.18768320917555,-31.539205828152895,-33.300025198423285
1100,4.0,-2.0,0.1,2,-32.25079789200139,-32.1895315997475,-31.550890082229706,-33.2976899953009
1100,4.0,-2.0,0.1,10,-32.24915330013582,-32.17814074553757,-31.54258694003287,-33.24706014505293
1100,4.0,-2.0,0.55,-1,-32.28608334171654,-32.31208061405865,-31.63198236711585,-33.308676123978024
1100,4.0,-2.0,0.55,2,-32.27407707368372,-32.31324242157844,-31.652133307811837,-33.310785710859896
1100,4.0,-2.0,0.55,10,-32.289882394718624,-32.31967520191379,-31.648783171078485,-33.232338535297586
1100,4.0,-2.0,0.85,-1,-32.27914423855253,-32.34457161740015,-31.673329605670418,-33.30218455154147
1100,4.0,-2.0,0.85,2,-32.273657138267886,-32.345392622428506,-31.686582767746426,-33.29981750007092
1100,4.0,-2.0,0.85,10,-32.283685526000355,-32.35408692052432,-31.689465875058897,-33.216853584346104
1100,4.0,-1.5,0.1,-1,-32.317003662089746,-32.18275507727747,-31.403036308927867,-33.34353090667592
1100,4.0,-1.5,0.1,2,-32.31053376986785,-32.18751659941377,-31.410509594080946,-33.34192591737934
1100,4.0,-1.5,0.1,10,-32.28939519976231,-32.17844103995421,-31.408756830585208,-33.249434725683614
1100,4.0,-1.5,0.55,-1,-32.343828289818866,-32.30330902527505,-31.551358895315474,-33.33852902366456
1100,4.0,-1.5,0.55,2,-32.33590705352548,-32.30648818106124,-31.56556948378548,-33.337011165229875
1100,4.0,-1.5,0.55,10,-32.28972528132721,-32.35887015282546,-31.64048921092604,-33.18129624317281
1100,4.0,-1.5,0.85,-1,-32.37140367483337,-32.32054844603374,-31.594034908217445,-33.316221524602156
1100,4.0,-1.5,0.85,2,-32.36210152551589,-32.32626883226625,-31.60998954524395,-33.31335524246794
1100,4.0,-1.5,0.85,10,-32.355068923701126,-32.373022455810265,-31.656488495990658,-33.16839917077876
1100,4.0,-1.0,0.1,-1,-32.28811904874935,-32.229084487919394,-31.31043595629043,-33.33987514273007
1100,4.0,-1.0,0.1,2,-32.404169698137736,-32.18487293723416,-31.216242820681515,-33.29153194811373
1100,4.0,-1.0,0.1,10,-32.28421290324761,-32.14158207314828,-31.201790738873903,-33.16447857317976
1100,4.0,-1.0,0.55,-1,-32.30251680375426,-32.332496552946864,-31.53172683152089,-33.294449972040866
1100,4.0,-1.0,0.55,2,-32.29908501890805,-32.33656357871657,-31.533845498508185,-33.28628835643968
1100,4.0,-1.0,0.55,10,-32.33414586559255,-32.34582093797735,-31.521917568662122,-33.10577703837303
1100,4.0,-1.0,0.85,-1,-32.31415996923462,-32.363552285409995,-31.610977479722102,-33.27387004898824
1100,4.0,-1.0,0.85,2,-32.3129712025466,-32.36867819194425,-31.61329688713632,-33.25830145581783
1100,4.0,-1.0,0.85,10,-32.399669565581014,-32.412441352862544,-31.637416611562866,-33.035477934235786
1100,4.0,-0.5,0.1,-1,-32.331915794057466,-32.19350335217631,-31.220915622526277,-33.23458140195381
1100,4.0,-0.5,0.1,2,-32.33015732551347,-32.19740781477518,-31.21392479805058,-33.22345980003637
1100,4.0,-0.5,0.1,10,-32.083446800245675,-32.133486522693005,-31.11742833741049,-33.1126297656924
1100,4.0,-0.5,0.55,-1,-32.360387985943746,-32.29509227171892,-31.554324721575668,-33.17054281833173
1100,4.0,-0.5,0.55,2,-32.36172456967214,-32.30164489620435,-31.563958964206687,-33.13139250395451
1100,4.0,-0.5,0.55,10,-32.470022020980345,-32.31039125102947,-31.40051470652628,-32.94203513642067
1100,4.0,-0.5,0.85,-1,-32.372103903898356,-32.35459757616548,-31.646813395379727,-33.14104368173136
1100,4.0,-0.5,0.85,2,-32.37303872713885,-32.362859104204674,-31.6668543319985,-33.089115459089896
1100,4.0,-0.5,0.85,10,-32.17664603299384,-32.45509177932656,-31.766770246032955,-32.98598104469515
1100,4.0,-0.25,0.1,-1,-32.25928452101392,-32.166121768865764,-31.28509875025045,-33.20325431852613
1100,4.0,-0.25,0.1,2,-32.26045909026697,-32.17256380866652,-31.270329682201506,-33.17639488299204
1100,4.0,-0.25,0.1,10,-32.27683709769642,-32.08286222908092,-30.958755029841956,-32.99327982591632
1100,4.0,-0.25,0.55,-1,-32.29813064391878,-32.28401465401652,-31.643270183499965,-33.121432477941106
1100,4.0,-0.25,0.55,2,-32.301453494164996,-32.29542475984972,-31.645372218590584,-33.067513122909304
1100,4.0,-0.25,0.55,10,-32.24628169859954,-32.28504205636838,-31.324541877734248,-32.9466363021284
1100,4.0,-0.25,0.85,-1,-32.264484876097555,-32.37810160173159,-31.771269461112794,-33.09603365254265
1100,4.0,-0.25,0.85,2,-32.26997953346175,-32.390900676708576,-31.79308372518209,-33.0252281835257
1100,4.0,-0.25,0.85,10,-32.42080093856086,-32.416620316680394,-31.740916547492937,-32.765373749757565
1100,4.0,+0.0,0.1,-1,-32.46196281272781,-32.06580843331848,-31.214718337015817,-33.097510995861576
1100,4.0,+0.0,0.1,2,-32.464552825469404,-32.078208581070044,-31.178720776348126,-33.05786363520201
1100,4.0,+0.0,0.1,10,-32.201384019544136,-32.042110329810576,-30.95167958290807,-32.94130972753122
1100,4.0,+0.0,0.55,-1,-32.440422023245084,-32.213828484999866,-31.623319769268456,-33.01271363626515
1100,4.0,+0.0,0.55,2,-32.44652859858101,-32.231157269207635,-31.60791274353206,-32.94843387134887
1100,4.0,+0.0,0.55,10,-32.15474726935471,-32.24915386614925,-31.298825619596315,-32.88028101362227
1100,4.0,+0.0,0.85,-1,-32.16941237663596,-32.3803659421585,-31.892399264680563,-33.03468226906698
1100,4.0,+0.0,0.85,2,-32.17840546485767,-32.39792308983699,-31.904180345029634,-32.950759531564046
1100,4.0,+0.0,0.85,10,-32.23340332080578,-32.43223022753518,-31.69270768104966,-32.77190396622033
1100,4.0,+0.25,0.1,-1,-32.383524996265685,-32.003106651313004,-31.291337853021272,-33.04576526347485
1100,4.0,+0.25,0.1,2,-32.38740265758886,-32.02916555788087,-31.1946882932478,-32.994763928271084
1100,4.0,+0.25,0.1,10,-32.147040093914505,-31.99067532792496,-30.976563425296963,-32.88544079624297
1100,4.0,+0.25,0.55,-1,-32.38497201415643,-32.21996656328667,-31.729953055958298,-32.96920517452318
1100,4.0,+0.25,0.55,2,-32.392359795546625,-32.24547918371635,-31.682349462040996,-32.89733036180461
1100,4.0,+0.25,0.55,10,-32.39119736842875,-32.23499858175548,-31.20539776004104,-32.697808395190215
1100,4.0,+0.25,0.85,-1,-32.39664423129659,-32.430408764302584,-31.88378509698196,-32.91440366439938
1100,4.0,+0.25,0.85,2,-32.4071989022191,-32.449194358522625,-31.88843107835026,-32.817714691461525
1100,4.0,+0.25,0.85,10,-32.1227820385006,-32.4491215960065,-31.823558924007656,-32.65724989257494
1100,4.0,+0.5,0.1,-1,-32.28289200848343,-31.93605761884088,-31.361298464355585,-32.98691907343337
1100,4.0,+0.5,0.1,2,-32.278628680442914,-31.964253433869118,-31.18850143137983,-32.92463834552997
1100,4.0,+0.5,0.1,10,-32.058770600170746,-31.878955904357767,-30.956268071953346,-32.80247427609484
1100,4.0,+0.5,0.55,-1,-32.631355864314024,-32.139088103551195,-31.671936529864354,-32.84929986955946
1100,4.0,+0.5,0.55,2,-32.63828486354007,-32.169676766162226,-31.60596832842399,-32.77182408021965
1100,4.0,+0.5,0.55,10,-32.29843998534732,-32.22546096032543,-31.23789761505513,-32.6258536014893
1100,4.0,+0.5,0.85,-1,-32.31416444297623,-32.454477292340194,-32.004889650116326,-32.842717614800335
1100,4.0,+0.5,0.85,2,-32.32627302688764,-32.47609988250305,-32.00186437073419,-32.73358725967015
1100,4.0,+0.5,0.85,10,-32.45866725687146,-32.54698839908728,-31.96055300804426,-32.36968095844091
1100,4.0,+0.75,0.1,-1,-32.23439875760135,-31.884678339181683,-31.394742121097515,-32.92442628542929
1100,4.0,+0.75,0.1,2,-32.22987813642898,-31.91490470352376,-31.17490979536695,-32.85619334246459
1100,4.0,+0.75,0.1,10,-32.10595208687863,-31.79243147802044,-30.981669468345316,-32.741086259338836
1100,4.0,+0.75,0.55,-1,-32.53708323451044,-32.110767455439195,-31.713928595636037,-32.793600591231794
1100,4.0,+0.75,0.55,2,-32.55570417638041,-32.17323023730517,-31.54351229025497,-32.655754375775324
1100,4.0,+0.75,0.55,10,-32.36508899208635,-32.10428005158726,-31.12322954612411,-32.478656484444045
1100,4.0,+0.75,0.85,-1,-32.23078345256878,-32.457682065344315,-32.1461890066131,-32.77034891793634
1100,4.0,+0.75,0.85,2,-32.24362094833491,-32.48142071743384,-32.142814945720566,-32.648384620726176
1100,4.0,+0.75,0.85,10,-32.40898542488762,-32.54632072893464,-32.03124130282543,-32.282056672000806
1100,4.0,+1.0,0.1,-1,-32.161793356083905,-31.805447222650752,-31.374062681541368,-32.84398479815455
1100,4.0,+1.0,0.1,2,-32.13464386040042,-31.76474235559047,-31.06953729539935,-32.7210261898892
1100,4.0,+1.0,0.1,10,-32.06037995596506,-31.72343761213497,-31.025118964609412,-32.692616166239375
1100,4.0,+1.0,0.55,-1,-32.446568766554,-32.077884832266534,-31.70902529934986,-32.73994395030999
1100,4.0,+1.0,0.55,2,-32.45885175922985,-32.13757909673173,-31.535759691925595,-32.600788137449214
1100,4.0,+1.0,0.55,10,-32.29553277924546,-32.02611235038309,-31.093176476332438,-32.390738824058396
1100,4.0,+1.0,0.85,-1,-32.185675658440324,-32.46905100958144,-32.25851870599341,-32.68780622013424
1100,4.0,+1.0,0.85,2,-32.19812388243594,-32.494707737748854,-32.25409046135008,-32.55161656998761
1100,4.0,+1.0,0.85,10,-32.3394131537307,-32.59660595611298,-32.14731001221758,-32.136860813537915
1100,4.5,-2.5,0.1,-1,-32.11548399071929,-32.22176278210629,-31.601145411763586,-33.178425211738535
1100,4.5,-2.5,0.1,2,-32.116833438441176,-32.222650799048225,-31.601273552706065,-33.17536494298856
1100,4.5,-2.5,0.1,10,-32.12760706178231,-32.21447288044354,-31.58146872292462,-33.17007723091594
1100,4.5,-2.5,0.55,-1,-32.14933145519788,-32.290102881758415,-31.626360908537485,-33.17299647754155
1100,4.5,-2.5,0.55,2,-32.148035111845665,-32.28973905718418,-31.633372506272643,-33.17326314208018
1100,4.5,-2.5,0.55,10,-32.15546950570209,-32.27875086363567,-31.615406761272894,-33.1665282842002
1100,4.5,-2.5,0.85,-1,-32.13333740931445,-32.32630867283818,-31.685321294815356,-33.18870484158249
1100,4.5,-2.5,0.85,2,-32.13249191545923,-32.32594264273699,-31.693131733681717,-33.18974589681678
1100,4.5,-2.5,0.85,10,-32.14284602563817,-32.3173245018534,-31.672539009357152,-33.179014179311196
1100,4.5,-2.0,0.1,-1,-32.19122065019059,-32.245366815527994,-31.58559182450557,-33.29974252299416
1100,4.5,-2.0,0.1,2,-32.18634293275857,-32.24586039110786,-31.598408494461378,-33.30007957576556
1100,4.5,-2.0,0.1,10,-32.19112371439563,-32.23887790463563,-31.593757963469926,-33.2599426458681
1100,4.5,-2.0,0.55,-1,-32.23693391641814,-32.35302009239301,-31.654065721688692,-33.30189392387408
1100,4.5,-2.0,0.55,2,-32.2273405155875,-32.35128755954761,-31.677100110747865,-33.30125903027858
1100,4.5,-2.0,0.55,10,-32.24102355204343,-32.35365798669635,-31.66475759426603,-33.238868303003926
1100,4.5,-2.0,0.85,-1,-32.219630492332875,-32.390513788682874,-31.699102152250234,-33.306969305821966
1100,4.5,-2.0,0.85,2,-32.20687953495556,-32.38788834548015,-31.71835694632219,-33.30911463944248
1100,4.5,-2.0,0.85,10,-32.21646217581076,-32.39409918328009,-31.723211119927694,-33.24020312977264
1100,4.5,-1.5,0.1,-1,-32.265809044466124,-32.237490437369104,-31.45058613361359,-33.368788450406164
1100,4.5,-1.5,0.1,2,-32.2480976098217,-32.24059537316943,-31.46702563207057,-33.369954355743644
1100,4.5,-1.5,0.1,10,-32.250814164747496,-32.23275992166354,-31.456183261538307,-33.2723655230972
1100,4.5,-1.5,0.55,-1,-32.26371591929589,-32.35459225079459,-31.58400318461107,-33.37927953671961
1100,4.5,-1.5,0.55,2,-32.254452903399105,-32.35732917295702,-31.59763598854315,-33.37870890653678
1100,4.5,-1.5,0.55,10,-32.26174688285285,-32.38522248119869,-31.62057999344535,-33.23864229856001
1100,4.5,-1.5,0.85,-1,-32.27684022754792,-32.38110248169032,-31.62911886439218,-33.36541538216161
1100,4.5,-1.5,0.85,2,-32.27057423914772,-32.38391652921342,-31.638327270059307,-33.361450204117446
1100,4.5,-1.5,0.85,10,-32.27797511532826,-32.425574373930395,-31.674450378039634,-33.21263494670765
1100,4.5,-1.0,0.1,-1,-32.368121484646416,-32.22270086575669,-31.222465194301392,-33.34070036617694
1100,4.5,-1.0,0.1,2,-32.384663467,-32.2378699138051,-31.21718637373845,-33.33602333477229
1100,4.5,-1.0,0.1,10,-32.32881073221294,-32.22778525157708,-31.211402828282417,-33.20794906623517
1100,4.5,-1.0,0.55,-1,-32.39382788250883,-32.31710689689028,-31.41544309387134,-33.3216622405057
1100,4.5,-1.0,0.55,2,-32.388354007998586,-32.32241311261967,-31.42343203915098,-33.310004442023924
1100,4.5,-1.0,0.55,10,-32.2814847445877,-32.39671971918525,-31.537671431517175,-33.153146530629996
1100,4.5,-1.0,0.85,-1,-32.4303394327388,-32.322961649548574,-31.468217558282205,-33.294535052616986
1100,4.5,-1.0,0.85,2,-32.42795204414755,-32.33140638785411,-31.47557155328635,-33.27533933634021
1100,4.5,-1.0,0.85,10,-32.3860331141426,-32.41931527752704,-31.560990154165154,-33.10305727280466
1100,4.5,-0.5,0.1,-1,-32.52351502396841,-32.15553007805326,-31.012034843045285,-33.21316703971599
1100,4.5,-0.5,0.1,2,-32.52555864662364,-32.166535298810494,-30.9989304603711,-33.19818361261084
1100,4.5,-0.5,0.1,10,-32.36568571467173,-32.15925612617108,-30.93644877093088,-33.079741675428004
1100,4.5,-0.5,0.55,-1,-32.33513008431454,-32.33585554611983,-31.462506052374483,-33.24244550085341
1100,4.5,-0.5,0.55,2,-32.336462332246874,-32.34693192317406,-31.479215141048634,-33.18458280386947
1100,4.5,-0.5,0.55,10,-32.39635742463933,-32.35944379026235,-31.346975063576878,-33.03354556481088
1100,4.5,-0.5,0.85,-1,-32.36766777277464,-32.36260149970717,-31.52657267513929,-33.217543295411694
1100,4.5,-0.5,0.85,2,-32.3706928233814,-32.378022668313946,-31.55864519639781,-33.139075519157316
1100,4.5,-0.5,0.85,10,-32.46917054100838,-32.4222524214403,-31.526379006278688,-32.943848442523446
1100,4.5,-0.25,0.1,-1,-32.467964709068646,-32.172570075918465,-31.049463398466624,-33.18802208623608
1100,4.5,-0.25,0.1,2,-32.505034838663704,-32.20139773156091,-31.037592912476455,-33.152631094774236
1100,4.5,-0.25,0.1,10,-32.264175009545454,-32.163854544581035,-30.875480166546033,-33.04081639381642
1100,4.5,-0.25,0.55,-1,-32.54562244292331,-32.28103105388899,-31.390874263647653,-33.13335255184723
1100,4.5,-0.25,0.55,2,-32.54537193471564,-32.29276528483829,-31.41029123234331,-33.05502290321855
1100,4.5,-0.25,0.55,10,-32.29785717563622,-32.34998428101292,-31.313807516946625,-33.0096409384986
1100,4.5,-0.25,0.85,-1,-32.29160954574316,-32.384244487027274,-31.625288169849934,-33.17271659598483
1100,4.5,-0.25,0.85,2,-32.294301716812434,-32.39068575485743,-31.64033103101747,-33.131521095321794
1100,4.5,-0.25,0.85,10,-32.374002350912804,-32.44120276933366,-31.57741337734665,-32.916118948748725
1100,4.5,+0.0,0.1,-1,-32.424213019592436,-32.16405948954608,-31.10240171801299,-33.15594151626444
1100,4.5,+0.0,0.1,2,-32.42379904834587,-32.17955285488418,-31.069778758084187,-33.09154771499229
1100,4.5,+0.0,0.1,10,-32.258786311568315,-32.13112046439319,-30.828549981167654,-32.979058290462774
1100,4.5,+0.0,0.55,-1,-32.501394298578035,-32.30858274805574,-31.486190263559266,-33.08825832326656
1100,4.5,+0.0,0.55,2,-32.493993763901045,-32.325190286544526,-31.49104203212044,-32.986411328013936
1100,4.5,+0.0,0.55,10,-32.547661378930634,-32.30433429362973,-31.222356569647836,-32.84149388647645
1100,4.5,+0.0,0.85,-1,-32.53600730007462,-32.4029837666838,-31.58739402741725,-33.05606741410802
1100,4.5,+0.0,0.85,2,-32.53851509106796,-32.410537203727316,-31.607113499854105,-32.999595539738
1100,4.5,+0.0,0.85,10,-32.25103872896711,-32.4435587127427,-31.61552938290785,-32.86420959335631
1100,4.5,+0.25,0.1,-1,-32.415873926874724,-32.13644448850061,-31.16024893493986,-33.10882904463949
1100,4.5,+0.25,0.1,2,-32.44457386944678,-32.18117473776416,-31.0648611099236,-33.0287166408811
1100,4.5,+0.25,0.1,10,-32.3025057250529,-32.054576828346335,-30.759746819419252,-32.8881064971685
1100,4.5,+0.25,0.55,-1,-32.85692530435506,-32.31700687337305,-31.499360632290482,-32.99140123237609
1100,4.5,+0.25,0.55,2,-32.86407760763383,-32.34768302721903,-31.470796491404474,-32.87729446441269
1100,4.5,+0.25,0.55,10,-32.34673573218695,-32.2728933342881,-31.071628508821433,-32.80815836141825
1100,4.5,+0.25,0.85,-1,-32.44842898936707,-32.450425126725804,-31.72664828739176,-32.995873716388786
1100,4.5,+0.25,0.85,2,-32.45414029664997,-32.461940692420434,-31.743352054216835,-32.91938190669691
1100,4.5,+0.25,0.85,10,-32.550013063568755,-32.461649363450015,-31.697578502385614,-32.610529184763536
1100,4.5,+0.5,0.1,-1,-32.48989516003737,-32.04865895614093,-31.1814392487026,-33.02906401923318
1100,4.5,+0.5,0.1,2,-32.47157533928294,-32.0543433692181,-30.977168713192746,-32.918905202272484
1100,4.5,+0.5,0.1,10,-32.278652082022084,-31.979753073529857,-30.751337163034936,-32.817342223079635
1100,4.5,+0.5,0.55,-1,-32.72052391416909,-32.26496555959485,-31.557345729950292,-32.913663261808274
1100,4.5,+0.5,0.55,2,-32.72902656987708,-32.303390616970724,-31.48179033427745,-32.78990991129445
1100,4.5,+0.5,0.55,10,-32.48348102086674,-32.23171434230801,-31.011752642741605,-32.652530887875386
1100,4.5,+0.5,0.85,-1,-32.37316622748813,-32.46502990845769,-31.841420357912845,-32.91894524491693
1100,4.5,+0.5,0.85,2,-32.38979509302676,-32.49332537624381,-31.863168794885457,-32.76176641647843
1100,4.5,+0.5,0.85,10,-32.39034244595122,-32.438769066331695,-31.56216129996534,-32.58263454658866
1100,4.5,+0.75,0.1,-1,-32.407752553079035,-31.93141345208415,-31.214739104315193,-32.94967762629519
1100,4.5,+0.75,0.1,2,-32.4202864443273,-31.99590239218555,-30.947122450851573,-32.84353462284555
1100,4.5,+0.75,0.1,10,-32.23625068073701,-31.914404312486568,-30.800145845333354,-32.76852364770577
1100,4.5,+0.75,0.55,-1,-32.64361506652446,-32.25554091914613,-31.642111217172364,-32.85620885920014
1100,4.5,+0.75,0.55,2,-32.65444780201426,-32.30346129989254,-31.522286106052672,-32.73150990952776
1100,4.5,+0.75,0.55,10,-32.40072317797414,-32.17891380869895,-30.9591395970063,-32.557102968737446
1100,4.5,+0.75,0.85,-1,-32.28400672512087,-32.48120323412766,-31.964943495005148,-32.832867072597914
1100,4.5,+0.75,0.85,2,-32.302127948445,-32.51195838586594,-31.977173582966934,-32.65928291051003
1100,4.5,+0.75,0.85,10,-32.69902885806222,-32.62335066165817,-31.77892705944355,-32.33883066609717
1100,4.5,+1.0,0.1,-1,-32.36053618421364,-31.884036335148224,-31.26307560329299,-32.88699873131226
1100,4.5,+1.0,0.1,2,-32.29669915377108,-31.892876755359243,-30.908216638018907,-32.75797636129909
1100,4.5,+1.0,0.1,10,-32.14760496639712,-31.835235531329754,-30.86613109625749,-32.72135058611836
1100,4.5,+1.0,0.55,-1,-32.65038839668838,-32.17285053412362,-31.65876622758358,-32.776837511381274
1100,4.5,+1.0,0.55,2,-32.6609664209932,-32.225488457117855,-31.509748362679545,-32.65268788317221
1100,4.5,+1.0,0.55,10,-32.27184637470223,-32.0898846316061,-30.921811814700867,-32.45175099718963
1100,4.5,+1.0,0.85,-1,-32.73585120760486,-32.759805809492846,-31.993030717174165,-32.71365471330234
1100,4.5,+1.0,0.85,2,-32.75395128996116,-32.7889933039436,-31.99161892723118,-32.52662293647838
1100,4.5,+1.0,0.85,10,-32.57903396213991,-32.63673150770172,-31.88247587986236,-32.13775448834857
1100,5.0,-2.5,0.1,-1,-32.087862939596434,-32.22794819658388,-31.575286897929885,-33.134745651688576
1100,5.0,-2.5,0.1,2,-32.087202180169186,-32.227898468991505,-31.577359815827748,-33.13447214603085
1100,5.0,-2.5,0.1,10,-32.09244283119656,-32.21646966905463,-31.560830830467346,-33.13387620910377
1100,5.0,-2.5,0.55,-1,-32.096167032580674,-32.29397287864823,-31.634546063256515,-33.14790279722797
1100,5.0,-2.5,0.55,2,-32.09366457940462,-32.29358232823826,-31.63787479715111,-33.148542504429386
1100,5.0,-2.5,0.55,10,-32.09756345927654,-32.28365017412405,-31.625646667835433,-33.14838724305397
1100,5.0,-2.5,0.85,-1,-32.09024388839172,-32.31750449243501,-31.67660956014094,-33.15596508978838
1100,5.0,-2.5,0.85,2,-32.08978159495726,-32.31750254506241,-31.677932041728187,-33.15579821391231
1100,5.0,-2.5,0.85,10,-32.100628813157506,-32.30916587240803,-31.65601957243623,-33.15201354865763
1100,5.0,-2.0,0.1,-1,-32.22157396385149,-32.24671277320649,-31.538672120029997,-33.23244618328709
1100,5.0,-2.0,0.1,2,-32.217220955569054,-32.24668422296519,-31.548833983011292,-33.231816114494265
1100,5.0,-2.0,0.1,10,-32.223041461995024,-32.23098676308642,-31.533459709884013,-33.225561809255346
1100,5.0,-2.0,0.55,-1,-32.22026376619605,-32.35122166594098,-31.621276226897564,-33.24988087336935
1100,5.0,-2.0,0.55,2,-32.23151154516517,-32.351927576815754,-31.633180711193816,-33.25159484421525
1100,5.0,-2.0,0.55,10,-32.234233955636945,-32.343823571728684,-31.61118519619153,-33.22850819341755
1100,5.0,-2.0,0.85,-1,-32.20471848538465,-32.398803769724395,-31.693193079425704,-33.26704006392818
1100,5.0,-2.0,0.85,2,-32.20239978782417,-32.39819250034349,-31.700235378797444,-33.26483765056859
1100,5.0,-2.0,0.85,10,-32.205931085266656,-32.39171654929768,-31.69041166313438,-33.24383936024353
1100,5.0,-1.5,0.1,-1,-32.15917868221517,-32.28332682948402,-31.525730790437972,-33.38521208902079
1100,5.0,-1.5,0.1,2,-32.18244530820282,-32.27383951490295,-31.514207682496377,-33.37358448659233
1100,5.0,-1.5,0.1,10,-32.15676723052596,-32.27798006002948,-31.52037000225109,-33.33028729204642
1100,5.0,-1.5,0.55,-1,-32.364209015048175,-32.33586922647672,-31.501090121384028,-33.32878262630106
1100,5.0,-1.5,0.55,2,-32.359191889761156,-32.34444165211839,-31.514307446330516,-33.3274928901738
1100,5.0,-1.5,0.55,10,-32.38656922783482,-32.35388291571979,-31.50483632344435,-33.21406960087446
1100,5.0,-1.5,0.85,-1,-32.184883415093815,-32.43363472303078,-31.681453190546417,-33.39144314805788
1100,5.0,-1.5,0.85,2,-32.17709355261434,-32.43597887546643,-31.692538995997666,-33.39012628347949
1100,5.0,-1.5,0.85,10,-32.1956570058352,-32.440753918337165,-31.684249597150117,-33.29036468897289
1100,5.0,-1.0,0.1,-1,-32.27306436654566,-32.264173107818536,-31.293622293111216,-33.39339590624115
1100,5.0,-1.0,0.1,2,-32.259215595255036,-32.27183372100136,-31.2998646523719,-33.393963758563096
1100,5.0,-1.0,0.1,10,-32.24166479442546,-32.26330471359083,-31.28884019778951,-33.25728884023573
1100,5.0,-1.0,0.55,-1,-32.27773557646109,-32.37381982114863,-31.476578946618066,-33.40243558133426
1100,5.0,-1.0,0.55,2,-32.26651114482774,-32.37913499931375,-31.485381371530394,-33.4004030022902
1100,5.0,-1.0,0.55,10,-32.25262129616255,-32.43192075662853,-31.533201257235852,-33.212469100489514
1100,5.0,-1.0,0.85,-1,-32.31970326096168,-32.389116233568295,-31.513747518852764,-33.377796168129244
1100,5.0,-1.0,0.85,2,-32.3112863731419,-32.39524046191232,-31.51952422485386,-33.37114396184595
1100,5.0,-1.0,0.85,10,-32.30161598240124,-32.46976110826314,-31.586921099711116,-33.16639096485869
1100,5.0,-0.5,0.1,-1,-32.51882038381828,-32.22726291095028,-30.996575060137893,-33.27535834535794
1100,5.0,-0.5,0.1,2,-32.515448572465694,-32.236150193008314,-30.976599205275864,-33.27067997191506
1100,5.0,-0.5,0.1,10,-32.42429426110373,-32.245262987287965,-30.96027785165289,-33.13125582859361
1100,5.0,-0.5,0.55,-1,-32.50690260112128,-32.286626272692736,-31.260364371933036,-33.255803149794765
1100,5.0,-0.5,0.55,2,-32.501930692277526,-32.29059397263642,-31.25411091374867,-33.24250947093097
1100,5.0,-0.5,0.55,10,-32.35101549585404,-32.40356619747304,-31.35264698143924,-33.09217994829798
1100,5.0,-0.5,0.85,-1,-32.495559529527995,-32.29382835694305,-31.33836908930168,-33.24142264327042
1100,5.0,-0.5,0.85,2,-32.49830447918011,-32.305509841270435,-31.338658855411403,-33.22143805396511
1100,5.0,-0.5,0.85,10,-32.46336382595835,-32.41916345759758,-31.44244518078013,-33.01418857357487
1100,5.0,-0.25,0.1,-1,-32.436258397395974,-32.24723232684124,-31.00326056024406,-33.25193567624325
1100,5.0,-0.25,0.1,2,-32.42440861010103,-32.24598947237579,-30.98241284500558,-33.240513485965316
1100,5.0,-0.25,0.1,10,-32.37103423321913,-32.224216281134716,-30.86262724544045,-33.07849937938582
1100,5.0,-0.25,0.55,-1,-32.49056484762935,-32.317057398714944,-31.29765943737212,-33.213266284677744
1100,5.0,-0.25,0.55,2,-32.482022877205964,-32.31872822031739,-31.300812995063943,-33.180146408126234
1100,5.0,-0.25,0.55,10,-32.6012735087144,-32.31256492106013,-31.14806093918523,-32.96531555236414
1100,5.0,-0.25,0.85,-1,-32.53581912762057,-32.346590830217764,-31.390353779296746,-33.19421853529242
1100,5.0,-0.25,0.85,2,-32.535893610244585,-32.35471502386825,-31.402544219153032,-33.14620423458899
1100,5.0,-0.25,0.85,10,-32.36653118669942,-32.44191525742444,-31.48857665384631,-32.98953129831468
1100,5.0,+0.0,0.1,-1,-32.48782697483904,-32.212178516273376,-30.973327763563056,-33.19175240902395
1100,5.0,+0.0,0.1,2,-32.49342839796856,-32.225904746819765,-30.94238590334328,-33.10588930040198
1100,5.0,+0.0,0.1,10,-32.43790644161405,-32.15529301853678,-30.65443085461697,-32.97436515333387
1100,5.0,+0.0,0.55,-1,-32.48857519215253,-32.3435076926924,-31.36230372527883,-33.16607174442995
1100,5.0,+0.0,0.55,2,-32.454861066662154,-32.33903891108498,-31.379117985762598,-33.10190836115861
1100,5.0,+0.0,0.55,10,-32.49635616196608,-32.342253613114934,-31.1344507338718,-32.941336053101274
1100,5.0,+0.0,0.85,-1,-32.52266418654299,-32.39138851154081,-31.44719724835024,-33.13962782229788
1100,5.0,+0.0,0.85,2,-32.52647954170849,-32.40455320640929,-31.479966801767564,-33.05622365030277
1100,5.0,+0.0,0.85,10,-32.56256928293479,-32.39942619257256,-31.40661188922738,-32.844916308685335
1100,5.0,+0.25,0.1,-1,-32.56929816479206,-32.149185800705055,-30.948709503268844,-33.12166079231701
1100,5.0,+0.25,0.1,2,-32.575167033421685,-32.18104676831854,-30.871497263914893,-33.014203120556566
1100,5.0,+0.25,0.1,10,-32.36530082713243,-32.14754581769056,-30.613901921313172,-32.92784708891715
1100,5.0,+0.25,0.55,-1,-32.835313507481324,-32.344693921460355,-31.281139373699325,-33.040367172663096
1100,5.0,+0.25,0.55,2,-32.7698523757598,-32.33685352308903,-31.31687311686436,-32.96055314095468
1100,5.0,+0.25,0.55,10,-32.538918701845475,-32.31762559328706,-31.108279097081972,-32.8391451943105
1100,5.0,+0.25,0.85,-1,-32.51848885610808,-32.46494427669677,-31.556530554614394,-33.08179241301946
1100,5.0,+0.25,0.85,2,-32.49603000864144,-32.47112586649377,-31.60712492667273,-32.970452312606255
1100,5.0,+0.25,0.85,10,-32.482124835666475,-32.40522602940474,-31.422067079461673,-32.777219405174634
1100,5.0,+0.5,0.1,-1,-32.518768460032376,-32.12206712885586,-31.01786929802423,-33.076451950755434
1100,5.0,+0.5,0.1,2,-32.5270652708602,-32.1438015475513,-30.968266857344176,-33.0084277954018
1100,5.0,+0.5,0.1,10,-32.30391003223784,-32.10568499953902,-30.624361669752894,-32.871317855071815
1100,5.0,+0.5,0.55,-1,-32.73957510696504,-32.373760649794,-31.429379750576004,-32.993070429042206
1100,5.0,+0.5,0.55,2,-32.72320018241431,-32.378492930545804,-31.409291243773474,-32.88242185302223
1100,5.0,+0.5,0.55,10,-32.58505218643051,-32.31928068882604,-31.01990430523298,-32.741336257110085
1100,5.0,+0.5,0.85,-1,-32.98136032714578,-32.71245960921684,-31.626498727705652,-32.98937239034795
1100,5.0,+0.5,0.85,2,-32.98924925011171,-32.73076297340678,-31.66215250618346,-32.85955057568756
1100,5.0,+0.5,0.85,10,-32.65566062139566,-32.44080543772836,-31.5654591159102,-32.57814363155553
1100,5.0,+0.75,0.1,-1,-32.46190549530648,-32.06939529428835,-31.090574082551928,-33.01902509934807
1100,5.0,+0.75,0.1,2,-32.43850507927532,-32.10456936005003,-30.79189773234632,-32.86823384062941
1100,5.0,+0.75,0.1,10,-32.31266477476901,-32.02508883219048,-30.625286121465074,-32.79986139989483
1100,5.0,+0.75,0.55,-1,-32.898321853302534,-32.31877864417159,-31.461875892884525,-32.89807196610844
1100,5.0,+0.75,0.55,2,-32.728437502424164,-32.42308634716159,-31.37990338875852,-32.7557967964134
1100,5.0,+0.75,0.55,10,-32.458606990408946,-32.279741324414424,-30.976124560518876,-32.65594577863982
1100,5.0,+0.75,0.85,-1,-32.819382722241684,-32.692577692651874,-31.670433108118957,-32.874676914531015
1100,5.0,+0.75,0.85,2,-32.8392043206012,-32.71961978328303,-31.699258011140934,-32.727920494610274
1100,5.0,+0.75,0.85,10,-32.709898589070434,-32.631980909979035,-31.67884142254873,-32.430971165395356
1100,5.0,+1.0,0.1,-1,-32.41621882582691,-31.99770150601943,-31.142576236533962,-32.950098866203376
1100,5.0,+1.0,0.1,2,-32.390630358430805,-32.01620977965614,-30.752144722489994,-32.782571593202576
1100,5.0,+1.0,0.1,10,-32.29342742611833,-31.942538569782826,-30.66286972494244,-32.74023481561089
1100,5.0,+1.0,0.55,-1,-32.771199728781355,-32.25552732046429,-31.533104104601797,-32.82785807020285
1100,5.0,+1.0,0.55,2,-32.817772831636255,-32.33396924717095,-31.33985264916558,-32.65980768665151
1100,5.0,+1.0,0.55,10,-32.38352939423477,-32.20791807483876,-30.840428260582847,-32.554601297531065
1100,5.0,+1.0,0.85,-1,-32.7433344396038,-32.673662766097834,-31.776738071013447,-32.78380108195706
1100,5.0,+1.0,0.85,2,-32.7188075747835,-32.61608372155277,-31.52124115138678,-32.53162823924329
1100,5.0,+1.0,0.85,10,-32.60809339629789,-32.55151389906163,-31.6359918050264,-32.36204507009621
1100,5.25,-2.5,0.1,-1,-32.04380927458913,-32.25530636286066,-31.619672328656847,-33.13924036453177
1100,5.25,-2.5,0.1,2,-32.04345052979441,-32.25531386780497,-31.62051272828314,-33.139090950197435
1100,5.25,-2.5,0.1,10,-32.0483721765944,-32.24591555658037,-31.611167025853128,-33.14238312371731
1100,5.25,-2.5,0.55,-1,-32.05479960922136,-32.30270700715254,-31.68376182917178,-33.148966151202266
1100,5.25,-2.5,0.55,2,-32.054434570357714,-32.30268161247004,-31.684551422895755,-33.14888385622921
1100,5.25,-2.5,0.55,10,-32.06186402719435,-32.29446981575326,-31.66904805532971,-33.15015529609311
1100,5.25,-2.5,0.85,-1,-32.062779777404806,-32.327978661696044,-31.68812154884188,-33.1455337710772
1100,5.25,-2.5,0.85,2,-32.06383319082784,-32.32715847343629,-31.683866398334487,-33.14244827099758
1100,5.25,-2.5,0.85,10,-32.06947390296826,-32.316942799332075,-31.666010958841273,-33.14486019173335
1100,5.25,-2.0,0.1,-1,-32.13324870688125,-32.30544011894877,-31.618225511032293,-33.2522386493508
1100,5.25,-2.0,0.1,2,-32.12306018183362,-32.302567552745415,-31.632175237403544,-33.255472422265804
1100,5.25,-2.0,0.1,10,-32.144641671432574,-32.289651854803054,-31.596494880049466,-33.24315325307346
1100,5.25,-2.0,0.55,-1,-32.13266086350378,-32.393764900369945,-31.727790968766133,-33.27950466311994
1100,5.25,-2.0,0.55,2,-32.13616941313395,-32.39484165098305,-31.725057329051207,-33.27473958149743
1100,5.25,-2.0,0.55,10,-32.14370305569277,-32.383009519888816,-31.705069251840573,-33.2611937694485
1100,5.25,-2.0,0.85,-1,-32.16364200362345,-32.42325085914772,-31.72015101868956,-33.258589855249326
1100,5.25,-2.0,0.85,2,-32.16184830377257,-32.42312612223382,-31.723794167520516,-33.25811669305644
1100,5.25,-2.0,0.85,10,-32.16958066632829,-32.40678248400164,-31.70992995068191,-33.24627127143871
1100,5.25,-1.5,0.1,-1,-32.217455482682226,-32.26907333584555,-31.48788978850517,-33.34373016446909
1100,5.25,-1.5,0.1,2,-32.207709572995284,-32.27153663183599,-31.502707264445956,-33.34403189341355
1100,5.25,-1.5,0.1,10,-32.2193006930913,-32.25846736794123,-31.483202974293892,-33.30753364655407
1100,5.25,-1.5,0.55,-1,-32.20861571035571,-32.399715764383565,-31.617832501133762,-33.37341586989032
1100,5.25,-1.5,0.55,2,-32.20942160074385,-32.40164540500688,-31.622048674569548,-33.36965884780541
1100,5.25,-1.5,0.55,10,-32.219711920089374,-32.40666079629324,-31.622000329495805,-33.270600680810276
1100,5.25,-1.5,0.85,-1,-32.249882881429,-32.4226509917074,-31.627847079129427,-33.347597726758735
1100,5.25,-1.5,0.85,2,-32.24074284865991,-32.42400176114564,-31.630121188155652,-33.34199058424167
1100,5.25,-1.5,0.85,10,-32.26546671322953,-32.41823678330045,-31.61536014806075,-33.26642457805242
1100,5.25,-1.0,0.1,-1,-32.385139705614534,-32.209356665282584,-31.2178093322116,-33.35773859957422
1100,5.25,-1.0,0.1,2,-32.37193425276907,-32.22242509899846,-31.232733855477804,-33.36091433143534
1100,5.25,-1.0,0.1,10,-32.37052252625589,-32.22024672970149,-31.226077632128828,-33.236767957791294
1100,5.25,-1.0,0.55,-1,-32.36583784149987,-32.33404529726766,-31.39379183717173,-33.376609684227
1100,5.25,-1.0,0.55,2,-32.3551032867097,-32.344317499966536,-31.402336933307087,-33.374615763786515
1100,5.25,-1.0,0.55,10,-32.36793331256782,-32.39338846339547,-31.436745404981554,-33.18969696770742
1100,5.25,-1.0,0.85,-1,-32.43223682722835,-32.3407984908351,-31.40938522352878,-33.34780188541404
1100,5.25,-1.0,0.85,2,-32.40898038888786,-32.35190604148863,-31.429727808360106,-33.34786120810755
1100,5.25,-1.0,0.85,10,-32.45225397648427,-32.423722590528136,-31.461440011627356,-33.13696429796232
1100,5.25,-0.5,0.1,-1,-32.53941964030366,-32.170118802948004,-30.960217747686528,-33.2793039382157
1100,5.25,-0.5,0.1,2,-32.50108696399049,-32.1679923250877,-30.935619554154012,-33.27159682096698
1100,5.25,-0.5,0.1,10,-32.50003304986261,-32.16567032526144,-30.895909872806804,-33.11037603237025
1100,5.25,-0.5,0.55,-1,-32.5779763216176,-32.23576270550584,-31.191490674665477,-33.26362464170522
1100,5.25,-0.5,0.55,2,-32.57752061295917,-32.2473013586206,-31.183160619458015,-33.25063605368259
1100,5.25,-0.5,0.55,10,-32.54437603832306,-32.33388845162272,-31.227714231140812,-33.05450291430956
1100,5.25,-0.5,0.85,-1,-32.39282400706758,-32.36842120757367,-31.402168171131738,-33.320435896930206
1100,5.25,-0.5,0.85,2,-32.376581143091194,-32.371066114094035,-31.40375583918336,-33.29016822082009
1100,5.25,-0.5,0.85,10,-32.53440867321976,-32.379266105039115,-31.357060308068956,-33.018969015147405
1100,5.25,-0.25,0.1,-1,-32.53078282528382,-32.208262529764575,-30.92447331888703,-33.24587171019107
1100,5.25,-0.25,0.1,2,-32.53193833024746,-32.220393269333016,-30.902177900823386,-33.23608173170979
1100,5.25,-0.25,0.1,10,-32.42657610346455,-32.220759501262975,-30.823926292837296,-33.082636511211945
1100,5.25,-0.25,0.55,-1,-32.57075956801073,-32.26388344769865,-31.194198733685013,-33.21809887675835
1100,5.25,-0.25,0.55,2,-32.57011749517953,-32.272435484013336,-31.193487006051402,-33.18599826540501
1100,5.25,-0.25,0.55,10,-32.380238246074,-32.370006873820415,-31.24458133971566,-33.04732059749482
1100,5.25,-0.25,0.85,-1,-32.57456585974544,-32.31063982162227,-31.314597240727316,-33.21844074118216
1100,5.25,-0.25,0.85,2,-32.566190976994356,-32.33790108123681,-31.31098231384768,-33.16450601438274
1100,5.25,-0.25,0.85,10,-32.51400976222131,-32.39734689429475,-31.37329708685528,-32.968918157091835
1100,5.25,+0.0,0.1,-1,-32.46665525324887,-32.220426618382284,-30.930274911806492,-33.212372359076014
1100,5.25,+0.0,0.1,2,-32.47199410735859,-32.231573041488204,-30.915246379145348,-33.18786467994094
1100,5.25,+0.0,0.1,10,-32.42824532968164,-32.21969999780121,-30.73160884813584,-33.02611203349417
1100,5.25,+0.0,0.55,-1,-32.5932109801446,-32.323850228779214,-31.249557516514468,-33.177380840082115
1100,5.25,+0.0,0.55,2,-32.59540894036305,-32.33601711281974,-31.268417819668777,-33.10727752487645
1100,5.25,+0.0,0.55,10,-32.553723945288475,-32.32803287044406,-31.10094239360545,-32.95265509652441
1100,5.25,+0.0,0.85,-1,-32.63990355997267,-32.33991623838054,-31.320086765237633,-33.150581242991144
1100,5.25,+0.0,0.85,2,-32.65526151576304,-32.36004561087901,-31.3502868914334,-33.05903714236149
1100,5.25,+0.0,0.85,10,-32.63114168709369,-32.34444285449935,-31.31027280551079,-32.859068672018516
1100,5.25,+0.25,0.1,-1,-32.51619839068024,-32.18460225794454,-30.90518492802454,-33.152683728432976
1100,5.25,+0.25,0.1,2,-32.51897076892362,-32.19545358647898,-30.888415334704064,-33.09864779408498
1100,5.25,+0.25,0.1,10,-32.451307066644276,-32.154715850327214,-30.53236705674567,-32.92727074629284
1100,5.25,+0.25,0.55,-1,-32.87256858930387,-32.28978498712617,-31.18522660984377,-33.06387034729723
1100,5.25,+0.25,0.55,2,-32.87461667307693,-32.30386723496245,-31.209779073982553,-32.96730427293217
1100,5.25,+0.25,0.55,10,-32.56566840394909,-32.363138271194096,-31.011729823992514,-32.89767634193528
1100,5.25,+0.25,0.85,-1,-32.604029948401035,-32.39275735476603,-31.3989799860102,-33.09210866337438
1100,5.25,+0.25,0.85,2,-32.608946810856494,-32.41256730459021,-31.447930385613347,-32.96116173318485
1100,5.25,+0.25,0.85,10,-32.6064938172932,-32.33940634471337,-31.303781758296658,-32.78502250917197
1100,5.25,+0.5,0.1,-1,-32.604116041393524,-32.14765311632108,-30.923676993258432,-33.093386071797525
1100,5.25,+0.5,0.1,2,-32.587612824859235,-32.15165836358402,-30.868965550910133,-33.00796647113453
1100,5.25,+0.5,0.1,10,-32.37327546208447,-32.12586749486655,-30.505573019039712,-32.87178312907031
1100,5.25,+0.5,0.55,-1,-32.790503754575944,-32.29361425047165,-31.270057304657627,-32.99866190348576
1100,5.25,+0.5,0.55,2,-32.79475046005074,-32.31544558352585,-31.279924897703847,-32.87290692698083
1100,5.25,+0.5,0.55,10,-32.49611932458905,-32.33432848025106,-31.045285643514866,-32.8072318121788
1100,5.25,+0.5,0.85,-1,-32.500651221416035,-32.403911283090615,-31.49388190950866,-33.013801842870265
1100,5.25,+0.5,0.85,2,-32.511500118094354,-32.4290101963924,-31.548537517754408,-32.86277664052711
1100,5.25,+0.5,0.85,10,-32.64597978097819,-32.49764366931086,-31.35975785464973,-32.716131598723386
1100,5.25,+0.75,0.1,-1,-32.553511343300706,-32.116008940184,-30.991750395151797,-33.040106419868025
1100,5.25,+0.75,0.1,2,-32.57872291408424,-32.156039484099644,-30.860203308429256,-32.93980008031475
1100,5.25,+0.75,0.1,10,-32.34686685794789,-32.10336560126904,-30.546768083555158,-32.82002132787338
1100,5.25,+0.75,0.55,-1,-32.70362906302465,-32.300055738905485,-31.36732601683473,-32.9293292032408
1100,5.25,+0.75,0.55,2,-32.715092714388454,-32.33400818594663,-31.33076748388513,-32.79454477217492
1100,5.25,+0.75,0.55,10,-32.5740487805721,-32.33070288670233,-30.96652212511527,-32.69544059895344
1100,5.25,+0.75,0.85,-1,-32.933900490359264,-32.67526193248653,-31.585812175272675,-32.921627973303444
1100,5.25,+0.75,0.85,2,-32.94551530151508,-32.697890940775515,-31.630273314733085,-32.75133407462849
1100,5.25,+0.75,0.85,10,-32.53913886182932,-32.56148005125172,-31.63026806631202,-32.56260033654824
1100,5.25,+1.0,0.1,-1,-32.46910164406485,-32.0368900345619,-31.053619251955524,-32.9750695715554
1100,5.25,+1.0,0.1,2,-32.46012324652717,-32.06714943969556,-30.81283959276866,-32.856615808592366
1100,5.25,+1.0,0.1,10,-32.315324779199756,-32.020882486372,-30.571489062923472,-32.75586388020549
1100,5.25,+1.0,0.55,-1,-32.77415133512966,-32.273998990207986,-31.46299470883646,-32.860137246113105
1100,5.25,+1.0,0.55,2,-32.75838278011488,-32.293771503373954,-31.27229926854468,-32.665083518884906
1100,5.25,+1.0,0.55,10,-32.45352263604256,-32.27120227878163,-30.933861325588488,-32.601250781452755
1100,5.25,+1.0,0.85,-1,-32.818775775678304,-32.62159656390069,-31.604127063794564,-32.800534871841364
1100,5.25,+1.0,0.85,2,-32.83268694355353,-32.644576121876746,-31.630573032398207,-32.61858104225088
1100,5.25,+1.0,0.85,10,-32.65958747991173,-32.43311621857049,-31.41893442377,-32.416474160458435
1200,3.5,-2.5,0.1,-1,-32.68699736081056,-32.56461829392334,-31.95741927321032,-33.40157459669871
1200,3.5,-2.5,0.1,2,-32.68450932387912,-32.56521800762129,-31.965408761353885,-33.40122772339378
1200,3.5,-2.5,0.1,10,-32.679746985963945,-32.55605767513439,-31.957367915977443,-33.3693125138189
1200,3.5,-2.5,0.55,-1,-32.728618067359236,-32.65386479531133,-31.99555299924205,-33.400046240636506
1200,3.5,-2.5,0.55,2,-32.728379725864116,-32.6544811547416,-32.0032667922541,-33.39967526075777
1200,3.5,-2.5,0.55,10,-32.726436894793174,-32.65773903948629,-32.00718382528875,-33.35336556279955
1200,3.5,-2.5,0.85,-1,-32.71616504100177,-32.699985765609135,-32.044009138603414,-33.40801787704188
1200,3.5,-2.5,0.85,2,-32.70923433659186,-32.696002592771336,-32.04939555045703,-33.405745690575074
1200,3.5,-2.5,0.85,10,-32.70709861668798,-32.708055146918824,-32.051185274615044,-33.351514149884316
1200,3.5,-2.0,0.1,-1,-32.737340197769804,-32.59806843564015,-31.969271808495705,-33.51619493236347
1200,3.5,-2.0,0.1,2,-32.723263656455224,-32.59782755184149,-31.986150715309954,-33.52134646616315
1200,3.5,-2.0,0.1,10,-32.70216663186333,-32.58563576779561,-31.98625124730811,-33.4516408429637
1200,3.5,-2.0,0.55,-1,-32.77630985923285,-32.717606566551716,-32.052243168635044,-33.50455506157815
1200,3.5,-2.0,0.55,2,-32.772838709559075,-32.717531000455445,-32.05558829080497,-33.503467209084356
1200,3.5,-2.0,0.55,10,-32.758625875450804,-32.740235752833186,-32.09157640198725,-33.41286416630232
1200,3.5,-2.0,0.85,-1,-32.774707687689286,-32.75397401820389,-32.09032756419176,-33.49569495190812
1200,3.5,-2.0,0.85,2,-32.76965804169198,-32.7532056301129,-32.0936742740207,-33.49445010183719
1200,3.5,-2.0,0.85,10,-32.74712212262456,-32.78635524648088,-32.14587440247207,-33.39528833130564
1200,3.5,-1.5,0.1,-1,-32.70881662565471,-32.61942617172116,-31.905199004532854,-33.558120754118534
1200,3.5,-1.5,0.1,2,-32.70707540404941,-32.6212613675188,-31.904395985372325,-33.55646998346903
1200,3.5,-1.5,0.1,10,-32.63407129261533,-32.581195469928986,-31.90475660437858,-33.466704649082594
1200,3.5,-1.5,0.55,-1,-32.75716312657749,-32.747249737494435,-32.039236193870494,-33.50501810387506
1200,3.5,-1.5,0.55,2,-32.754851699741174,-32.748312102408825,-32.043142597467345,-33.502510882154496
1200,3.5,-1.5,0.55,10,-32.634666481868365,-32.7759178858375,-32.15241695473449,-33.407281081454826
1200,3.5,-1.5,0.85,-1,-32.77069466759696,-32.78133958794825,-32.07854901599975,-33.47486018673252
1200,3.5,-1.5,0.85,2,-32.769455752825664,-32.78293500860441,-32.080347321101016,-33.468989521764186
1200,3.5,-1.5,0.85,10,-32.688151996465834,-32.837702703833266,-32.20883355530789,-33.37530492376848
1200,3.5,-1.0,0.1,-1,-32.62610434173879,-32.61267707078105,-31.878541581716156,-33.52780434571629
1200,3.5,-1.0,0.1,2,-32.62675707486399,-32.614066926106055,-31.87308518992961,-33.52104986158672
1200,3.5,-1.0,0.1,10,-32.52023882133539,-32.53613824081018,-31.736772516107173,-33.40576092644415
1200,3.5,-1.0,0.55,-1,-32.662749723548664,-32.75702109712079,-32.1277784961837,-33.45466204089205
1200,3.5,-1.0,0.55,2,-32.665033056921956,-32.75998259846173,-32.12869165209586,-33.434445090726975
1200,3.5,-1.0,0.55,10,-32.55795924710429,-32.7530188059003,-32.09549226672167,-33.36566852886846
1200,3.5,-1.0,0.85,-1,-32.61751954481727,-32.83202119417558,-32.23891014555055,-33.43670411477049
1200,3.5,-1.0,0.85,2,-32.618556834760334,-32.836479196454455,-32.24537995640794,-33.4094941383559
1200,3.5,-1.0,0.85,10,-32.590708289308445,-32.8748885968698,-32.272234949091036,-33.299088221610255
1200,3.5,-0.5,0.1,-1,-32.549902011530996,-32.530343175079544,-31.92355811114777,-33.454015738956315
1200,3.5,-0.5,0.1,2,-32.54777153483418,-32.53615257702335,-31.877204832155563,-33.42934090748622
1200,3.5,-0.5,0.1,10,-32.42910572163775,-32.4456854895123,-31.6634911964106,-33.329649503435974
1200,3.5,-0.5,0.55,-1,-32.583694646873056,-32.69178898276043,-32.22808392756879,-33.367858246171586
1200,3.5,-0.5,0.55,2,-32.58623330808358,-32.70183440057211,-32.203151367883144,-33.3404252163036
1200,3.5,-0.5,0.55,10,-32.555604838025026,-32.72630518000668,-32.02838297119256,-33.24065250638709
1200,3.5,-0.5,0.85,-1,-32.53357862555826,-32.81736966231825,-32.3958316009878,-33.32205162848284
1200,3.5,-0.5,0.85,2,-32.538616391740284,-32.828044050846806,-32.391764252862146,-33.28625901822283
1200,3.5,-0.5,0.85,10,-32.37752353281656,-32.8640825303443,-32.4169688156248,-33.22051243976949
1200,3.5,-0.25,0.1,-1,-32.54212820800602,-32.4513224906639,-31.936958238250295,-33.3902882123825
1200,3.5,-0.25,0.1,2,-32.54170588187242,-32.46434213055054,-31.859297696183265,-33.36503707595231
1200,3.5,-0.25,0.1,10,-32.39340912496252,-32.382653318397765,-31.651640746067873,-33.275778826225945
1200,3.5,-0.25,0.55,-1,-32.666503628928155,-32.66638342347449,-32.21550846419958,-33.28951115766223
1200,3.5,-0.25,0.55,2,-32.66937540801814,-32.67888984949557,-32.177439984562824,-33.259725661861886
1200,3.5,-0.25,0.55,10,-32.42071465245545,-32.5933164668813,-31.881985931249158,-33.16920097862049
1200,3.5,-0.25,0.85,-1,-32.43072395303711,-32.80619078269329,-32.49068951108767,-33.272037264090685
1200,3.5,-0.25,0.85,2,-32.43567214669813,-32.817292677869936,-32.47997723848164,-33.231230327196585
1200,3.5,-0.25,0.85,10,-32.53723448729197,-32.89106634173108,-32.46354481539968,-33.03307785004266
1200,3.5,+0.0,0.1,-1,-32.49794622984305,-32.38851156996728,-31.955096969804046,-33.32804063014239
1200,3.5,+0.0,0.1,2,-32.503074565970486,-32.40512864999842,-31.845559479026207,-33.299897477219375
1200,3.5,+0.0,0.1,10,-32.48433261124425,-32.32540777566113,-31.58990157957756,-33.179866632602725
1200,3.5,+0.0,0.55,-1,-32.61620763165806,-32.63260296199142,-32.261686124334155,-33.24580107213235
1200,3.5,+0.0,0.55,2,-32.61959391878011,-32.646022391516254,-32.22342422699157,-33.215331475796795
1200,3.5,+0.0,0.55,10,-32.35979600016659,-32.53293093987557,-31.854346880774067,-33.08853695245545
1200,3.5,+0.0,0.85,-1,-32.35861528829687,-32.803421165086604,-32.63228062787226,-33.21307338802725
1200,3.5,+0.0,0.85,2,-32.364141682498996,-32.81541085200341,-32.62751452883956,-33.16367356923797
1200,3.5,+0.0,0.85,10,-32.284470478033285,-32.77339281656924,-32.33043020347774,-33.04038180111143
1200,3.5,+0.25,0.1,-1,-32.61399536201489,-32.30598399161234,-31.871046286514133,-33.2280675518907
1200,3.5,+0.25,0.1,2,-32.633916981415,-32.32640028978048,-31.75491107851812,-33.19652532308737
1200,3.5,+0.25,0.1,10,-32.420707640883286,-32.25054293393657,-31.612833026437155,-33.1233285476697
1200,3.5,+0.25,0.55,-1,-32.53659795972541,-32.57262165238793,-32.253804517971844,-33.195491407746275
1200,3.5,+0.25,0.55,2,-32.53981119993599,-32.58549349063546,-32.2120726034308,-33.1589992269677
1200,3.5,+0.25,0.55,10,-32.53466601099006,-32.53572562312517,-31.785705769106567,-32.93020953174879
1200,3.5,+0.25,0.85,-1,-32.44003925088886,-32.80759200349475,-32.65586567085067,-33.11127819336396
1200,3.5,+0.25,0.85,2,-32.44518570461445,-32.81931346516726,-32.653997931380225,-33.04995458553032
1200,3.5,+0.25,0.85,10,-32.218725762030296,-32.80632616547728,-32.49320767569696,-32.90840098784791
1200,3.5,+0.5,0.1,-1,-32.54733884962551,-32.22632852720843,-31.848379928129077,-33.15678935996037
1200,3.5,+0.5,0.1,2,-32.49162931734176,-32.227543735730954,-31.748839632066684,-33.127412889571254
1200,3.5,+0.5,0.1,10,-32.40857387000558,-32.18727820296108,-31.65479663043407,-33.07751354216337
1200,3.5,+0.5,0.55,-1,-32.72539659265052,-32.51368705297889,-32.16136677978448,-33.0833556981196
1200,3.5,+0.5,0.55,2,-32.74110696739728,-32.54569571947527,-32.06728967462423,-32.99886204819959
1200,3.5,+0.5,0.55,10,-32.46411169794821,-32.433213850938714,-31.751154665290947,-32.843745495147886
1200,3.5,+0.5,0.85,-1,-32.38578191022508,-32.797004802323194,-32.766725038679915,-33.04765262417267
1200,3.5,+0.5,0.85,2,-32.450336742852514,-32.85276833408722,-32.76991515124003,-32.972918232254244
1200,3.5,+0.5,0.85,10,-32.551582673300715,-32.9989361729083,-32.615754698598664,-32.66252632565441
1200,3.5,+0.75,0.1,-1,-32.446046236541534,-32.13457099743139,-31.838050014689895,-33.093340515916225
1200,3.5,+0.75,0.1,2,-32.4339334547725,-32.15376826347524,-31.745438958168513,-33.05851282954705
1200,3.5,+0.75,0.1,10,-32.367856725929954,-32.111692974173494,-31.693526088013954,-33.02937808400203
1200,3.5,+0.75,0.55,-1,-32.65035455894896,-32.45795784215582,-32.13318341953053,-33.02745420239302
1200,3.5,+0.75,0.55,2,-32.65175305610593,-32.480666363676434,-32.03285664214849,-32.92900391614652
1200,3.5,+0.75,0.55,10,-32.43670727818327,-32.40859525947609,-31.77643796073572,-32.751388592758275
1200,3.5,+0.75,0.85,-1,-32.39865242977529,-32.83126223620305,-32.907562158205934,-33.00467822556199
1200,3.5,+0.75,0.85,2,-32.40383177410233,-32.845963659543784,-32.90936666230341,-32.92053403074468
1200,3.5,+0.75,0.85,10,-32.38962579955895,-32.86349975342318,-32.7024382454124,-32.54595742807119
1200,3.5,+1.0,0.1,-1,-32.40508748582352,-32.081068591656255,-31.825742136575926,-33.03113547672032
1200,3.5,+1.0,0.1,2,-32.37316832264706,-32.076848427851424,-31.76299535240803,-32.99535539610274
1200,3.5,+1.0,0.1,10,-32.34046381935911,-32.05352469718801,-31.741868535104167,-32.98337490633341
1200,3.5,+1.0,0.55,-1,-32.58548537932138,-32.3836514562819,-32.08018452448373,-32.96019257819748
1200,3.5,+1.0,0.55,2,-32.577793430830056,-32.40976632657833,-31.99657899275225,-32.858265094543825
1200,3.5,+1.0,0.55,10,-32.520580041824594,-32.28947696610092,-31.687804653175746,-32.63627871171231
1200,3.5,+1.0,0.85,-1,-32.4159956094637,-32.85689369587218,-32.95625015016275,-32.9468775580056
1200,3.5,+1.0,0.85,2,-32.393742659953936,-32.84497282297641,-32.94767607741732,-32.85483943191071
1200,3.5,+1.0,0.85,10,-32.34846529395377,-32.858250808535956,-32.80087891532556,-32.49132854257287
1200,4.0,-2.5,0.1,-1,-32.667252019870766,-32.60166671067505,-31.95819335651,-33.380946714775405
1200,4.0,-2.5,0.1,2,-32.66476555598359,-32.60131146015259,-31.961278513090402,-33.37868480952518
1200,4.0,-2.5,0.1,10,-32.66900776389369,-32.5906653753748,-31.950438740448824,-33.36722339562026
1200,4.0,-2.5,0.55,-1,-32.6849538077417,-32.694920331795345,-32.01315504218333,-33.39228096177496
1200,4.0,-2.5,0.55,2,-32.68216899839118,-32.6948783750731,-32.018198937551055,-33.39162412751311
1200,4.0,-2.5,0.55,10,-32.68858959728822,-32.68951613918571,-32.00961055765953,-33.36742828263331
1200,4.0,-2.5,0.85,-1,-32.68015924061648,-32.72230517889655,-32.0328626046812,-33.39005887751664
1200,4.0,-2.5,0.85,2,-32.6771159380234,-32.720073807472815,-32.039167346698186,-33.38905152689485
1200,4.0,-2.5,0.85,10,-32.683665449471036,-32.715924629288594,-32.0295418733452,-33.3596786953349
1200,4.0,-2.0,0.1,-1,-32.73022846811015,-32.62918807987044,-31.94836136527971,-33.494045531231805
1200,4.0,-2.0,0.1,2,-32.737739670851326,-32.62929915162991,-31.94844747453391,-33.489952629658184
1200,4.0,-2.0,0.1,10,-32.72136107945874,-32.616154827724316,-31.942534109596174,-33.425136697062904
1200,4.0,-2.0,0.55,-1,-32.761161221760375,-32.728043568507886,-32.02386507908464,-33.49576267282873
1200,4.0,-2.0,0.55,2,-32.756306475466964,-32.728425906367484,-32.0316336109638,-33.49516084662303
1200,4.0,-2.0,0.55,10,-32.75201180070239,-32.74787694342294,-32.04812845737321,-33.40218372495733
1200,4.0,-2.0,0.85,-1,-32.73044623085318,-32.78209672835336,-32.09193000668774,-33.50470950790471
1200,4.0,-2.0,0.85,2,-32.72620698876412,-32.78137453805505,-32.09990711238362,-33.50248603325212
1200,4.0,-2.0,0.85,10,-32.71746381720957,-32.8121481639119,-32.124144798990486,-33.39788991330148
1200,4.0,-1.5,0.1,-1,-32.676666290868766,-32.6611110522608,-31.919313022498848,-33.58584570681909
1200,4.0,-1.5,0.1,2,-32.67370039313231,-32.662733466251844,-31.920336586339392,-33.58561440529712
1200,4.0,-1.5,0.1,10,-32.619331322819875,-32.63208809322379,-31.909171124649177,-33.47797226195057
1200,4.0,-1.5,0.55,-1,-32.716875654215954,-32.78031703128168,-32.042491163061385,-33.56278055754284
1200,4.0,-1.5,0.55,2,-32.71483048149282,-32.78112662645417,-32.04421863594513,-33.561632500324244
1200,4.0,-1.5,0.55,10,-32.65357772836962,-32.810517410807456,-32.12400661275026,-33.436906895669274
1200,4.0,-1.5,0.85,-1,-32.71270575656327,-32.81090052256661,-32.09222941456068,-33.54845567899722
1200,4.0,-1.5,0.85,2,-32.70993334780205,-32.81144289030837,-32.09527748562893,-33.54694742144608
1200,4.0,-1.5,0.85,10,-32.65415047086927,-32.874291913250325,-32.206354773737466,-33.40775893722419
1200,4.0,-1.0,0.1,-1,-32.703924923759985,-32.64752113898921,-31.76752465097694,-33.5440576720623
1200,4.0,-1.0,0.1,2,-32.702794177954274,-32.65028528521276,-31.764788504803928,-33.531922630785395
1200,4.0,-1.0,0.1,10,-32.573433698943624,-32.59576167766654,-31.74177907517434,-33.4385719516115
1200,4.0,-1.0,0.55,-1,-32.73703824366159,-32.765067230903355,-31.97550743684966,-33.484589161280965
1200,4.0,-1.0,0.55,2,-32.73120248797315,-32.76731221280671,-31.983170437651186,-33.45565134514598
1200,4.0,-1.0,0.55,10,-32.534953364501,-32.798888357401424,-32.084933737313655,-33.397714110496665
1200,4.0,-1.0,0.85,-1,-32.79082286514102,-32.82989033958093,-32.05767829488122,-33.462760688583934
1200,4.0,-1.0,0.85,2,-32.67862775340409,-32.83297264749033,-32.09981139712406,-33.470646234971774
1200,4.0,-1.0,0.85,10,-32.61094058664001,-32.88544442016658,-32.19815751148791,-33.34687422970971
1200,4.0,-0.5,0.1,-1,-32.60356827266298,-32.603670393685135,-31.8034067367026,-33.48851415446201
1200,4.0,-0.5,0.1,2,-32.59809380552761,-32.612220891346205,-31.777772859470534,-33.453565380175164
1200,4.0,-0.5,0.1,10,-32.57917822041619,-32.52483107438528,-31.519914301202828,-33.322903373628805
1200,4.0,-0.5,0.55,-1,-32.61169363965716,-32.750366891625916,-32.11117173057775,-33.41959111415186
1200,4.0,-0.5,0.55,2,-32.61261733486273,-32.754412124701474,-32.10880010013486,-33.397809425095794
1200,4.0,-0.5,0.55,10,-32.526601700407866,-32.72549220940258,-31.922402501558945,-33.304076186960046
1200,4.0,-0.5,0.85,-1,-32.56031376626567,-32.84177275292488,-32.25663569537639,-33.39314255728236
1200,4.0,-0.5,0.85,2,-32.56290096868147,-32.847964685309606,-32.26175135202027,-33.366616706797025
1200,4.0,-0.5,0.85,10,-32.572754079814274,-32.88751609454148,-32.19679504644033,-33.233664843418694
1200,4.0,-0.25,0.1,-1,-32.68327707311748,-32.53898183614681,-31.763391436801104,-33.40926583450656
1200,4.0,-0.25,0.1,2,-32.68720486478338,-32.557686299713396,-31.689892092944905,-33.363868212702094
1200,4.0,-0.25,0.1,10,-32.51912982805979,-32.484385769147586,-31.504384640316996,-33.28533298666195
1200,4.0,-0.25,0.55,-1,-32.702160973993664,-32.735623140873656,-32.13938290541354,-33.3440479234458
1200,4.0,-0.25,0.55,2,-32.706082317031345,-32.75338045696374,-32.10415972842587,-33.29018981338975
1200,4.0,-0.25,0.55,10,-32.449579191005455,-32.68044791457442,-31.89055009507186,-33.25023009738906
1200,4.0,-0.25,0.85,-1,-32.49468484314938,-32.85221377901658,-32.36489838096543,-33.34201663603699
1200,4.0,-0.25,0.85,2,-32.49813953590411,-32.860072334459524,-32.36097766843183,-33.30993680968337
1200,4.0,-0.25,0.85,10,-32.446918116946925,-32.86496922464372,-32.26103161108345,-33.195962118409845
1200,4.0,+0.0,0.1,-1,-32.64153752274116,-32.4909473273267,-31.81899804433252,-33.35978502243886
1200,4.0,+0.0,0.1,2,-32.62932045357124,-32.503808339497866,-31.669253993681153,-33.30178313540903
1200,4.0,+0.0,0.1,10,-32.49193545575609,-32.41068595059103,-31.485204716016376,-33.223100363115904
1200,4.0,+0.0,0.55,-1,-32.619020729073306,-32.702427784431855,-32.205418128992214,-33.29917434423325
1200,4.0,+0.0,0.55,2,-32.62423994420499,-32.7238615661586,-32.14128956086269,-33.24204022774308
1200,4.0,+0.0,0.55,10,-32.650525910704786,-32.69211536834324,-31.793825313886927,-33.096936462338874
1200,4.0,+0.0,0.85,-1,-32.63158949286937,-32.89784753902576,-32.397444956954274,-33.242597456820846
1200,4.0,+0.0,0.85,2,-32.635723672716324,-32.90653122057896,-32.38862701134772,-33.20502851755186
1200,4.0,+0.0,0.85,10,-32.33857488743156,-32.835555204995266,-32.30442148031009,-33.12714161831675
1200,4.0,+0.25,0.1,-1,-32.593806735025844,-32.411681284665505,-31.827138800373426,-33.28450614084729
1200,4.0,+0.25,0.1,2,-32.580222944145035,-32.43413562430068,-31.63429664261531,-33.22779387131804
1200,4.0,+0.25,0.1,10,-32.458471602016694,-32.36689592008683,-31.528942102939006,-33.16977565990963
1200,4.0,+0.25,0.55,-1,-32.923383613852096,-32.7188583408372,-32.153721030635026,-33.207903995420686
1200,4.0,+0.25,0.55,2,-32.89741145253142,-32.72841404223543,-32.07317396976507,-33.14316052144414
1200,4.0,+0.25,0.55,10,-32.547606098459845,-32.643678063526956,-31.792010961033338,-33.0234942602974
1200,4.0,+0.25,0.85,-1,-32.4995000736928,-32.86435738612048,-32.51706920404085,-33.180950152423975
1200,4.0,+0.25,0.85,2,-32.50426604289054,-32.87432008127216,-32.50778885977694,-33.13573890645783
1200,4.0,+0.25,0.85,10,-32.6113315325715,-32.9341369058656,-32.430095341721,-32.83578122018409
1200,4.0,+0.5,0.1,-1,-32.558257239905686,-32.34563534743683,-31.82365832706154,-33.215725551740626
1200,4.0,+0.5,0.1,2,-32.5299190399932,-32.36254464333573,-31.621799898131208,-33.15577976129289
1200,4.0,+0.5,0.1,10,-32.56689792364989,-32.24104980348408,-31.44320603615428,-33.06325012318352
1200,4.0,+0.5,0.55,-1,-32.77430995682932,-32.63435156251086,-32.15927164748199,-33.14036576638919
1200,4.0,+0.5,0.55,2,-32.77813502638908,-32.657488746322926,-32.07187927317144,-33.07302795869484
1200,4.0,+0.5,0.55,10,-32.71124670916662,-32.51301599660935,-31.55746780275772,-32.84804047896347
1200,4.0,+0.5,0.85,-1,-32.38443137985319,-32.82139115363542,-32.61748104035069,-33.10143519795657
1200,4.0,+0.5,0.85,2,-32.38866870810975,-32.83293347942013,-32.61307472917158,-33.04499413907167
1200,4.0,+0.5,0.85,10,-32.440600541379446,-32.77613747985153,-32.158268273958875,-32.894947129028964
1200,4.0,+0.75,0.1,-1,-32.53174757319964,-32.27266723236906,-31.793205060338213,-33.141763119302226
1200,4.0,+0.75,0.1,2,-32.59148666349658,-32.21880431731647,-31.516751952248022,-33.03469251998452
1200,4.0,+0.75,0.1,10,-32.53099031254271,-32.18588905842837,-31.49265643428063,-33.011785903781984
1200,4.0,+0.75,0.55,-1,-32.73554932035133,-32.60313215450931,-32.15133094783745,-33.08908577825777
1200,4.0,+0.75,0.55,2,-32.73812350034627,-32.62546993089418,-32.06447277750533,-33.0123815327135
1200,4.0,+0.75,0.55,10,-32.660455137024826,-32.46163715845682,-31.562976796120626,-32.76692724891834
1200,4.0,+0.75,0.85,-1,-32.487923858138146,-32.93800559087051,-32.771113237618984,-33.0420165671576
1200,4.0,+0.75,0.85,2,-32.483806383699196,-32.94776594684802,-32.76920753308003,-32.913902633392176
1200,4.0,+0.75,0.85,10,-32.7264383160348,-33.004326778096974,-32.40648586404757,-32.529952298126176
1200,4.0,+1.0,0.1,-1,-32.57027136210466,-32.14749772015866,-31.708163410977296,-33.03307388453934
1200,4.0,+1.0,0.1,2,-32.525976050606765,-32.145053499939465,-31.563767276123905,-32.98160905448711
1200,4.0,+1.0,0.1,10,-32.493952448372156,-32.12990461944659,-31.554110898568524,-32.97382727203663
1200,4.0,+1.0,0.55,-1,-32.855228068349604,-32.52052841452849,-32.061776950225116,-33.00192717871696
1200,4.0,+1.0,0.55,2,-32.75248570281364,-32.469238562049945,-31.96628677471064,-32.8887301562388
1200,4.0,+1.0,0.55,10,-32.58252734110917,-32.346245542765914,-31.525387348165644,-32.67635400441356
1200,4.0,+1.0,0.85,-1,-32.45501884072747,-32.917947087628065,-32.871975296405566,-32.96619340038818
1200,4.0,+1.0,0.85,2,-32.46144190589851,-32.93963549301334,-32.87117449273027,-32.82573279991268
1200,4.0,+1.0,0.85,10,-32.28479807390427,-32.91992765172144,-32.608441769566,-32.52520603907287
1200,4.5,-2.5,0.1,-1,-32.621147522015114,-32.652298623666844,-31.98306333991811,-33.36681248929012
1200,4.5,-2.5,0.1,2,-32.619920348888755,-32.65180569542312,-31.987235632473862,-33.366894204696905
1200,4.5,-2.5,0.1,10,-32.62230781268534,-32.6419212460045,-31.978124743368074,-33.36086883117925
1200,4.5,-2.5,0.55,-1,-32.63675060290395,-32.730722676934114,-32.04008528170546,-33.37699822143871
1200,4.5,-2.5,0.55,2,-32.633884584992565,-32.729938680316636,-32.04589610912838,-33.37786558107754
1200,4.5,-2.5,0.55,10,-32.640558708880185,-32.72254732022845,-32.029857337819394,-33.36074411600874
1200,4.5,-2.5,0.85,-1,-32.63342342352213,-32.74538353469589,-32.05818481518883,-33.372860005089436
1200,4.5,-2.5,0.85,2,-32.63263687030801,-32.744764950896496,-32.060876775019956,-33.372264394137204
1200,4.5,-2.5,0.85,10,-32.64047809721198,-32.7375479784726,-32.04149770745719,-33.3532475434521
1200,4.5,-2.0,0.1,-1,-32.70582989806199,-32.670743261490415,-31.968925335366194,-33.48342921555214
1200,4.5,-2.0,0.1,2,-32.702011435438365,-32.67109054355615,-31.977299223621408,-33.483352152907074
1200,4.5,-2.0,0.1,10,-32.701581927831306,-32.66161367880491,-31.972179920679636,-33.44984248111973
1200,4.5,-2.0,0.55,-1,-32.701008818406606,-32.783352955778795,-32.0679766314268,-33.50340183109668
1200,4.5,-2.0,0.55,2,-32.69711387287434,-32.78360963891881,-32.07514112323798,-33.50308903214831
1200,4.5,-2.0,0.55,10,-32.70569111675339,-32.78333802990969,-32.06961235006541,-33.4461140339478
1200,4.5,-2.0,0.85,-1,-32.70858600104868,-32.8156543847603,-32.08442015161031,-33.49252662214497
1200,4.5,-2.0,0.85,2,-32.705040463375916,-32.81486208187821,-32.0933140518581,-33.49129813063597
1200,4.5,-2.0,0.85,10,-32.709434303063404,-32.82032764525385,-32.098201161040805,-33.431254480963474
1200,4.5,-1.5,0.1,-1,-32.768186674436535,-32.66558399872707,-31.855131415790446,-33.55691815947635
1200,4.5,-1.5,0.1,2,-32.767410065707644,-32.667675546875586,-31.85874672518757,-33.55692129269053
1200,4.5,-1.5,0.1,10,-32.7356567948642,-32.64952684466269,-31.85731773244337,-33.452656925234365
1200,4.5,-1.5,0.55,-1,-32.76219905882809,-32.772866778971405,-31.975630058634252,-33.5591482606949
1200,4.5,-1.5,0.55,2,-32.756644484513544,-32.774666063571814,-31.98178311960341,-33.557658150342384
1200,4.5,-1.5,0.55,10,-32.73292466111384,-32.813393459528314,-32.03356171377489,-33.41338892850808
1200,4.5,-1.5,0.85,-1,-32.693499043883925,-32.83257867378038,-32.07742954473756,-33.580231030533795
1200,4.5,-1.5,0.85,2,-32.69348968659873,-32.833290363702254,-32.08080746952875,-33.57619400811962
1200,4.5,-1.5,0.85,10,-32.69366673550046,-32.88507195001695,-32.134844740401164,-33.40692839537256
1200,4.5,-1.0,0.1,-1,-32.64862710043023,-32.698639568656844,-31.793367590204063,-33.600316318080836
1200,4.5,-1.0,0.1,2,-32.646060538626074,-32.70106057099338,-31.789295448311474,-33.597242018293436
1200,4.5,-1.0,0.1,10,-32.54476867451104,-32.652944564459084,-31.76834085022664,-33.47010906200464
1200,4.5,-1.0,0.55,-1,-32.68126041925314,-32.80483038291368,-31.962742675175054,-33.56166012922278
1200,4.5,-1.0,0.55,2,-32.68065582443815,-32.80709231683711,-31.96316274421128,-33.553576017606815
1200,4.5,-1.0,0.55,10,-32.56249949756838,-32.84714077163015,-32.07793125868663,-33.43138140799925
1200,4.5,-1.0,0.85,-1,-32.687930534661696,-32.83323894076373,-32.02509149348756,-33.541722926347596
1200,4.5,-1.0,0.85,2,-32.68676063715988,-32.83598654004257,-32.02855130078166,-33.52887869721269
1200,4.5,-1.0,0.85,10,-32.5849633546201,-32.9281139594371,-32.20259874821076,-33.39231770068975
1200,4.5,-0.5,0.1,-1,-32.75007144422943,-32.65308488279705,-31.63188410900738,-33.49236611312433
1200,4.5,-0.5,0.1,2,-32.747380239864235,-32.65376724858266,-31.624177928018288,-33.48092578571536
1200,4.5,-0.5,0.1,10,-32.59151116849902,-32.60699505010708,-31.513825021916237,-33.3705436927149
1200,4.5,-0.5,0.55,-1,-32.761490588858315,-32.77399396418447,-31.933023813386487,-33.44026304034738
1200,4.5,-0.5,0.55,2,-32.76207096716411,-32.7782600040156,-31.941138049631995,-33.40904237418809
1200,4.5,-0.5,0.55,10,-32.57373943882009,-32.79653857717089,-31.918002252822998,-33.35118699882629
1200,4.5,-0.5,0.85,-1,-32.614326444832706,-32.852806850194106,-32.104057228848276,-33.457605533996926
1200,4.5,-0.5,0.85,2,-32.615666342349925,-32.85946928273647,-32.11957116615989,-33.41215191548986
1200,4.5,-0.5,0.85,10,-32.59583156452804,-32.89927489149444,-32.128237890231674,-33.29150410571679
1200,4.5,-0.25,0.1,-1,-32.69069954343329,-32.62724761247064,-31.668261783821418,-33.46357734545579
1200,4.5,-0.25,0.1,2,-32.68953084312066,-32.63224340794086,-31.65537520367227,-33.43830107252294
1200,4.5,-0.25,0.1,10,-32.5315388070609,-32.579598237605175,-31.460628827898482,-33.332724106384546
1200,4.5,-0.25,0.55,-1,-32.68849959726328,-32.76708827597212,-32.01600807726526,-33.405863066433824
1200,4.5,-0.25,0.55,2,-32.69047043893386,-32.77533841043947,-32.013832577972664,-33.36214043124664
1200,4.5,-0.25,0.55,10,-32.7227633161799,-32.747469234505864,-31.723546510584622,-33.23644351578591
1200,4.5,-0.25,0.85,-1,-32.68074263240983,-32.84365920470141,-32.127567790140816,-33.37178051001632
1200,4.5,-0.25,0.85,2,-32.683838700882326,-32.85313638328566,-32.14206772752184,-33.31600743360667
1200,4.5,-0.25,0.85,10,-32.48574431035379,-32.88476097015743,-32.18654964500431,-33.258871811398926
1200,4.5,+0.0,0.1,-1,-32.65037720542637,-32.575110551108345,-31.706678687959695,-33.41668984019755
1200,4.5,+0.0,0.1,2,-32.64204078211593,-32.5818700128939,-31.652706100324988,-33.37632184065209
1200,4.5,+0.0,0.1,10,-32.70113272210337,-32.50764569936592,-31.29883747163003,-33.21007393332436
1200,4.5,+0.0,0.55,-1,-32.85980829390157,-32.710402777842155,-31.971018749220683,-33.28958771530089
1200,4.5,+0.0,0.55,2,-32.86262974252705,-32.72174980855846,-31.95273969086943,-33.23901849276635
1200,4.5,+0.0,0.55,10,-32.59982033585528,-32.71614660356498,-31.703305025652927,-33.19027375370713
1200,4.5,+0.0,0.85,-1,-32.58454146114521,-32.85423652294194,-32.25136397040616,-33.317172855791384
1200,4.5,+0.0,0.85,2,-32.590038045709925,-32.86661762050163,-32.254763182180085,-33.253035958009896
1200,4.5,+0.0,0.85,10,-32.647138845030355,-32.89244954904232,-32.0800754653819,-33.110894823164465
1200,4.5,+0.25,0.1,-1,-32.81655457691692,-32.48460903611623,-31.639604752544855,-33.3050294896188
1200,4.5,+0.25,0.1,2,-32.81205459487377,-32.496714499684,-31.54478412284017,-33.25759775424053
1200,4.5,+0.25,0.1,10,-32.663193054445486,-32.45799142278215,-31.30549693038747,-33.16015284338491
1200,4.5,+0.25,0.55,-1,-32.817193591845054,-32.72671111616175,-32.06677664853501,-33.24645266102536
1200,4.5,+0.25,0.55,2,-32.82828526843391,-32.74858812662017,-32.01748847408587,-33.19258004725648
1200,4.5,+0.25,0.55,10,-32.54904491740173,-32.664557973835564,-31.658360349033742,-33.09748206636697
1200,4.5,+0.25,0.85,-1,-32.499296532968515,-32.84348040176124,-32.3612764435298,-33.24840091143811
1200,4.5,+0.25,0.85,2,-32.506993479690294,-32.858985811499934,-32.357048063900834,-33.177102879977504
1200,4.5,+0.25,0.85,10,-32.5337354333446,-32.866284325556265,-32.12041039462706,-33.027204037188504
1200,4.5,+0.5,0.1,-1,-32.76351368486105,-32.408990235068245,-31.674748859856866,-33.23536009925783
1200,4.5,+0.5,0.1,2,-32.74033394148897,-32.43073342327439,-31.524210426674966,-33.185949121153534
1200,4.5,+0.5,0.1,10,-32.625410093090714,-32.387154266526906,-31.33613633920394,-33.106176526943685
1200,4.5,+0.5,0.55,-1,-32.77970891434308,-32.71679680298386,-32.13200082412557,-33.199825992463516
1200,4.5,+0.5,0.55,2,-32.81532145482521,-32.76041604093939,-32.0640956362485,-33.151684866289486
1200,4.5,+0.5,0.55,10,-32.7607913536877,-32.67432716755651,-31.560914253155875,-32.952660930353574
1200,4.5,+0.5,0.85,-1,-32.720529194854805,-32.9463242591833,-32.373149775646056,-33.12865871420734
1200,4.5,+0.5,0.85,2,-32.728909329597535,-32.962160991521884,-32.36730450164422,-33.04534810602012
1200,4.5,+0.5,0.85,10,-32.433913833973136,-32.88765674631297,-32.30265525766971,-32.89266687326269
1200,4.5,+0.75,0.1,-1,-32.68907795089262,-32.319698844992146,-31.671365252315134,-33.15459283296785
1200,4.5,+0.75,0.1,2,-32.63643333773587,-32.34924711247095,-31.403744342267213,-33.06909566342607
1200,4.5,+0.75,0.1,10,-32.588951124515795,-32.32206543616269,-31.38576636624066,-33.05564142491055
1200,4.5,+0.75,0.55,-1,-32.90283487319118,-32.58630338009246,-32.03469469006444,-33.071323213968725
1200,4.5,+0.75,0.55,2,-32.91893198913645,-32.629365384793005,-31.87263968433318,-32.96428975898349
1200,4.5,+0.75,0.55,10,-32.61653274697227,-32.57854519048469,-31.513359312063084,-32.837941518908785
1200,4.5,+0.75,0.85,-1,-32.6830750860761,-32.94488953363493,-32.469655336589994,-33.04330430068965
1200,4.5,+0.75,0.85,2,-32.691646176209076,-32.96159794463351,-32.46457585639317,-32.94660282487723
1200,4.5,+0.75,0.85,10,-32.78339846353964,-33.057088761616136,-32.417866084575614,-32.627818714967
1200,4.5,+1.0,0.1,-1,-32.67425335291881,-32.26661180629388,-31.66424309717144,-33.08222163171641
1200,4.5,+1.0,0.1,2,-32.566597057867185,-32.250567692572794,-31.423883917913887,-33.00371472426197
1200,4.5,+1.0,0.1,10,-32.56901076187424,-32.24070023327181,-31.407719437320765,-32.99692826305039
1200,4.5,+1.0,0.55,-1,-32.859283197083926,-32.55895737635855,-32.03675486365631,-33.015327076023475
1200,4.5,+1.0,0.55,2,-32.866541210482204,-32.599051858285215,-31.868755653374322,-32.900826196674686
1200,4.5,+1.0,0.55,10,-32.725081204019254,-32.52503612467648,-31.45166810011598,-32.72496885165595
1200,4.5,+1.0,0.85,-1,-32.566926631508736,-32.92948204607135,-32.60397553794842,-32.97228255235878
1200,4.5,+1.0,0.85,2,-32.57535817353761,-32.948140708330065,-32.600898444515224,-32.8582217886744
1200,4.5,+1.0,0.85,10,-32.70677397716675,-32.9669783863153,-32.17092631260883,-32.55226822865151
1200,5.0,-2.5,0.1,-1,-32.57060384791736,-32.68340796853359,-32.01735018568152,-33.351981613084355
1200,5.0,-2.5,0.1,2,-32.56932326503342,-32.682784467927924,-32.0200730930672,-33.35172759715707
1200,5.0,-2.5,0.1,10,-32.5741229571079,-32.67502331917952,-32.00169054357691,-33.35140205992652
1200,5.0,-2.5,0.55,-1,-32.58906694914828,-32.73451511070536,-32.06102421721241,-33.35852674184241
1200,5.0,-2.5,0.55,2,-32.58661607109939,-32.73448289846845,-32.06170952696968,-33.35726386946534
1200,5.0,-2.5,0.55,10,-32.595032699618585,-32.72868942910433,-32.044148916836555,-33.353824246805964
1200,5.0,-2.5,0.85,-1,-32.58545517619218,-32.75461324136384,-32.07924888367489,-33.356449090139996
1200,5.0,-2.5,0.85,2,-32.58196056761214,-32.75517249636935,-32.08299671327453,-33.35704833545415
1200,5.0,-2.5,0.85,10,-32.58989192294541,-32.74756199700086,-32.065854022553935,-33.354879478102
1200,5.0,-2.0,0.1,-1,-32.62985902170399,-32.72816466910912,-32.03347282720977,-33.47685709924554
1200,5.0,-2.0,0.1,2,-32.624689556267064,-32.72876728976585,-32.041873837183104,-33.478526075932244
1200,5.0,-2.0,0.1,10,-32.632375900152084,-32.717413911497395,-32.022959897862776,-33.45843414384335
1200,5.0,-2.0,0.55,-1,-32.63930501387544,-32.82931699681302,-32.115678534286694,-33.493741377527535
1200,5.0,-2.0,0.55,2,-32.635777667825145,-32.82673125333013,-32.125966904011015,-33.49453068184946
1200,5.0,-2.0,0.55,10,-32.65100853328247,-32.82196358317386,-32.10135877360799,-33.451450325900026
1200,5.0,-2.0,0.85,-1,-32.644641059881614,-32.84734787772483,-32.144310555106316,-33.48724872857032
1200,5.0,-2.0,0.85,2,-32.64295826464191,-32.84755055371938,-32.14754540928847,-33.4866916466094
1200,5.0,-2.0,0.85,10,-32.656943437504935,-32.84220979867683,-32.12747643133295,-33.4428014965097
1200,5.0,-1.5,0.1,-1,-32.6694035678893,-32.718475980928325,-31.924391749347546,-33.57187998557427
1200,5.0,-1.5,0.1,2,-32.66751437414695,-32.72159890006569,-31.928011946201543,-33.57075951992498
1200,5.0,-1.5,0.1,10,-32.66991030961251,-32.71203570670171,-31.91735524018207,-33.500172177220115
1200,5.0,-1.5,0.55,-1,-32.678164642174416,-32.83096891932894,-32.03441212124221,-33.58753652467663
1200,5.0,-1.5,0.55,2,-32.67025481517576,-32.82999715442193,-32.04075978831506,-33.58626622676249
1200,5.0,-1.5,0.55,10,-32.6809968112709,-32.844930706951835,-32.05294136431022,-33.475004593579314
1200,5.0,-1.5,0.85,-1,-32.68284164523423,-32.862110254356466,-32.07580591057607,-33.57808850019837
1200,5.0,-1.5,0.85,2,-32.67857181635946,-32.86337340131003,-32.08479874146608,-33.57734237209055
1200,5.0,-1.5,0.85,10,-32.69108147554834,-32.88507779071695,-32.092477083172895,-33.452199839570724
1200,5.0,-1.0,0.1,-1,-32.76917289725159,-32.6864908012695,-31.703934072165644,-33.578019779126805
1200,5.0,-1.0,0.1,2,-32.76669162290496,-32.69014852051221,-31.702953879646355,-33.57466267598359
1200,5.0,-1.0,0.1,10,-32.71985508543224,-32.665917366431174,-31.691941934825966,-33.440468846070694
1200,5.0,-1.0,0.55,-1,-32.78081841558133,-32.79359944691204,-31.865348698004826,-33.57321873316438
1200,5.0,-1.0,0.55,2,-32.77992306083497,-32.7968508780284,-31.866591163683573,-33.562987408588356
1200,5.0,-1.0,0.55,10,-32.71703254184595,-32.85089288289743,-31.94555157974024,-33.39667662155795
1200,5.0,-1.0,0.85,-1,-32.65495208191725,-32.85398559494921,-32.01940189651866,-33.60981931358123
1200,5.0,-1.0,0.85,2,-32.65419600777022,-32.84651807565212,-32.00431763822555,-33.60260606398146
1200,5.0,-1.0,0.85,10,-32.70713009440279,-32.91545006392301,-32.05214446615152,-33.37105318866106
1200,5.0,-0.5,0.1,-1,-32.67826254290472,-32.704094253530414,-31.61874701837021,-33.5573984804803
1200,5.0,-0.5,0.1,2,-32.674409951522364,-32.715100021452024,-31.61987468413188,-33.53673233137829
1200,5.0,-0.5,0.1,10,-32.57761957275214,-32.65368387137145,-31.53456773353505,-33.412186751609156
1200,5.0,-0.5,0.55,-1,-32.70152921015603,-32.797608668901255,-31.869833974029728,-33.51884661628207
1200,5.0,-0.5,0.55,2,-32.70240138115426,-32.805223788200834,-31.883899212535184,-33.471411241183546
1200,5.0,-0.5,0.55,10,-32.82721548406607,-32.802045085884245,-31.750712029502232,-33.296545118832384
1200,5.0,-0.5,0.85,-1,-32.72893018791631,-32.82280049308393,-31.93199398388545,-33.49103432999171
1200,5.0,-0.5,0.85,2,-32.731053684085644,-32.833157498827276,-31.95575829887659,-33.431976657159666
1200,5.0,-0.5,0.85,10,-32.57950434190799,-32.931608159547444,-32.11102826616414,-33.3424292620997
1200,5.0,-0.25,0.1,-1,-32.860172094431874,-32.62757491139278,-31.45457770303771,-33.44901196680918
1200,5.0,-0.25,0.1,2,-32.86363618417339,-32.63585936388212,-31.446915726151417,-33.4170083701456
1200,5.0,-0.25,0.1,10,-32.73630813181124,-32.612736160080516,-31.308317099563347,-33.307872649178904
1200,5.0,-0.25,0.55,-1,-32.70981915968922,-32.79622756948547,-31.898839902252796,-33.46737222177739
1200,5.0,-0.25,0.55,2,-32.72187021393233,-32.80508968385231,-31.906483356485733,-33.39803615282499
1200,5.0,-0.25,0.55,10,-32.723317508953315,-32.81013068622913,-31.754493600406178,-33.293946531927496
1200,5.0,-0.25,0.85,-1,-32.67585212084279,-32.85310774493627,-32.02019907961666,-33.455322398763
1200,5.0,-0.25,0.85,2,-32.67666434480416,-32.85718999770498,-32.03289592103997,-33.42212815755361
1200,5.0,-0.25,0.85,10,-32.76756456127928,-32.88466199574113,-31.94322493809255,-33.216567579497294
1200,5.0,+0.0,0.1,-1,-32.81747588223006,-32.61364029152864,-31.48774974380913,-33.416171894653864
1200,5.0,+0.0,0.1,2,-32.815507668469095,-32.62296976424037,-31.456818582596064,-33.36000066826688
1200,5.0,+0.0,0.1,10,-32.68078306140869,-32.599120952085215,-31.236668374977903,-33.26617269831645
1200,5.0,+0.0,0.55,-1,-32.84106569955552,-32.76530736005742,-31.862296673996596,-33.368884972688114
1200,5.0,+0.0,0.55,2,-32.84282808165863,-32.77940887448483,-31.864190939313623,-33.28817608772882
1200,5.0,+0.0,0.55,10,-32.625816296116476,-32.78176577852945,-31.73519031536071,-33.2678694455846
1200,5.0,+0.0,0.85,-1,-32.66722021886832,-32.84371147856726,-32.05086343267801,-33.3771029444284
1200,5.0,+0.0,0.85,2,-32.67109917700551,-32.84986881234097,-32.06424518961013,-33.32905077913441
1200,5.0,+0.0,0.85,10,-32.66847907008445,-32.89210858074912,-32.01459528523819,-33.18182990224885
1200,5.0,+0.25,0.1,-1,-32.78583600013255,-32.5945537697618,-31.550046368857497,-33.376636085677085
1200,5.0,+0.25,0.1,2,-32.78965052584137,-32.61433806035101,-31.45107153469397,-33.30450351493711
1200,5.0,+0.25,0.1,10,-32.6380396135305,-32.558913576932234,-31.203738439896323,-33.21452009085861
1200,5.0,+0.25,0.55,-1,-32.805386331223986,-32.78877046817043,-31.967692795423048,-33.32080821428353
1200,5.0,+0.25,0.55,2,-32.820631348331794,-32.80958468294105,-31.92182391358754,-33.22969604890335
1200,5.0,+0.25,0.55,10,-32.78926437818741,-32.72292153905654,-31.486479259708613,-33.11835003717897
1200,5.0,+0.25,0.85,-1,-32.85165399734342,-32.919080595986074,-32.089227435891395,-33.27922088989447
1200,5.0,+0.25,0.85,2,-32.859606467792595,-32.938339370921014,-32.111734255983315,-33.17283769238978
1200,5.0,+0.25,0.85,10,-32.51388258429941,-32.883170303075865,-32.11080268869604,-33.12114207522953
1200,5.0,+0.5,0.1,-1,-32.84397510072473,-32.572658512212605,-31.59006989685597,-33.3151090682214
1200,5.0,+0.5,0.1,2,-32.770066280152975,-32.564661202205876,-31.394325941001583,-33.22488293854309
1200,5.0,+0.5,0.1,10,-32.778615690882795,-32.462803213592686,-31.093548439592972,-33.096431928084684
1200,5.0,+0.5,0.55,-1,-33.106938682365865,-32.77936578479225,-31.912909219611556,-33.19513695649155
1200,5.0,+0.5,0.55,2,-33.08934706233981,-32.77064794097299,-31.813922760842523,-33.09814219346768
1200,5.0,+0.5,0.55,10,-32.622689205205425,-32.6543849991842,-31.42316627025188,-33.037010121874594
1200,5.0,+0.5,0.85,-1,-32.755444350731835,-32.908199637153864,-32.19781733428376,-33.20234106607164
1200,5.0,+0.5,0.85,2,-32.76545223195309,-32.92902039802232,-32.20496128299553,-33.08498191366956
1200,5.0,+0.5,0.85,10,-32.78070283661294,-32.8953546704631,-31.879197661248835,-32.93355015416037
1200,5.0,+0.75,0.1,-1,-32.88050525125344,-32.44933515972783,-31.562325061587252,-33.212798529561226
1200,5.0,+0.75,0.1,2,-32.85950312624167,-32.44160096857708,-31.294223568016918,-33.109071144176966
1200,5.0,+0.75,0.1,10,-32.74294320177612,-32.39124843971621,-31.12859569399212,-33.04261530118745
1200,5.0,+0.75,0.55,-1,-33.007464970763465,-32.73823134327473,-31.983197379723034,-33.1397119733717
1200,5.0,+0.75,0.55,2,-33.014259759048784,-32.7713105785881,-31.867932523191115,-33.04509978388682
1200,5.0,+0.75,0.55,10,-32.84579398867614,-32.65124098553676,-31.35043799039725,-32.88925345017857
1200,5.0,+0.75,0.85,-1,-32.65026130808573,-32.92692554965977,-32.33476887266867,-33.12175381335464
1200,5.0,+0.75,0.85,2,-32.662071096413115,-32.94943733032996,-32.338485554482624,-32.98948219238534
1200,5.0,+0.75,0.85,10,-32.72787471836837,-32.94470076706675,-32.048423712178106,-32.831253625444944
1200,5.0,+1.0,0.1,-1,-32.829552938197594,-32.34908569875842,-31.5705035610068,-33.13009311373471
1200,5.0,+1.0,0.1,2,-32.814107186643035,-32.36398237499844,-31.228493307439315,-33.02271261670588
1200,5.0,+1.0,0.1,10,-32.6809764754084,-32.2949741366142,-31.14262296821911,-32.975599147116604
1200,5.0,+1.0,0.55,-1,-33.016773936860524,-32.667643279749136,-31.992016327842517,-33.056699183454306
1200,5.0,+1.0,0.55,2,-33.02203356433622,-32.70233427805087,-31.85127950247912,-32.96195319836268
1200,5.0,+1.0,0.55,10,-32.78144326951344,-32.60683173922061,-31.3123315029374,-32.7984511721601
1200,5.0,+1.0,0.85,-1,-33.03937437029113,-33.162600281055155,-32.32917150446265,-32.98757151532889
1200,5.0,+1.0,0.85,2,-33.05182008563273,-33.18489995704781,-32.325783507733036,-32.83893209996571
1200,5.0,+1.0,0.85,10,-33.007277647256956,-33.16130598764667,-32.20662615046795,-32.57225922537528
1200,5.25,-2.5,0.1,-1,-32.563476322574424,-32.67816588885897,-31.990997063797334,-33.326194499496246
1200,5.25,-2.5,0.1,2,-32.56324156837994,-32.678172484496024,-31.99157893261557,-33.32609534202919
1200,5.25,-2.5,0.1,10,-32.567816616762244,-32.670760077381075,-31.978113037502066,-33.32638028691383
1200,5.25,-2.5,0.55,-1,-32.55714012776321,-32.72131822635464,-32.0571673438279,-33.339252874984986
1200,5.25,-2.5,0.55,2,-32.560110745890995,-32.72125542404402,-32.05378102622482,-33.33749739455997
1200,5.25,-2.5,0.55,10,-32.565258903427875,-32.715680500101456,-32.039763004537036,-33.337770369646556
1200,5.25,-2.5,0.85,-1,-32.564660959101836,-32.73862294287816,-32.0770659710801,-33.34027945176427
1200,5.25,-2.5,0.85,2,-32.56437666646874,-32.73856861847305,-32.07774512536584,-33.34020260841519
1200,5.25,-2.5,0.85,10,-32.57194587747526,-32.730912637499074,-32.056823620197655,-33.33839682440885
1200,5.25,-2.0,0.1,-1,-32.65533442912244,-32.72928815826449,-31.998853595045908,-33.43558830594223
1200,5.25,-2.0,0.1,2,-32.65209197977809,-32.72784598584919,-32.00421275718035,-33.435054173522985
1200,5.25,-2.0,0.1,10,-32.66192087204669,-32.71448623667161,-31.98336127908356,-33.42400837014835
1200,5.25,-2.0,0.55,-1,-32.66094745983848,-32.81454865191993,-32.0903808387805,-33.455701352531555
1200,5.25,-2.0,0.55,2,-32.64443517215449,-32.811783962277815,-32.1048103077671,-33.460696412136855
1200,5.25,-2.0,0.55,10,-32.672069480710256,-32.806027247665455,-32.07737651096711,-33.42942806086899
1200,5.25,-2.0,0.85,-1,-32.64892579421437,-32.844025120745016,-32.12456639783679,-33.45779770694253
1200,5.25,-2.0,0.85,2,-32.64360696864075,-32.84355638416439,-32.134388169733285,-33.460048047760026
1200,5.25,-2.0,0.85,10,-32.6478484040757,-32.83557351778777,-32.12228171718856,-33.43635732668527
1200,5.25,-1.5,0.1,-1,-32.62210388998727,-32.73591959904345,-31.972250026295047,-33.577759279161825
1200,5.25,-1.5,0.1,2,-32.74180240010552,-32.735823219141615,-31.91942636549428,-33.547413836276235
1200,5.25,-1.5,0.1,10,-32.61189213262578,-32.733894043058164,-31.97140122988166,-33.520916789470206
1200,5.25,-1.5,0.55,-1,-32.695265524662496,-32.82979020777778,-32.020720919532565,-33.567068234043255
1200,5.25,-1.5,0.55,2,-32.6916674707241,-32.83096771654058,-32.026571200369496,-33.56580969841593
1200,5.25,-1.5,0.55,10,-32.7031931279297,-32.841097165986,-32.03065431127621,-33.47008664350241
1200,5.25,-1.5,0.85,-1,-32.56779910796857,-32.89076211573735,-32.17059123463768,-33.61459990902922
1200,5.25,-1.5,0.85,2,-32.569451594253636,-32.89323462621959,-32.17326363189499,-33.61274445314945
1200,5.25,-1.5,0.85,10,-32.58434639897127,-32.91200878291342,-32.174672600419626,-33.496603005626426
1200,5.25,-1.0,0.1,-1,-32.6057555389303,-32.74169732609216,-31.827123462507462,-33.64210012190175
1200,5.25,-1.0,0.1,2,-32.602287431293355,-32.744890346570365,-31.823629743652198,-33.64071276809917
1200,5.25,-1.0,0.1,10,-32.58359122926171,-32.73069015391001,-31.80699268896587,-33.514263895802124
1200,5.25,-1.0,0.55,-1,-32.64147958427631,-32.833902566909806,-31.959091041695768,-33.63896017977286
1200,5.25,-1.0,0.55,2,-32.6477124014212,-32.83162088154674,-31.952430230671286,-33.63320073108535
1200,5.25,-1.0,0.55,10,-32.70022362988081,-32.85362097642318,-31.94563936134748,-33.438986498078684
1200,5.25,-1.0,0.85,-1,-32.63341558543169,-32.869125445941215,-32.03561328044268,-33.6339008458524
1200,5.25,-1.0,0.85,2,-32.6306583127326,-32.87171210534697,-32.03654337821448,-33.6301590146713
1200,5.25,-1.0,0.85,10,-32.61851682665896,-32.92979783863678,-32.09094805268221,-33.44044167221654
1200,5.25,-0.5,0.1,-1,-32.77099268112143,-32.709829679552826,-31.560574985060207,-33.554886773154486
1200,5.25,-0.5,0.1,2,-32.76979349133787,-32.71488323592058,-31.554947350053233,-33.53075565397723
1200,5.25,-0.5,0.1,10,-32.663088524180345,-32.67139396719375,-31.503467045473528,-33.40521032887508
1200,5.25,-0.5,0.55,-1,-32.77724589239813,-32.78538201073389,-31.778040391106575,-33.523103905860296
1200,5.25,-0.5,0.55,2,-32.780556268715934,-32.794783344271025,-31.79230775968385,-33.4732394175045
1200,5.25,-0.5,0.55,10,-32.62610442538862,-32.85536492946517,-31.88645916679903,-33.386075783406234
1200,5.25,-0.5,0.85,-1,-32.78474075668977,-32.80413673097038,-31.846769167224128,-33.50353013320599
1200,5.25,-0.5,0.85,2,-32.78734833011322,-32.80993478841688,-31.850540281094,-33.48931963043628
1200,5.25,-0.5,0.85,10,-32.67057036927332,-32.92719932272385,-32.020307164207885,-33.33105451854917
1200,5.25,-0.25,0.1,-1,-32.72946204762779,-32.70662165882189,-31.53645699553753,-33.52509464857192
1200,5.25,-0.25,0.1,2,-32.725703963155865,-32.7120236162038,-31.528799814928586,-33.47803216714669
1200,5.25,-0.25,0.1,10,-32.705479215753435,-32.63431634058226,-31.34279790106106,-33.34133326521566
1200,5.25,-0.25,0.55,-1,-32.74654821874981,-32.7937813003785,-31.81076643551078,-33.48310158523223
1200,5.25,-0.25,0.55,2,-32.74849020000205,-32.80865838109448,-31.83591091702312,-33.40919196302754
1200,5.25,-0.25,0.55,10,-32.874023729776354,-32.78881831751708,-31.657911265320227,-33.26390514695459
1200,5.25,-0.25,0.85,-1,-32.81478770017734,-32.838860520790206,-31.879011724076403,-33.45552882241349
1200,5.25,-0.25,0.85,2,-32.79580612016492,-32.831641764793325,-31.887784076163467,-33.41732382962642
1200,5.25,-0.25,0.85,10,-32.665197781786276,-32.91698231079783,-32.00303551583842,-33.28426668383696
1200,5.25,+0.0,0.1,-1,-32.921921401305184,-32.61964276318644,-31.387198439915103,-33.414160933135655
1200,5.25,+0.0,0.1,2,-32.91417393604753,-32.62408096235816,-31.362740510916836,-33.35117425698202
1200,5.25,+0.0,0.1,10,-32.788230379609885,-32.598357914337804,-31.16341401700509,-33.252127839871775
1200,5.25,+0.0,0.55,-1,-33.22992959349591,-32.9408334965407,-31.814861621339368,-33.417171574930656
1200,5.25,+0.0,0.55,2,-33.21354106581338,-32.93863914819967,-31.80014936416057,-33.3116306868133
1200,5.25,+0.0,0.55,10,-32.76343959931364,-32.79518953598943,-31.64787947576384,-33.25068805707622
1200,5.25,+0.0,0.85,-1,-32.75091979906132,-32.86322725004299,-31.96390123950712,-33.4127052184144
1200,5.25,+0.0,0.85,2,-32.76857451641545,-32.8822133180516,-31.987817943353726,-33.35568692519535
1200,5.25,+0.0,0.85,10,-32.8262127850781,-32.87645714008712,-31.880714997967047,-33.16863284151104
1200,5.25,+0.25,0.1,-1,-32.89851572408173,-32.61291802066086,-31.434940568848603,-33.37978910812466
1200,5.25,+0.25,0.1,2,-32.89719103177078,-32.63154929151155,-31.358072156327125,-33.29744631953894
1200,5.25,+0.25,0.1,10,-32.73488962010273,-32.5826233506194,-31.102289476442845,-33.20679529104074
1200,5.25,+0.25,0.55,-1,-33.132999852469766,-32.89953966215466,-31.801268621337627,-33.32600003712928
1200,5.25,+0.25,0.55,2,-33.116870701361435,-32.90671902715309,-31.778919473815392,-33.21953694829674
1200,5.25,+0.25,0.55,10,-32.9079490938861,-32.712950593476265,-31.427152388591992,-33.12022913165488
1200,5.25,+0.25,0.85,-1,-32.70408216222358,-32.8880548267247,-32.061321140091586,-33.34837854816284
1200,5.25,+0.25,0.85,2,-32.713846225880886,-32.91701700532241,-32.09697078635947,-33.278897538913576
1200,5.25,+0.25,0.85,10,-32.732889958185126,-32.88998713366729,-31.93984282000658,-33.11896673467406
1200,5.25,+0.5,0.1,-1,-32.86173389757552,-32.57944427070299,-31.493307180255286,-33.328989318699584
1200,5.25,+0.5,0.1,2,-32.84508628981969,-32.595473988347216,-31.316892271037233,-33.22721683132698
1200,5.25,+0.5,0.1,10,-32.705798029392845,-32.53798041953215,-31.082450608923622,-33.14838218795088
1200,5.25,+0.5,0.55,-1,-32.88114301144927,-32.771591178994925,-31.895740168228215,-33.25766539337755
1200,5.25,+0.5,0.55,2,-33.14177791435711,-32.75323064140492,-31.737582368573456,-33.085884471316966
1200,5.25,+0.5,0.55,10,-32.80858912039819,-32.705359031255924,-31.36891776345569,-33.05738275545572
1200,5.25,+0.5,0.85,-1,-32.76655915818373,-32.99721079197778,-32.171987493219035,-33.269401826613
1200,5.25,+0.5,0.85,2,-32.77352579484672,-33.00969108979644,-32.17696649104305,-33.186397618737765
1200,5.25,+0.5,0.85,10,-32.872697183287364,-32.85580884232697,-31.818974964181272,-32.95869606430508
1200,5.25,+0.75,0.1,-1,-32.82419499133948,-32.50997376712529,-31.526529675088796,-33.254424190861464
1200,5.25,+0.75,0.1,2,-32.80934032486463,-32.539076159819444,-31.253362731226368,-33.14576037535974
1200,5.25,+0.75,0.1,10,-32.70976557153713,-32.465023001643864,-31.068536346808866,-33.07337346957357
1200,5.25,+0.75,0.55,-1,-33.094939979874276,-32.735068712636824,-31.88270014116768,-33.14439818067519
1200,5.25,+0.75,0.55,2,-33.10256869438108,-32.77057739334676,-31.766378130103845,-33.02764533371597
1200,5.25,+0.75,0.55,10,-32.77008691019143,-32.699170477694295,-31.34579841171686,-32.96523828532988
1200,5.25,+0.75,0.85,-1,-32.97538277572677,-33.09345337831943,-32.22174883603445,-33.15471709107826
1200,5.25,+0.75,0.85,2,-32.98266174901724,-33.111929378150315,-32.23030136616198,-33.00475560360998
1200,5.25,+0.75,0.85,10,-32.943256349036616,-32.94850944300433,-31.808632158343528,-32.87843795388425
1200,5.25,+1.0,0.1,-1,-32.85704414338413,-32.39903473524941,-31.517581421380648,-33.16028979606643
1200,5.25,+1.0,0.1,2,-32.86527025562315,-32.41350841726782,-31.159113354864473,-33.03428029559366
1200,5.25,+1.0,0.1,10,-32.76766463266575,-32.36018382862909,-31.06602952533978,-32.99418317061439
1200,5.25,+1.0,0.55,-1,-33.151074447035064,-32.80238866332697,-31.95342557372683,-33.10224597432182
1200,5.25,+1.0,0.55,2,-33.1496997013451,-32.837275870640156,-31.789172202320884,-32.99138125240019
1200,5.25,+1.0,0.55,10,-32.797279410566105,-32.63120367684829,-31.263214316748318,-32.837151620012605
1200,5.25,+1.0,0.85,-1,-32.732576297599564,-32.957250918357616,-32.287385495006895,-33.03956252039423
1200,5.25,+1.0,0.85,2,-32.835229211286034,-33.0454902837209,-32.289911516617465,-32.87427513962254
1200,5.25,+1.0,0.85,10,-33.016583497753146,-33.090554270086166,-32.078188179621854,-32.68320333305647
1300,3.5,-2.5,0.1,-1,-33.12400127608713,-32.9557588725868,-32.32017174605948,-33.58188918742726
1300,3.5,-2.5,0.1,2,-33.12238415934521,-32.95445226168572,-32.32411811882756,-33.582394274975115
1300,3.5,-2.5,0.1,10,-33.12528137502726,-32.947090346310446,-32.31080810874617,-33.553924887310295
1300,3.5,-2.5,0.55,-1,-33.14359911761599,-33.043975124265486,-32.36010955994508,-33.581369408016656
1300,3.5,-2.5,0.55,2,-33.14332143288319,-33.04409685400297,-32.36103989232732,-33.58110367328054
1300,3.5,-2.5,0.55,10,-33.13217822208716,-33.059006408119465,-32.374639341580156,-33.518829762383795
1300,3.5,-2.5,0.85,-1,-33.14203919397298,-33.07709937545972,-32.3872556730829,-33.57883848495105
1300,3.5,-2.5,0.85,2,-33.14312549434448,-33.07719343387689,-32.38625180172447,-33.57727387776073
1300,3.5,-2.5,0.85,10,-33.14047313890206,-33.08077603655839,-32.38632251312537,-33.53265094518753
1300,3.5,-2.0,0.1,-1,-33.165795299081005,-32.97138020791006,-32.317599695074705,-33.686686080437
1300,3.5,-2.0,0.1,2,-33.16499491907102,-32.97197622698829,-32.31871362162381,-33.686455843533665
1300,3.5,-2.0,0.1,10,-33.12535277833507,-32.9514755502803,-32.32467670140095,-33.613325970019055
1300,3.5,-2.0,0.55,-1,-33.1936726944079,-33.10469929659316,-32.39543257386877,-33.67087080342871
1300,3.5,-2.0,0.55,2,-33.19204718814958,-33.10451378117219,-32.396919849555005,-33.67031446018092
1300,3.5,-2.0,0.55,10,-33.145695400266185,-33.13068462768561,-32.46516262217641,-33.58298719760979
1300,3.5,-2.0,0.85,-1,-33.188800043415604,-33.13502280938365,-32.41843519648195,-33.6528737999059
1300,3.5,-2.0,0.85,2,-33.187670691971476,-33.13452640850232,-32.42245078307193,-33.653115420837054
1300,3.5,-2.0,0.85,10,-33.13526191602802,-33.18799047762502,-32.52464614616358,-33.56352186134991
1300,3.5,-1.5,0.1,-1,-33.09818818728452,-33.01784441782795,-32.31069022723425,-33.746021092726096
1300,3.5,-1.5,0.1,2,-33.09618424120577,-33.01796126998498,-32.31149206725089,-33.745872426220764
1300,3.5,-1.5,0.1,10,-33.00532311665704,-32.96281163565916,-32.287686199446895,-33.65974473258376
1300,3.5,-1.5,0.55,-1,-33.12577721897802,-33.15876500521155,-32.43964502569895,-33.685622725162276
1300,3.5,-1.5,0.55,2,-33.12570540531925,-33.15902078604732,-32.439966017540954,-33.68383296671603
1300,3.5,-1.5,0.55,10,-33.04560344243385,-33.16372371507929,-32.500246259015846,-33.60183077489247
1300,3.5,-1.5,0.85,-1,-33.10939851088171,-33.217764530521876,-32.505111201811665,-33.66578383537118
1300,3.5,-1.5,0.85,2,-33.10945182944628,-33.2181889929126,-32.50598777618515,-33.66237846705743
1300,3.5,-1.5,0.85,10,-33.02201298229665,-33.273029070675776,-32.630843865718234,-33.579846104620344
1300,3.5,-1.0,0.1,-1,-32.988943279569426,-32.981633215931026,-32.318098980273916,-33.722299284999934
1300,3.5,-1.0,0.1,2,-32.98553639900691,-32.98162588838228,-32.31266432831121,-33.718147660006075
1300,3.5,-1.0,0.1,10,-32.89934766609833,-32.90536915292628,-32.182707939000004,-33.62952154172467
1300,3.5,-1.0,0.55,-1,-33.00929763263808,-33.14155138093666,-32.5509266475842,-33.64890152594478
1300,3.5,-1.0,0.55,2,-33.00968024778949,-33.14362929666058,-32.54731713358695,-33.639157245552
1300,3.5,-1.0,0.55,10,-32.83350318062229,-33.10648401092406,-32.503218595945775,-33.59056988635614
1300,3.5,-1.0,0.85,-1,-32.972055269572024,-33.2356168584779,-32.64910260047051,-33.61289777808898
1300,3.5,-1.0,0.85,2,-32.97258775325026,-33.238278326276436,-32.647817472390464,-33.601010029787666
1300,3.5,-1.0,0.85,10,-32.86307163379089,-33.275316441746,-32.73081269136816,-33.54953639515512
1300,3.5,-0.5,0.1,-1,-32.90382240514483,-32.86015403155544,-32.32893631518199,-33.64174570792854
1300,3.5,-0.5,0.1,2,-32.91114430909302,-32.871622272330015,-32.24966210286906,-33.61806381541767
1300,3.5,-0.5,0.1,10,-32.84276913850446,-32.81463265103769,-32.08269758362158,-33.539710255261205
1300,3.5,-0.5,0.55,-1,-32.89783350677534,-33.08872991701299,-32.63724998769764,-33.588339193635655
1300,3.5,-0.5,0.55,2,-32.898735654739916,-33.092747771195675,-32.619758513527245,-33.57881039885432
1300,3.5,-0.5,0.55,10,-32.755793550001975,-32.99945098457368,-32.39066546610861,-33.494982682921155
1300,3.5,-0.5,0.85,-1,-32.76362809474516,-33.24228891375511,-32.89588620561874,-33.55910888513656
1300,3.5,-0.5,0.85,2,-32.76526399090621,-33.24637004438544,-32.889006188908155,-33.54492409143657
1300,3.5,-0.5,0.85,10,-32.700621419197596,-33.20437342048004,-32.757828153116805,-33.469401402029426
1300,3.5,-0.25,0.1,-1,-32.91394451972205,-32.78550200356664,-32.274442740218944,-33.56279794223252
1300,3.5,-0.25,0.1,2,-32.89158573742625,-32.79006481909332,-32.17477280686059,-33.5368476877491
1300,3.5,-0.25,0.1,10,-32.800320184391595,-32.75926110300363,-32.08739783515726,-33.49818721402442
1300,3.5,-0.25,0.55,-1,-32.857226474256535,-33.03596990251539,-32.66999094570593,-33.54681615516638
1300,3.5,-0.25,0.55,2,-32.85911690551345,-33.044901544851115,-32.632176371883816,-33.519918918996005
1300,3.5,-0.25,0.55,10,-32.71961620520449,-32.94398988514375,-32.34921700046998,-33.417958984830214
1300,3.5,-0.25,0.85,-1,-32.80283543050856,-33.21401785236674,-32.91296847081348,-33.47228937686134
1300,3.5,-0.25,0.85,2,-32.80443736889989,-33.21817716757254,-32.90762793355558,-33.454375510472886
1300,3.5,-0.25,0.85,10,-32.59272489889168,-33.18737438293359,-32.83953365554343,-33.39631554755768
1300,3.5,+0.0,0.1,-1,-32.85993211348384,-32.71734944035177,-32.27131874833411,-33.5059716117481
1300,3.5,+0.0,0.1,2,-32.8463245854475,-32.72836155117488,-32.17419832221744,-33.48041708261007
1300,3.5,+0.0,0.1,10,-32.77100062260205,-32.690983347780296,-32.08681684749803,-33.44297941677983
1300,3.5,+0.0,0.55,-1,-32.80876919296025,-32.98504115466854,-32.66305635682836,-33.50055896918071
1300,3.5,+0.0,0.55,2,-32.81285507905498,-32.99562833666235,-32.625472489338875,-33.46745802360318
1300,3.5,+0.0,0.55,10,-32.76796064494202,-32.945584645667395,-32.31832468469203,-33.304798017750805
1300,3.5,+0.0,0.85,-1,-32.70362417699589,-33.18389963466156,-33.04389697202454,-33.417923202421434
1300,3.5,+0.0,0.85,2,-32.70529640885175,-33.188376780304665,-33.04262719568137,-33.39325829324383
1300,3.5,+0.0,0.85,10,-32.503663192886364,-33.146643000981534,-32.88842524935239,-33.309700339891506
1300,3.5,+0.25,0.1,-1,-32.83010584629623,-32.65834670047647,-32.26558741105337,-33.45333615083456
1300,3.5,+0.25,0.1,2,-32.793080048582766,-32.65053893706807,-32.166478815231365,-33.41428685879046
1300,3.5,+0.25,0.1,10,-32.75071559418032,-32.621881735876,-32.10856001198775,-33.39121688543212
1300,3.5,+0.25,0.55,-1,-32.88780621081476,-32.92465159606474,-32.562787831626196,-33.40550529177864
1300,3.5,+0.25,0.55,2,-32.88363317089623,-32.93292217647298,-32.5279622723549,-33.36909375545357
1300,3.5,+0.25,0.55,10,-32.72412240256755,-32.88275903387665,-32.308135530071475,-33.2269885173408
1300,3.5,+0.25,0.85,-1,-32.61697682297465,-33.1718662187251,-33.10264637805308,-33.37450749799923
1300,3.5,+0.25,0.85,2,-32.618409177599546,-33.17586889327703,-33.10167891688772,-33.34560602824664
1300,3.5,+0.25,0.85,10,-32.659053239816565,-33.228185667157334,-33.046769647774774,-33.09345359251448
1300,3.5,+0.5,0.1,-1,-32.80223885797888,-32.57549933775138,-32.23649330235303,-33.38638079789137
1300,3.5,+0.5,0.1,2,-32.760806196791336,-32.575610300344295,-32.1644111813403,-33.35351193733227
1300,3.5,+0.5,0.1,10,-32.74378858953908,-32.55458243525516,-32.1394040591687,-33.34433519785999
1300,3.5,+0.5,0.55,-1,-32.79899708356694,-32.85838765357873,-32.559889668174115,-33.34643665273293
1300,3.5,+0.5,0.55,2,-32.83452070776264,-32.886872543276795,-32.52730430380216,-33.3038016321155
1300,3.5,+0.5,0.55,10,-32.719594440084265,-32.81071676495489,-32.295189429070874,-33.136840748133714
1300,3.5,+0.5,0.85,-1,-32.58109714463103,-33.15310394832852,-33.24017783810982,-33.30995424121096
1300,3.5,+0.5,0.85,2,-32.58827687091391,-33.162017853470076,-33.246104767165164,-33.277033096248154
1300,3.5,+0.5,0.85,10,-32.505870006930984,-32.985474540192556,-32.648152786968566,-33.07598338439413
1300,3.5,+0.75,0.1,-1,-32.76996682774111,-32.50869308494826,-32.25380958909733,-33.33373021226678
1300,3.5,+0.75,0.1,2,-32.73790218831883,-32.49711922301906,-32.18047378931367,-33.29640317521663
1300,3.5,+0.75,0.1,10,-32.73570144010462,-32.487359547511254,-32.16883772832024,-33.29528863654878
1300,3.5,+0.75,0.55,-1,-32.808445424158265,-32.79680731798515,-32.50204443782736,-33.271987618946255
1300,3.5,+0.75,0.55,2,-32.805373004338044,-32.804480481309064,-32.46210629173137,-33.21857444579284
1300,3.5,+0.75,0.55,10,-32.7104477323323,-32.752215630684645,-32.28163839668892,-33.04545201601971
1300,3.5,+0.75,0.85,-1,-32.645087179063594,-33.20268528998499,-33.322374397837756,-33.2802742195365
1300,3.5,+0.75,0.85,2,-32.64608080765325,-33.207483083407425,-33.32805424206907,-33.24620110982267
1300,3.5,+0.75,0.85,10,-32.44153666710765,-33.156812617570544,-32.99902753385728,-32.933785947752
1300,3.5,+1.0,0.1,-1,-32.74868814363185,-32.44344851535022,-32.24633758667627,-33.276301285760866
1300,3.5,+1.0,0.1,2,-32.722162696996314,-32.427150506705324,-32.20260790755217,-33.24684826523301
1300,3.5,+1.0,0.1,10,-32.718030728858864,-32.41265979595302,-32.186873006487005,-33.244801142966786
1300,3.5,+1.0,0.55,-1,-32.83842539484643,-32.75597605307122,-32.46225342265184,-33.19647794647394
1300,3.5,+1.0,0.55,2,-32.80776372492069,-32.74435081202438,-32.4132863140154,-33.13261127143683
1300,3.5,+1.0,0.55,10,-32.852073727530694,-32.68190131011718,-32.196850136947724,-32.94492199804212
1300,3.5,+1.0,0.85,-1,-32.622365863264235,-33.20306980767665,-33.35908480538801,-33.21852664906901
1300,3.5,+1.0,0.85,2,-32.62360285719772,-33.20819970112192,-33.36270605687102,-33.186995063530006
1300,3.5,+1.0,0.85,10,-32.388692733720895,-33.182319505103614,-33.17109152117326,-32.836408161789485
1300,4.0,-2.5,0.1,-1,-33.092170954164686,-32.99977343265197,-32.334846829401144,-33.56761881632704
1300,4.0,-2.5,0.1,2,-33.090517673818304,-32.998764209218656,-32.33497844069797,-33.56518911291511
1300,4.0,-2.5,0.1,10,-33.09177391164488,-32.993430929967616,-32.3225558515216,-33.543355490249276
1300,4.0,-2.5,0.55,-1,-33.10279616123611,-33.07552838642161,-32.36929752240398,-33.5699425400151
1300,4.0,-2.5,0.55,2,-33.101099704477555,-33.073908427782726,-32.372447961046625,-33.56882627178671
1300,4.0,-2.5,0.55,10,-33.102105586188344,-33.07563208765527,-32.367950617601416,-33.532262463482844
1300,4.0,-2.5,0.85,-1,-33.10077800193011,-33.10817467020688,-32.400304921226414,-33.573972459727834
1300,4.0,-2.5,0.85,2,-33.1028094307181,-33.108109903388026,-32.40104931657938,-33.57147151337529
1300,4.0,-2.5,0.85,10,-33.10224329383211,-33.114952241024696,-32.40220026172735,-33.53090368929192
1300,4.0,-2.0,0.1,-1,-33.11923486859191,-33.0337716040772,-32.363436728010214,-33.69688430984656
1300,4.0,-2.0,0.1,2,-33.118956766045564,-33.031342494905765,-32.357471570180095,-33.693720520932324
1300,4.0,-2.0,0.1,10,-33.11188994351054,-33.01782769710321,-32.34604015524107,-33.634293120265085
1300,4.0,-2.0,0.55,-1,-33.148383554068005,-33.14235350548704,-32.41615054260901,-33.69085858667273
1300,4.0,-2.0,0.55,2,-33.14732266526792,-33.142150008136596,-32.42013092396038,-33.690952953556504
1300,4.0,-2.0,0.55,10,-33.1396515765105,-33.153706603719336,-32.43657400806937,-33.60801424494068
1300,4.0,-2.0,0.85,-1,-33.14156609067223,-33.17346636193944,-32.4538874863198,-33.6856263923604
1300,4.0,-2.0,0.85,2,-33.14089388686235,-33.173820390164494,-32.45529344068285,-33.68521878520687
1300,4.0,-2.0,0.85,10,-33.1285155412702,-33.19540829391248,-32.48422557705353,-33.59366225629075
1300,4.0,-1.5,0.1,-1,-33.07755727779282,-33.055920693030345,-32.29514504461634,-33.76263084756407
1300,4.0,-1.5,0.1,2,-33.0771052749006,-33.05619579384179,-32.29460213756907,-33.76125485266216
1300,4.0,-1.5,0.1,10,-33.03926586029885,-32.99231488596189,-32.25826572365206,-33.65024803822233
1300,4.0,-1.5,0.55,-1,-33.12606357834435,-33.16489421649879,-32.38870994874659,-33.720049758786985
1300,4.0,-1.5,0.55,2,-33.12605983429501,-33.16509986037522,-32.39088050254012,-33.717095606304966
1300,4.0,-1.5,0.55,10,-33.01822322153815,-33.19299027760113,-32.5135900551338,-33.61978075778263
1300,4.0,-1.5,0.85,-1,-33.09304543489035,-33.227608158140114,-32.472299014376866,-33.718610573362696
1300,4.0,-1.5,0.85,2,-33.093176621538774,-33.22838095603244,-32.474485683522666,-33.71327946259087
1300,4.0,-1.5,0.85,10,-33.030859058983125,-33.270943265009095,-32.5898522370855,-33.58474182919851
1300,4.0,-1.0,0.1,-1,-32.99710749779683,-33.03785456083893,-32.25566837772166,-33.75455762462198
1300,4.0,-1.0,0.1,2,-32.996354057271525,-33.03859404268136,-32.25180492526476,-33.74741752381924
1300,4.0,-1.0,0.1,10,-32.88083786738991,-32.970134416959446,-32.17886823140232,-33.65673474371053
1300,4.0,-1.0,0.55,-1,-33.00264591852314,-33.18921198241389,-32.471483501773186,-33.697172255759654
1300,4.0,-1.0,0.55,2,-33.00311059270263,-33.191544947769664,-32.4735933243975,-33.680942214881114
1300,4.0,-1.0,0.55,10,-32.939957267071605,-33.18379988837512,-32.436810111784624,-33.598482036407205
1300,4.0,-1.0,0.85,-1,-32.969204278624886,-33.249831091853856,-32.55940396626332,-33.6760395671015
1300,4.0,-1.0,0.85,2,-32.9694478633451,-33.25343449914079,-32.566019135955685,-33.65493243912176
1300,4.0,-1.0,0.85,10,-32.85225584505674,-33.302835553974866,-32.6887579393885,-33.58597084862575
1300,4.0,-0.5,0.1,-1,-32.93690184391134,-32.95862624319837,-32.24852581370317,-33.67898684442432
1300,4.0,-0.5,0.1,2,-32.93449665557479,-32.96375813148983,-32.2140804818022,-33.65981250251941
1300,4.0,-0.5,0.1,10,-32.83077826230801,-32.89863659329809,-32.03213468558901,-33.581360636824485
1300,4.0,-0.5,0.55,-1,-32.944504688837156,-33.136261951533626,-32.563807809951584,-33.62339599066294
1300,4.0,-0.5,0.55,2,-32.936751787186644,-33.13638278345,-32.5396081583776,-33.600879887309965
1300,4.0,-0.5,0.55,10,-32.78228420120714,-33.097218546579754,-32.420409582930304,-33.55734095920579
1300,4.0,-0.5,0.85,-1,-32.87855070744006,-33.2355737507662,-32.71553566361896,-33.5861779647506
1300,4.0,-0.5,0.85,2,-32.92668120217683,-33.24789398848991,-32.67108389600018,-33.54707643240056
1300,4.0,-0.5,0.85,10,-32.73415293775672,-33.246725271318375,-32.71561640344565,-33.523991148770975
1300,4.0,-0.25,0.1,-1,-32.91059325495525,-32.90932702665163,-32.27867409472689,-33.63674310700402
1300,4.0,-0.25,0.1,2,-32.887270365235615,-32.90757611388906,-32.21105330167168,-33.61491459766164
1300,4.0,-0.25,0.1,10,-32.84595186037588,-32.82417173702283,-31.98656257726071,-33.52615030203951
1300,4.0,-0.25,0.55,-1,-32.89779975290634,-33.10684609113246,-32.60725030668255,-33.58684994668315
1300,4.0,-0.25,0.55,2,-32.899458204405136,-33.114618864137725,-32.573979799293056,-33.565270347047175
1300,4.0,-0.25,0.55,10,-32.82547623116511,-33.0310424642687,-32.24930668137364,-33.44882788208085
1300,4.0,-0.25,0.85,-1,-32.79884742287837,-33.231571168106946,-32.817054758053395,-33.53288061155088
1300,4.0,-0.25,0.85,2,-32.80166700364973,-33.23900295855661,-32.80870671985572,-33.503272510214934
1300,4.0,-0.25,0.85,10,-32.649040038894526,-33.23303100425013,-32.78639275816437,-33.45768039027237
1300,4.0,+0.0,0.1,-1,-32.89390171486943,-32.843954636363065,-32.261751831030914,-33.569096638765856
1300,4.0,+0.0,0.1,2,-32.86972320916695,-32.84375632175574,-32.16263183548338,-33.544584008653935
1300,4.0,+0.0,0.1,10,-32.832965081185634,-32.769101995680714,-31.988131793314707,-33.4755216492419
1300,4.0,+0.0,0.55,-1,-32.93744170990789,-33.06061910390295,-32.55710864285804,-33.502704880602664
1300,4.0,+0.0,0.55,2,-32.93934925980142,-33.06856313901249,-32.51808564674364,-33.47796194654917
1300,4.0,+0.0,0.55,10,-32.79095724818335,-32.96683478959113,-32.19742911530484,-33.370555177454804
1300,4.0,+0.0,0.85,-1,-32.720832807717315,-33.21746173329917,-32.906541623180594,-33.486548765706964
1300,4.0,+0.0,0.85,2,-32.723724702802,-33.22515623380695,-32.8994179189305,-33.4503498645077
1300,4.0,+0.0,0.85,10,-32.69668163848191,-33.177984537725614,-32.63243097558493,-33.35675265119249
1300,4.0,+0.25,0.1,-1,-32.90571299482929,-32.74525872201176,-32.1985713555006,-33.48239435879282
1300,4.0,+0.25,0.1,2,-32.92776984532616,-32.760247385547544,-32.09858201764352,-33.45803707188028
1300,4.0,+0.25,0.1,10,-32.855808936266165,-32.70867965045441,-31.969296510470354,-33.41061981767439
1300,4.0,+0.25,0.55,-1,-32.910709561694794,-33.00973260333776,-32.565870768265825,-33.44932915396605
1300,4.0,+0.25,0.55,2,-32.91025646787777,-33.01381311642793,-32.525830928855434,-33.416966385112495
1300,4.0,+0.25,0.55,10,-32.7566448429886,-32.91065156933219,-32.17901732314144,-33.29075651887328
1300,4.0,+0.25,0.85,-1,-32.719453302497655,-33.233794979922905,-33.02338322549275,-33.41339759042333
1300,4.0,+0.25,0.85,2,-32.72560522523332,-33.242049218329186,-33.02027243754759,-33.36549220524644
1300,4.0,+0.25,0.85,10,-32.60113415955479,-33.125299060865444,-32.66520294741579,-33.27283702226336
1300,4.0,+0.5,0.1,-1,-32.9197692567345,-32.68080767195845,-32.179786863853565,-33.41694634704498
1300,4.0,+0.5,0.1,2,-32.92416414864573,-32.67794489396689,-32.05297096944814,-33.37710629054368
1300,4.0,+0.5,0.1,10,-32.87196579389351,-32.60757197378899,-31.92703611399545,-33.31413638053015
1300,4.0,+0.5,0.55,-1,-32.87197999264022,-32.96469631761239,-32.559948173307745,-33.39882377211365
1300,4.0,+0.5,0.55,2,-32.87287347462782,-32.97176254127393,-32.524738491427144,-33.361555152647085
1300,4.0,+0.5,0.55,10,-32.92309101975084,-32.90028982865781,-32.08341499995293,-33.137242713498786
1300,4.0,+0.5,0.85,-1,-32.795565583335865,-33.277135980968154,-33.052581061489335,-33.321662309909115
1300,4.0,+0.5,0.85,2,-32.80257431483426,-33.289959814541945,-33.05579252418028,-33.266976191284236
1300,4.0,+0.5,0.85,10,-32.50521527895222,-33.17326133140162,-32.892491531272974,-33.129056084061496
1300,4.0,+0.75,0.1,-1,-32.92132083349087,-32.5766175744667,-32.12461175020883,-33.32563171458443
1300,4.0,+0.75,0.1,2,-32.911833486500065,-32.5840200578161,-32.02551027593329,-33.29498202901706
1300,4.0,+0.75,0.1,10,-32.87322913383229,-32.552687720184345,-31.980512623124923,-33.276232872067204
1300,4.0,+0.75,0.55,-1,-33.02895259991016,-32.89849243715453,-32.439266435645,-33.28105526199889
1300,4.0,+0.75,0.55,2,-33.033512367263846,-32.916413025040356,-32.35512093746752,-33.19983185624328
1300,4.0,+0.75,0.55,10,-32.896632616743354,-32.841160784544996,-32.087796404960464,-33.05966249390845
1300,4.0,+0.75,0.85,-1,-32.676871978492706,-33.22891500325709,-33.21903750944236,-33.274392536038505
1300,4.0,+0.75,0.85,2,-32.68004994900514,-33.2387662011898,-33.222459694674235,-33.21155713666637
1300,4.0,+0.75,0.85,10,-32.80100608232661,-33.36633066933317,-32.997763778930576,-32.88728640695618
1300,4.0,+1.0,0.1,-1,-32.8889657027718,-32.514960757289096,-32.11401116968383,-33.26536942408863
1300,4.0,+1.0,0.1,2,-32.864047868945505,-32.51274486878713,-32.04577615234197,-33.23760890704586
1300,4.0,+1.0,0.1,10,-32.84837166345666,-32.49142613416668,-32.03005364881642,-33.23428289904599
1300,4.0,+1.0,0.55,-1,-32.99573587960658,-32.83589872714751,-32.38962638231059,-33.217836971068955
1300,4.0,+1.0,0.55,2,-33.002522746741654,-32.85515922945983,-32.30447713808155,-33.12763875372318
1300,4.0,+1.0,0.55,10,-32.87412347513527,-32.75451365580493,-32.062695021085034,-32.98309915852726
1300,4.0,+1.0,0.85,-1,-32.863616154088945,-33.399440581793634,-33.34218154203636,-33.2657844890535
1300,4.0,+1.0,0.85,2,-32.866692204290665,-33.410645017073485,-33.35079421975059,-33.210956279932276
1300,4.0,+1.0,0.85,10,-32.691929568232176,-33.266538216138606,-33.09959091574585,-32.80548968335678
1300,4.5,-2.5,0.1,-1,-33.04723522590467,-33.03135394794342,-32.34374623271904,-33.54564276576316
1300,4.5,-2.5,0.1,2,-33.04558197617474,-33.02985705274971,-32.34827286249353,-33.54561604525652
1300,4.5,-2.5,0.1,10,-33.04797356056201,-33.02680224722841,-32.33519682404671,-33.54034000017042
1300,4.5,-2.5,0.55,-1,-33.0590709479161,-33.09339375589452,-32.38159183281831,-33.54855772359204
1300,4.5,-2.5,0.55,2,-33.06355786947202,-33.092843563442415,-32.37803672298557,-33.5454504187425
1300,4.5,-2.5,0.55,10,-33.06493503349651,-33.08837371520263,-32.36833444042379,-33.52231292894904
1300,4.5,-2.5,0.85,-1,-33.05590719247391,-33.12131990040252,-32.42845811804844,-33.55848023010879
1300,4.5,-2.5,0.85,2,-33.05746466213694,-33.11984293903314,-32.42523927694983,-33.554896771561474
1300,4.5,-2.5,0.85,10,-33.06107322885361,-33.117943451757014,-32.41133516028814,-33.5407342866747
1300,4.5,-2.0,0.1,-1,-33.086891567864676,-33.08688395556662,-32.38936001488648,-33.6874732617904
1300,4.5,-2.0,0.1,2,-33.086344936328516,-33.08710322012786,-32.390447405962654,-33.687108968701175
1300,4.5,-2.0,0.1,10,-33.08228475392568,-33.079245448946686,-32.37661690204484,-33.6365584389238
1300,4.5,-2.0,0.55,-1,-33.109174843110516,-33.17753519850345,-32.43989686114738,-33.68646018539514
1300,4.5,-2.0,0.55,2,-33.10801765362346,-33.17420104115799,-32.43345212981844,-33.68424081226861
1300,4.5,-2.0,0.55,10,-33.1082974145419,-33.18655620953543,-32.4431852830322,-33.60744687683574
1300,4.5,-2.0,0.85,-1,-33.086384927134546,-33.21741295028883,-32.5024021334883,-33.69616072474172
1300,4.5,-2.0,0.85,2,-33.086318481447435,-33.21754892568866,-32.50299033218062,-33.69537140008652
1300,4.5,-2.0,0.85,10,-33.08291127271537,-33.23350690727669,-32.50913187684904,-33.60843223678548
1300,4.5,-1.5,0.1,-1,-33.06032832176279,-33.08664958421278,-32.32040035772364,-33.77917162858471
1300,4.5,-1.5,0.1,2,-33.06928646591452,-33.08815162633827,-32.31166820732245,-33.775115620373015
1300,4.5,-1.5,0.1,10,-33.02392489636059,-33.06335531383611,-32.30689492826301,-33.68085998123519
1300,4.5,-1.5,0.55,-1,-33.06758336364181,-33.20234885277438,-32.42426998553236,-33.772520640065295
1300,4.5,-1.5,0.55,2,-33.06620028125091,-33.20247569449477,-32.42519331375606,-33.77176496115231
1300,4.5,-1.5,0.55,10,-33.03287982619282,-33.22970504917832,-32.48676715113647,-33.64647607925485
1300,4.5,-1.5,0.85,-1,-33.05921268883273,-33.24113516155315,-32.47580660374136,-33.76348658960089
1300,4.5,-1.5,0.85,2,-33.05902511308893,-33.24187021147238,-32.47619908607999,-33.76190657927197
1300,4.5,-1.5,0.85,10,-33.02840317882611,-33.28024857236352,-32.54900066622086,-33.62239542415926
1300,4.5,-1.0,0.1,-1,-33.04081578351715,-33.08718591767133,-32.18352457439258,-33.7716449899957
1300,4.5,-1.0,0.1,2,-33.04018987740434,-33.08857834545566,-32.18223727231857,-33.758682028271046
1300,4.5,-1.0,0.1,10,-32.96989448525241,-33.036714222823235,-32.14203686483976,-33.66198247073941
1300,4.5,-1.0,0.55,-1,-33.09633841649063,-33.18473443460635,-32.32823530891946,-33.71606529530165
1300,4.5,-1.0,0.55,2,-33.096706120942926,-33.187568941114606,-32.335232789973794,-33.69391625037401
1300,4.5,-1.0,0.55,10,-32.92705346991687,-33.216095406134855,-32.464474670313884,-33.62521436943096
1300,4.5,-1.0,0.85,-1,-32.95588363589864,-33.26601958853944,-32.50480280256979,-33.74540147886722
1300,4.5,-1.0,0.85,2,-32.956564473772104,-33.266797197847936,-32.5072946613503,-33.73681011116139
1300,4.5,-1.0,0.85,10,-32.91331078479723,-33.327094736127464,-32.61753146802256,-33.59192921905738
1300,4.5,-0.5,0.1,-1,-32.978199589222434,-33.018498326892114,-32.15791677645405,-33.71770652211517
1300,4.5,-0.5,0.1,2,-32.97238729902472,-33.022865775186176,-32.131810051958084,-33.6839596555254
1300,4.5,-0.5,0.1,10,-32.857322957528446,-32.959690877294754,-32.000843476306805,-33.61092234614483
1300,4.5,-0.5,0.55,-1,-32.95182270821531,-33.178339936803084,-32.45055848680585,-33.67274705952066
1300,4.5,-0.5,0.55,2,-32.95024798756773,-33.186477854396294,-32.44192253309792,-33.63306391251294
1300,4.5,-0.5,0.55,10,-32.96051056307908,-33.14981224202649,-32.282634618641076,-33.54487223449429
1300,4.5,-0.5,0.85,-1,-32.92348251284587,-33.24288112421642,-32.54920335321351,-33.640566220036895
1300,4.5,-0.5,0.85,2,-32.924631959290174,-33.24718652770409,-32.552865572269866,-33.620019469168774
1300,4.5,-0.5,0.85,10,-32.742605487363555,-33.286685533500616,-32.681496021440694,-33.56206154480448
1300,4.5,-0.25,0.1,-1,-32.931597691833495,-32.97452539865139,-32.18984189322318,-33.68098195771657
1300,4.5,-0.25,0.1,2,-32.92478064493481,-32.983363328045094,-32.11892661229636,-33.640794509413574
1300,4.5,-0.25,0.1,10,-32.96567855630072,-32.916507462204464,-31.833288727677225,-33.52089773194718
1300,4.5,-0.25,0.55,-1,-33.049428581244015,-33.18007540302745,-32.44998170572203,-33.59992513176698
1300,4.5,-0.25,0.55,2,-33.05216864551273,-33.19187748939381,-32.417483002148956,-33.5575280406474
1300,4.5,-0.25,0.55,10,-32.847884941896275,-33.10588195072565,-32.26722980006041,-33.5181326988555
1300,4.5,-0.25,0.85,-1,-32.8431570401719,-33.25428963772187,-32.67496523876031,-33.60343270536329
1300,4.5,-0.25,0.85,2,-32.84481123558565,-33.25928350482113,-32.66913634564404,-33.579627019467225
1300,4.5,-0.25,0.85,10,-32.847760318778214,-33.28158565969424,-32.58977460574862,-33.475708624936836
1300,4.5,+0.0,0.1,-1,-33.0294181301792,-32.909929358206405,-32.12114196955399,-33.5893078168294
1300,4.5,+0.0,0.1,2,-33.02539260604676,-32.916116982055286,-31.97968594758878,-33.53698900181144
1300,4.5,+0.0,0.1,10,-32.933863703075204,-32.86436464153364,-31.819746228883897,-33.4784656456292
1300,4.5,+0.0,0.55,-1,-32.98114745569118,-33.137807642260604,-32.523220591577136,-33.5591820972246
1300,4.5,+0.0,0.55,2,-32.98570763131526,-33.15179959324505,-32.46688308138252,-33.51593531188594
1300,4.5,+0.0,0.55,10,-32.78718118610206,-33.04451656467849,-32.21035481347997,-33.45611243928587
1300,4.5,+0.0,0.85,-1,-32.823677587248724,-33.26399393338206,-32.77110525102013,-33.540865878456366
1300,4.5,+0.0,0.85,2,-32.82722865562881,-33.2706099104903,-32.76122793691194,-33.51415416585259
1300,4.5,+0.0,0.85,10,-32.729889010932204,-33.22698517298422,-32.62375502060012,-33.43039601178548
1300,4.5,+0.25,0.1,-1,-33.006928881988465,-32.84331534248598,-32.11421494577326,-33.514436029668914
1300,4.5,+0.25,0.1,2,-32.98863820357904,-32.86138887321795,-31.955876140247774,-33.47203873046742
1300,4.5,+0.25,0.1,10,-32.91719412817168,-32.8016686872295,-31.826230294951646,-33.42586987804823
1300,4.5,+0.25,0.55,-1,-32.94592458924469,-33.117600636339674,-32.56173131456121,-33.516968911069185
1300,4.5,+0.25,0.55,2,-32.94022258432655,-33.12729309167297,-32.49233159991662,-33.46906928217791
1300,4.5,+0.25,0.55,10,-33.00818236622218,-33.09058080645436,-32.11404737886791,-33.31640400848238
1300,4.5,+0.25,0.85,-1,-32.864430975170606,-33.285949543710515,-32.815163865289435,-33.44955464368455
1300,4.5,+0.25,0.85,2,-32.867462912717315,-33.292763451921566,-32.80703433771845,-33.4159332302093
1300,4.5,+0.25,0.85,10,-32.629762976605704,-33.19231810507774,-32.66896968673203,-33.36174635216213
1300,4.5,+0.5,0.1,-1,-32.98084129146567,-32.78552795679423,-32.11642429093138,-33.44930775472277
1300,4.5,+0.5,0.1,2,-32.95712895348896,-32.78866938704792,-31.914463914751657,-33.39422292240548
1300,4.5,+0.5,0.1,10,-32.89891265659237,-32.726405216838394,-31.827636470116488,-33.36082929324221
1300,4.5,+0.5,0.55,-1,-33.186320048504804,-33.10816157852746,-32.45906368071391,-33.40455878462032
1300,4.5,+0.5,0.55,2,-33.186897623666006,-33.12303182143103,-32.38208783432033,-33.351310210561905
1300,4.5,+0.5,0.55,10,-32.95260302079837,-33.026326537712805,-32.077755949459586,-33.23866751598583
1300,4.5,+0.5,0.85,-1,-32.79294816177834,-33.281745617323296,-32.93894705689746,-33.37740581582648
1300,4.5,+0.5,0.85,2,-32.80238646225578,-33.299947350387455,-32.92105519646434,-33.30074200015865
1300,4.5,+0.5,0.85,10,-32.77297654366558,-33.184547399088785,-32.4913133427508,-33.164436753076345
1300,4.5,+0.75,0.1,-1,-32.97164078243749,-32.72282314196063,-32.09487530812401,-33.38017108201121
1300,4.5,+0.75,0.1,2,-32.93557829845245,-32.72208802846444,-31.93060893115401,-33.332597734030294
1300,4.5,+0.75,0.1,10,-32.896722866000474,-32.690416383942825,-31.87576911081921,-33.30670560490801
1300,4.5,+0.75,0.55,-1,-33.12627325004943,-33.04512726757289,-32.44699085591318,-33.347066200777725
1300,4.5,+0.75,0.55,2,-33.12551805433485,-33.05890325469504,-32.36764843462938,-33.28321767489597
1300,4.5,+0.75,0.55,10,-33.013637425206674,-33.02921060931658,-32.074521852976005,-33.15828477950729
1300,4.5,+0.75,0.85,-1,-32.67861068132704,-33.221932975482446,-33.01153410018581,-33.294172448578266
1300,4.5,+0.75,0.85,2,-32.68412524625246,-33.23694795153854,-33.016824446402076,-33.19234360225429
1300,4.5,+0.75,0.85,10,-32.67723829148946,-33.16975988363669,-32.61662564800887,-33.07502193936729
1300,4.5,+1.0,0.1,-1,-32.93494019339306,-32.635590245136065,-32.056870255628965,-33.30051592856846
1300,4.5,+1.0,0.1,2,-32.93911819884368,-32.59605065867997,-31.873921990274958,-33.23546689852665
1300,4.5,+1.0,0.1,10,-32.98277322047439,-32.535441465500575,-31.796888759514843,-33.20137579439214
1300,4.5,+1.0,0.55,-1,-33.12449882309993,-32.999656108266386,-32.41347932106994,-33.28926142116032
1300,4.5,+1.0,0.55,2,-33.12690266378768,-33.01476796589395,-32.33013467540172,-33.214176451847855
1300,4.5,+1.0,0.55,10,-33.00803992526747,-32.83720695770013,-31.885900200864704,-32.99594541663523
1300,4.5,+1.0,0.85,-1,-32.778767337711784,-33.3217727857859,-33.17801709107765,-33.2411308747765
1300,4.5,+1.0,0.85,2,-32.797252354461165,-33.36167405200435,-33.16482437063569,-33.13741639010129
1300,4.5,+1.0,0.85,10,-33.19425975036934,-33.62141669370145,-32.81221369884826,-32.937625305326605
1300,5.0,-2.5,0.1,-1,-33.01551739623119,-33.051988701451485,-32.34353842968279,-33.51916571998568
1300,5.0,-2.5,0.1,2,-33.016781467162346,-33.05086353229357,-32.34257296961228,-33.517788977408586
1300,5.0,-2.5,0.1,10,-33.01787749970382,-33.04664256736861,-32.335253322318536,-33.517822104796394
1300,5.0,-2.5,0.55,-1,-33.01937180304415,-33.102946940954546,-32.392427232096836,-33.52752325490125
1300,5.0,-2.5,0.55,2,-33.018253729767444,-33.10262939334207,-32.39328860250565,-33.52723885317749
1300,5.0,-2.5,0.55,10,-33.0232365633025,-33.09701707014042,-32.37674994086516,-33.51949890411243
1300,5.0,-2.5,0.85,-1,-33.02242848084876,-33.11844302619973,-32.41651662951089,-33.5279333888104
1300,5.0,-2.5,0.85,2,-33.019030231677554,-33.11947638636817,-32.42280389117002,-33.53062573528821
1300,5.0,-2.5,0.85,10,-33.02745770800748,-33.113290146105,-32.39974852124255,-33.518802510327134
1300,5.0,-2.0,0.1,-1,-33.04701629123649,-33.12288712236621,-32.41205016365804,-33.66498694772312
1300,5.0,-2.0,0.1,2,-33.045288321014546,-33.122431845929675,-32.41752890699078,-33.665547846237644
1300,5.0,-2.0,0.1,10,-33.04834653899381,-33.11616738371903,-32.402056455633264,-33.64708198659956
1300,5.0,-2.0,0.55,-1,-33.07193602585417,-33.20534891136424,-32.47160022283265,-33.66909167500498
1300,5.0,-2.0,0.55,2,-33.07093087529409,-33.20538195221943,-32.4740569432537,-33.66860457480749
1300,5.0,-2.0,0.55,10,-33.07747792507508,-33.20429355286992,-32.46038745951961,-33.61498962510205
1300,5.0,-2.0,0.85,-1,-33.04769785502342,-33.23189464039001,-32.52744598984058,-33.68017417356089
1300,5.0,-2.0,0.85,2,-33.04607973652477,-33.233159643859594,-32.53667235568474,-33.6824696307893
1300,5.0,-2.0,0.85,10,-33.06018217828772,-33.23512934972771,-32.516775242895925,-33.637048883340086
1300,5.0,-1.5,0.1,-1,-32.98640771077279,-33.1385399057234,-32.386302683840434,-33.795497132340024
1300,5.0,-1.5,0.1,2,-32.98427773890228,-33.13844650410864,-32.38937454961129,-33.79539678075287
1300,5.0,-1.5,0.1,10,-32.97314112677826,-33.12467375838375,-32.37342861640312,-33.7066038712512
1300,5.0,-1.5,0.55,-1,-33.023692458458655,-33.235980237266006,-32.46568152667264,-33.79496103358492
1300,5.0,-1.5,0.55,2,-33.024401766636785,-33.2362978276972,-32.466083886569315,-33.793260394776105
1300,5.0,-1.5,0.55,10,-33.029963194028014,-33.25477417798216,-32.483678433173736,-33.65447141110555
1300,5.0,-1.5,0.85,-1,-32.98948878937904,-33.27233510337364,-32.53787207972106,-33.800852206606805
1300,5.0,-1.5,0.85,2,-32.98870875872822,-33.27278490383483,-32.53994816004785,-33.797834858837206
1300,5.0,-1.5,0.85,10,-32.97603554243805,-33.30961080307211,-32.58373525053858,-33.65710089246688
1300,5.0,-1.0,0.1,-1,-33.01442296364719,-33.11259318425548,-32.213816412574126,-33.81408658326021
1300,5.0,-1.0,0.1,2,-33.012877472605716,-33.113636655420386,-32.21254087355568,-33.81118103209992
1300,5.0,-1.0,0.1,10,-32.95426154776263,-33.079596093777916,-32.19628030521914,-33.69150172749237
1300,5.0,-1.0,0.55,-1,-33.012205455598945,-33.22531377054847,-32.36496304474036,-33.79795025818886
1300,5.0,-1.0,0.55,2,-33.01134370640514,-33.22641165449526,-32.36782105986825,-33.79143719373679
1300,5.0,-1.0,0.55,10,-32.91347077207478,-33.25816546788246,-32.475893840910885,-33.66244166973773
1300,5.0,-1.0,0.85,-1,-33.01416951401611,-33.2638957271101,-32.42255241848629,-33.78351040655156
1300,5.0,-1.0,0.85,2,-33.013870758509086,-33.265416928626635,-32.42615638511255,-33.772678029312445
1300,5.0,-1.0,0.85,10,-32.9411048863326,-33.31826540701866,-32.56169571394064,-33.62639913934285
1300,5.0,-0.5,0.1,-1,-33.09120458425059,-33.07036371598016,-32.01699850112393,-33.72457478307655
1300,5.0,-0.5,0.1,2,-33.090295710690114,-33.07149410875104,-32.01301687050365,-33.71414262071094
1300,5.0,-0.5,0.1,10,-33.011203140776594,-33.02154944932304,-31.916741157228365,-33.602635057176116
1300,5.0,-0.5,0.55,-1,-33.13098145615921,-33.200771339024854,-32.270775717303096,-33.68473444024645
1300,5.0,-0.5,0.55,2,-33.13108481810003,-33.203612168488526,-32.27756368243075,-33.6594722170563
1300,5.0,-0.5,0.55,10,-32.89995740025469,-33.2014288944438,-32.335670753230644,-33.59928129062839
1300,5.0,-0.5,0.85,-1,-32.91059462874992,-33.265720542052485,-32.494087330147316,-33.72257921588859
1300,5.0,-0.5,0.85,2,-32.910441921460915,-33.27049415020694,-32.50800479115456,-33.68826281546225
1300,5.0,-0.5,0.85,10,-32.939480143503864,-33.31647367671812,-32.505591234128964,-33.55760756470298
1300,5.0,-0.25,0.1,-1,-33.04988187487708,-33.041846607706795,-32.03307499187477,-33.6970218443047
1300,5.0,-0.25,0.1,2,-33.05117510871703,-33.04606238038302,-32.023367620777506,-33.674777897214696
1300,5.0,-0.25,0.1,10,-32.9475443968928,-32.99609482974944,-31.852093021691005,-33.57571673716179
1300,5.0,-0.25,0.55,-1,-33.044181343109756,-33.1935836102826,-32.3494483190139,-33.657366001107455
1300,5.0,-0.25,0.55,2,-33.04619231296239,-33.19899838222981,-32.3470126160953,-33.62191590749043
1300,5.0,-0.25,0.55,10,-32.8216890925848,-33.15195746067153,-32.293881631002236,-33.577704537454764
1300,5.0,-0.25,0.85,-1,-32.97010443468973,-33.280590817714796,-32.495296826137164,-33.6496277497113
1300,5.0,-0.25,0.85,2,-32.97483176510967,-33.28908239196684,-32.50529059394425,-33.6056388090037
1300,5.0,-0.25,0.85,10,-32.78045096651744,-33.295696475242565,-32.59734945976254,-33.551801813872395
1300,5.0,+0.0,0.1,-1,-33.016989744746944,-32.988440062701216,-32.04507352884912,-33.650123184919934
1300,5.0,+0.0,0.1,2,-33.026092622445404,-33.0028768503216,-32.009429858036206,-33.61963361261328
1300,5.0,+0.0,0.1,10,-32.921750323625886,-32.9514285352514,-31.788151960907342,-33.530489286726215
1300,5.0,+0.0,0.55,-1,-32.97956598929665,-33.18578578439282,-32.43020030323103,-33.61809701935624
1300,5.0,+0.0,0.55,2,-32.98040243931513,-33.193334976958766,-32.40680575832581,-33.579988344203905
1300,5.0,+0.0,0.55,10,-33.01287051784361,-33.123163765269894,-32.066276899859936,-33.4564599703609
1300,5.0,+0.0,0.85,-1,-32.95947964761854,-33.28554730749357,-32.57173975137977,-33.584227285824554
1300,5.0,+0.0,0.85,2,-32.988928077066156,-33.2969296882612,-32.55381695683393,-33.53475419883322
1300,5.0,+0.0,0.85,10,-32.89188414114367,-33.27904386110073,-32.46002018423114,-33.432115181884356
1300,5.0,+0.25,0.1,-1,-32.999576675039954,-32.93939150516623,-32.07266044791373,-33.59250699487817
1300,5.0,+0.25,0.1,2,-32.98158920513294,-32.93682640503307,-31.961693322353902,-33.54592210419091
1300,5.0,+0.25,0.1,10,-33.1179831452902,-32.90654855278141,-31.63644508402896,-33.41542194138232
1300,5.0,+0.25,0.55,-1,-33.28940398304487,-33.24529987494734,-32.39368758390454,-33.522571021972865
1300,5.0,+0.25,0.55,2,-33.29023116473075,-33.268319739854924,-32.35049944958255,-33.48533449035919
1300,5.0,+0.25,0.55,10,-32.930451466765554,-33.07923929144683,-32.027607581040535,-33.39644234327757
1300,5.0,+0.25,0.85,-1,-32.83770562207821,-33.25921611237832,-32.689863527364025,-33.52203920758064
1300,5.0,+0.25,0.85,2,-32.84232934492912,-33.26970947959937,-32.682565132357944,-33.47004437371825
1300,5.0,+0.25,0.85,10,-32.92610004481616,-33.29269789526203,-32.45444812417399,-33.34898673050144
1300,5.0,+0.5,0.1,-1,-33.16605169208796,-32.84912006808181,-31.972023178907534,-33.466577579544335
1300,5.0,+0.5,0.1,2,-33.15519081737299,-32.846899602458365,-31.816902810903184,-33.41649741217681
1300,5.0,+0.5,0.1,10,-33.0608964560914,-32.827582238152765,-31.62419068257328,-33.35121558509914
1300,5.0,+0.5,0.55,-1,-33.255684188774964,-33.23323883569991,-32.42577530545648,-33.470979414181805
1300,5.0,+0.5,0.55,2,-33.249510394554406,-33.25104415580198,-32.30575531475821,-33.394400109187735
1300,5.0,+0.5,0.55,10,-33.15236615305035,-33.08079346722145,-31.910962397605978,-33.2415796109635
1300,5.0,+0.5,0.85,-1,-32.82362182869554,-33.28944492854414,-32.780535562523255,-33.445222376037286
1300,5.0,+0.5,0.85,2,-32.835877750258604,-33.30846892879735,-32.77732902981155,-33.3863000042069
1300,5.0,+0.5,0.85,10,-32.81867676537644,-33.24480525235988,-32.48948580865017,-33.26101223052326
1300,5.0,+0.75,0.1,-1,-33.12734019045929,-32.7702646978351,-31.96794655857255,-33.389256651209244
1300,5.0,+0.75,0.1,2,-33.053186490511195,-32.753221368053154,-31.652819598304806,-33.291286922510885
1300,5.0,+0.75,0.1,10,-33.03700541900406,-32.7371875793995,-31.620719858249238,-33.279126820624526
1300,5.0,+0.75,0.55,-1,-33.28778639547793,-33.071880100811555,-32.34540377728267,-33.33261041271267
1300,5.0,+0.75,0.55,2,-33.30369931080289,-33.09448851276309,-32.2080129941089,-33.24660353146183
1300,5.0,+0.75,0.55,10,-33.082069694707535,-33.00729381388055,-31.816977221878876,-33.149746589346925
1300,5.0,+0.75,0.85,-1,-32.97484912225006,-33.33926027403814,-32.78322834875616,-33.31131599690443
1300,5.0,+0.75,0.85,2,-32.98042863022622,-33.351325820399545,-32.77852902320927,-33.232828591207294
1300,5.0,+0.75,0.85,10,-33.08805415760767,-33.317092393434066,-32.279383800395244,-33.11242828785852
1300,5.0,+1.0,0.1,-1,-33.09688303295018,-32.68656426926813,-31.927608080595263,-33.30296231122426
1300,5.0,+1.0,0.1,2,-33.03744912467127,-32.68758799135715,-31.68824424033133,-33.236148433053316
1300,5.0,+1.0,0.1,10,-33.02862949471194,-32.67625172874022,-31.66664762654706,-33.230171722013424
1300,5.0,+1.0,0.55,-1,-33.24472057667931,-33.01510788597136,-32.32758904993379,-33.27450705997752
1300,5.0,+1.0,0.55,2,-33.24661237257435,-33.04074962644111,-32.1722481497625,-33.17936889105459
1300,5.0,+1.0,0.55,10,-33.03449933019796,-32.9821313343044,-31.827564538493668,-33.06750996631224
1300,5.0,+1.0,0.85,-1,-32.89301830973252,-33.32023561872991,-32.882092448695886,-33.24509855194113
1300,5.0,+1.0,0.85,2,-32.900613571652016,-33.34070889210537,-32.886486804888214,-33.09459457528751
1300,5.0,+1.0,0.85,10,-32.97279653525316,-33.22856008483171,-32.321705282795065,-32.97818990365204
1300,5.25,-2.5,0.1,-1,-32.99121995140999,-33.060662394934766,-32.373433842197535,-33.518730877495415
1300,5.25,-2.5,0.1,2,-32.99100912706714,-33.0630797208416,-32.37223972610618,-33.51787884639479
1300,5.25,-2.5,0.1,10,-32.9944914502831,-33.055602836694874,-32.360539839177484,-33.51769225747538
1300,5.25,-2.5,0.55,-1,-32.9935985159837,-33.097408102761584,-32.42575983608282,-33.52555061544773
1300,5.25,-2.5,0.55,2,-32.99838148788303,-33.10016902888944,-32.41678972525727,-33.52201806110556
1300,5.25,-2.5,0.55,10,-33.00133489325144,-33.092052632881455,-32.40365615143652,-33.518358287356136
1300,5.25,-2.5,0.85,-1,-32.99606794049442,-33.118817408826445,-32.43911068979317,-33.52571874900225
1300,5.25,-2.5,0.85,2,-32.99579140198211,-33.11959945320056,-32.43907088141108,-33.525194270099085
1300,5.25,-2.5,0.85,10,-33.001630354606625,-33.113656457974386,-32.419923878888035,-33.52035637766843
1300,5.25,-2.0,0.1,-1,-33.019373239729,-33.14380816824589,-32.444680106599705,-33.66014024118116
1300,5.25,-2.0,0.1,2,-33.02159738778995,-33.14447435828909,-32.44354084793898,-33.65866899843749
1300,5.25,-2.0,0.1,10,-33.025601774015534,-33.1346083233145,-32.42471506661059,-33.645304992467985
1300,5.25,-2.0,0.55,-1,-33.023418141104955,-33.214189147314116,-32.51832672607459,-33.67570041398416
1300,5.25,-2.0,0.55,2,-33.02601609253086,-33.2146285551247,-32.516630909554074,-33.672817044700516
1300,5.25,-2.0,0.55,10,-33.02986323795174,-33.21263473483682,-32.505841154224036,-33.64533252755921
1300,5.25,-2.0,0.85,-1,-33.0375213346769,-33.2435106189175,-32.52609297269109,-33.66569752298296
1300,5.25,-2.0,0.85,2,-33.036924681814995,-33.24354149675693,-32.52736484971869,-33.66537126113266
1300,5.25,-2.0,0.85,10,-33.04317112413723,-33.24009115659266,-32.513642180941574,-33.631301780961884
1300,5.25,-1.5,0.1,-1,-33.01546108231761,-33.14732920825922,-32.37362416485547,-33.77520873591934
1300,5.25,-1.5,0.1,2,-33.01417758180628,-33.1479269742582,-32.37476685894152,-33.77459149795338
1300,5.25,-1.5,0.1,10,-33.01342686902002,-33.138955317694105,-32.36168671851327,-33.699349048057655
1300,5.25,-1.5,0.55,-1,-33.005344590113886,-33.247097262794384,-32.478095955884214,-33.79008026960048
1300,5.25,-1.5,0.55,2,-33.00396470672472,-33.247322102512705,-32.47988963294586,-33.789728081292495
1300,5.25,-1.5,0.55,10,-33.00247126646481,-33.26423260968128,-32.49646416450145,-33.66741069089332
1300,5.25,-1.5,0.85,-1,-33.016287741183106,-33.279548255411335,-32.505740329306974,-33.77962088111593
1300,5.25,-1.5,0.85,2,-33.01018705219445,-33.27920745333521,-32.51479750825488,-33.782398958138515
1300,5.25,-1.5,0.85,10,-33.035752703972726,-33.30488345865195,-32.52534672400366,-33.645524836130654
1300,5.25,-1.0,0.1,-1,-33.05065870497947,-33.12907497236286,-32.18614982920471,-33.80673212552515
1300,5.25,-1.0,0.1,2,-33.04995569710825,-33.12996437552806,-32.184822759788354,-33.803598458512795
1300,5.25,-1.0,0.1,10,-33.01484087259104,-33.10386047989111,-32.16928350213102,-33.67888464205064
1300,5.25,-1.0,0.55,-1,-33.03405831811092,-33.235788000136715,-32.34763625655893,-33.81219869472797
1300,5.25,-1.0,0.55,2,-33.03313066802377,-33.2371988780785,-32.3500630680208,-33.803673562042775
1300,5.25,-1.0,0.55,10,-32.98644526593587,-33.27328415464705,-32.41861166884649,-33.64505874037484
1300,5.25,-1.0,0.85,-1,-33.010179546576246,-33.271661494686825,-32.41779819618028,-33.808734515373175
1300,5.25,-1.0,0.85,2,-33.010458069783624,-33.27343030482982,-32.422449686896925,-33.795668781912426
1300,5.25,-1.0,0.85,10,-32.99906207444397,-33.33131606578741,-32.49159218011128,-33.6128041051242
1300,5.25,-0.5,0.1,-1,-32.97694281109957,-33.10012298948679,-32.090912259786165,-33.78638330042786
1300,5.25,-0.5,0.1,2,-32.97589601468636,-33.10243217541634,-32.08963400065566,-33.768235662975414
1300,5.25,-0.5,0.1,10,-32.870133084645154,-33.045121852238985,-32.032596315247524,-33.66338016908679
1300,5.25,-0.5,0.55,-1,-32.951329539708034,-33.21457873536553,-32.33581944700484,-33.75875960846686
1300,5.25,-0.5,0.55,2,-32.95607494005153,-33.22143915889075,-32.34699226177986,-33.72667639992629
1300,5.25,-0.5,0.55,10,-33.02129624127001,-33.232917694734624,-32.263473059754595,-33.583432888172666
1300,5.25,-0.5,0.85,-1,-32.97972501096051,-33.24254580406468,-32.38004380175958,-33.72688842699917
1300,5.25,-0.5,0.85,2,-32.979938169662326,-33.24807648072027,-32.396307659762655,-33.68646337086966
1300,5.25,-0.5,0.85,10,-32.86215962851203,-33.315752055853274,-32.54805787913339,-33.598279008528046
1300,5.25,-0.25,0.1,-1,-33.18946090207269,-33.08243126589633,-31.92422086287532,-33.693333445231
1300,5.25,-0.25,0.1,2,-33.18640469375341,-33.08390787721808,-31.916781864619665,-33.66790091436978
1300,5.25,-0.25,0.1,10,-33.05153000099479,-33.0244782126536,-31.797625616874974,-33.56722098961896
1300,5.25,-0.25,0.55,-1,-33.08428392885655,-33.203459900608806,-32.2668398594097,-33.67043857949245
1300,5.25,-0.25,0.55,2,-33.084439181742404,-33.2081441188768,-32.27424765054876,-33.627470397541586
1300,5.25,-0.25,0.55,10,-32.92175340728339,-33.19116789126551,-32.24298193999214,-33.57190661801657
1300,5.25,-0.25,0.85,-1,-32.91702103307148,-33.25838544916805,-32.4663220837316,-33.69433920196209
1300,5.25,-0.25,0.85,2,-32.918888607160724,-33.270231262181376,-32.49247068833072,-33.64275759145983
1300,5.25,-0.25,0.85,10,-32.97899257249353,-33.30899472418637,-32.4437851152843,-33.52176567122025
1300,5.25,+0.0,0.1,-1,-33.139990285689066,-33.0537729519419,-31.957453163961688,-33.66247641014352
1300,5.25,+0.0,0.1,2,-33.13567288084652,-33.05733807550335,-31.92732486176274,-33.62157576285394
1300,5.25,+0.0,0.1,10,-33.00952428747175,-32.99481758691541,-31.725334832823833,-33.529752621153236
1300,5.25,+0.0,0.55,-1,-33.10358704543957,-33.2162716496847,-32.33034812677424,-33.62883789479422
1300,5.25,+0.0,0.55,2,-33.08327520252488,-33.21067568708046,-32.316265471800925,-33.57545921650273
1300,5.25,+0.0,0.55,10,-32.86165913813921,-33.12703150688077,-32.16004750394569,-33.52327466670727
1300,5.25,+0.0,0.85,-1,-33.00531321534142,-33.277761433158034,-32.46467659302017,-33.60615656998783
1300,5.25,+0.0,0.85,2,-33.01079363849739,-33.28806900459168,-32.47620013562746,-33.54371408675257
1300,5.25,+0.0,0.85,10,-32.81246175579996,-33.2892569308615,-32.51632287860267,-33.50562721602995
1300,5.25,+0.25,0.1,-1,-33.09447569113141,-33.00199349792431,-31.991684661404896,-33.61154492387692
1300,5.25,+0.25,0.1,2,-33.08857540793468,-33.01089734480438,-31.90344331062716,-33.56109412718879
1300,5.25,+0.25,0.1,10,-32.9817772077301,-32.95042248593781,-31.671479840994788,-33.47850699609685
1300,5.25,+0.25,0.55,-1,-33.039432088925544,-33.20045489750462,-32.40158150244858,-33.57390084814198
1300,5.25,+0.25,0.55,2,-33.05592691680487,-33.22215473121114,-32.36138750669251,-33.525259367905605
1300,5.25,+0.25,0.55,10,-33.072360887179364,-33.12299689266749,-31.955926210662735,-33.400471531309975
1300,5.25,+0.25,0.85,-1,-33.03116057265926,-33.304356768741116,-32.53468757513244,-33.529135446914395
1300,5.25,+0.25,0.85,2,-33.03445654233102,-33.3154242853807,-32.53427558176947,-33.46419707093915
1300,5.25,+0.25,0.85,10,-32.91290629191555,-33.303543007986534,-32.43703992850698,-33.39789078910488
1300,5.25,+0.5,0.1,-1,-33.113584270899516,-32.93925636800627,-31.989348899973955,-33.53065340764141
1300,5.25,+0.5,0.1,2,-33.06704057247239,-32.93921655563489,-31.829567654467184,-33.474307607745544
1300,5.25,+0.5,0.1,10,-33.151010789210005,-32.86314667807487,-31.5081005259618,-33.34330510240865
1300,5.25,+0.5,0.55,-1,-33.360511949868304,-33.24354856835996,-32.33331291256263,-33.46023240797038
1300,5.25,+0.5,0.55,2,-33.34510656367141,-33.224565505376326,-32.238838974418044,-33.40094087741182
1300,5.25,+0.5,0.55,10,-32.98784809205246,-33.069392002763436,-31.89283464129347,-33.32688344880397
1300,5.25,+0.5,0.85,-1,-33.00124537345786,-33.34966901926487,-32.64765847175591,-33.457713775475675
1300,5.25,+0.5,0.85,2,-33.00653096823826,-33.36241838941366,-32.64255213572849,-33.38420699311595
1300,5.25,+0.5,0.85,10,-32.970039212763446,-33.27848091178407,-32.35588451877401,-33.25503651321881
1300,5.25,+0.75,0.1,-1,-33.202430482342656,-32.79347918091078,-31.897427298548106,-33.40254300708356
1300,5.25,+0.75,0.1,2,-33.20179607400362,-32.8257707640374,-31.69981278002199,-33.34631214782015
1300,5.25,+0.75,0.1,10,-33.13205619256146,-32.79771843947141,-31.537783737559742,-33.28995964079696
1300,5.25,+0.75,0.55,-1,-33.274733645835646,-33.18780050350654,-32.37359060952887,-33.406948081422044
1300,5.25,+0.75,0.55,2,-33.26417239995176,-33.21225919449559,-32.21552459328482,-33.31384187619764
1300,5.25,+0.75,0.55,10,-33.1616934839382,-33.05477874208644,-31.790470795758203,-33.16982705312777
1300,5.25,+0.75,0.85,-1,-32.90137378566549,-33.34507831471764,-32.76295995235338,-33.39095692059271
1300,5.25,+0.75,0.85,2,-32.90735760007923,-33.35899297915978,-32.75730640228426,-33.303850757026424
1300,5.25,+0.75,0.85,10,-32.92570207284602,-33.31368019822476,-32.47600403669344,-33.17609863589628
1300,5.25,+1.0,0.1,-1,-33.1972552754433,-32.74232353629429,-31.90183035243837,-33.33203374374936
1300,5.25,+1.0,0.1,2,-33.17293399559478,-32.74752332517821,-31.633073150826302,-33.25954214763046
1300,5.25,+1.0,0.1,10,-33.07334449292622,-32.69355842983614,-31.524559081566682,-33.21358445983396
1300,5.25,+1.0,0.55,-1,-33.28901059726714,-33.03552742022103,-32.297297886996,-33.27869364771426
1300,5.25,+1.0,0.55,2,-33.297390885386704,-33.07068952129369,-32.11378879636917,-33.17725727305746
1300,5.25,+1.0,0.55,10,-33.09876804219655,-33.005090323923596,-31.742597209282465,-33.08293977817986
1300,5.25,+1.0,0.85,-1,-33.28767571749702,-33.607801392020335,-32.792043086531876,-33.26992621769177
1300,5.25,+1.0,0.85,2,-33.29297044247334,-33.62107641399859,-32.787326567917404,-33.16415318365448
1300,5.25,+1.0,0.85,10,-33.12133898439857,-33.30519899615898,-32.163149597061754,-33.01920522743391
1400,3.5,-2.5,0.1,-1,-33.49341256550028,-33.284574008916,-32.62151048379836,-33.737247052157194
1400,3.5,-2.5,0.1,2,-33.49318236149238,-33.284683099581116,-32.62228585645451,-33.73718209230937
1400,3.5,-2.5,0.1,10,-33.48394511980449,-33.27688772624302,-32.61625594609028,-33.70123811118074
1400,3.5,-2.5,0.55,-1,-33.522055036993756,-33.37969501252273,-32.65252520323769,-33.732088024570416
1400,3.5,-2.5,0.55,2,-33.52195584021547,-33.37973064219382,-32.65293667857275,-33.73200377340035
1400,3.5,-2.5,0.55,10,-33.5146749936858,-33.38677017401999,-32.66251535476935,-33.68155954125709
1400,3.5,-2.5,0.85,-1,-33.50675484706782,-33.403269213336955,-32.681665744744414,-33.728700404930855
1400,3.5,-2.5,0.85,2,-33.50658333655788,-33.40333324510055,-32.682323418309785,-33.72855341920125
1400,3.5,-2.5,0.85,10,-33.496957149728765,-33.419122442866325,-32.69896923188496,-33.67502654891273
1400,3.5,-2.0,0.1,-1,-33.526829187233545,-33.33789918369392,-32.67009760162035,-33.85798281226056
1400,3.5,-2.0,0.1,2,-33.526730288229885,-33.33787818841437,-32.67021324391753,-33.85735831966632
1400,3.5,-2.0,0.1,10,-33.496077264341,-33.31675482714451,-32.66171052408073,-33.79645746898084
1400,3.5,-2.0,0.55,-1,-33.55357710527673,-33.46542049683019,-32.71314546530413,-33.824038045496
1400,3.5,-2.0,0.55,2,-33.55356887835263,-33.465429280697464,-32.713492040693005,-33.822787100245854
1400,3.5,-2.0,0.55,10,-33.48718231273978,-33.48116936630317,-32.798092741298575,-33.73959185114327
1400,3.5,-2.0,0.85,-1,-33.544354639701105,-33.51497345539714,-32.74970152748577,-33.8135404305729
1400,3.5,-2.0,0.85,2,-33.544370120864656,-33.5151277247343,-32.75052255635731,-33.81142126659468
1400,3.5,-2.0,0.85,10,-33.511899044940805,-33.54276461357982,-32.82586283175852,-33.739809278530814
1400,3.5,-1.5,0.1,-1,-33.43205797317862,-33.34574332118508,-32.66814894014296,-33.90598435899185
1400,3.5,-1.5,0.1,2,-33.4317348290014,-33.34605256182233,-32.665865825274096,-33.90259813325576
1400,3.5,-1.5,0.1,10,-33.3769495437994,-33.28524978324645,-32.61223139670716,-33.8269334566403
1400,3.5,-1.5,0.55,-1,-33.475430318316164,-33.512636979292544,-32.80123039053535,-33.846383333748314
1400,3.5,-1.5,0.55,2,-33.47402334873721,-33.51338556562876,-32.8012216246814,-33.839299449269575
1400,3.5,-1.5,0.55,10,-33.36521054893502,-33.509703150827505,-32.862354702024824,-33.789740989108
1400,3.5,-1.5,0.85,-1,-33.455193117052325,-33.58438674092558,-32.85271628019559,-33.81657541846625
1400,3.5,-1.5,0.85,2,-33.45529463345753,-33.58589594004847,-32.85476043125761,-33.80735935047146
1400,3.5,-1.5,0.85,10,-33.344664312432684,-33.63759159043678,-32.995536066036465,-33.7589117279966
1400,3.5,-1.0,0.1,-1,-33.33351391584638,-33.28784293274927,-32.695834930273875,-33.885865953396205
1400,3.5,-1.0,0.1,2,-33.33443698196567,-33.29064702836528,-32.67305049729865,-33.876353041887754
1400,3.5,-1.0,0.1,10,-33.239302820561115,-33.23761644355422,-32.5518078278901,-33.8200190572948
1400,3.5,-1.0,0.55,-1,-33.310732440577844,-33.49189612011173,-32.93381263273024,-33.83741033418047
1400,3.5,-1.0,0.55,2,-33.31181971513719,-33.49606423466159,-32.92181139142028,-33.82998201803674
1400,3.5,-1.0,0.55,10,-33.23967284844974,-33.452632421581995,-32.83847503984797,-33.778247997036544
1400,3.5,-1.0,0.85,-1,-33.244252561423984,-33.63444570704778,-33.093806134560666,-33.811751449703344
1400,3.5,-1.0,0.85,2,-33.24479903322474,-33.63575518753024,-33.090393832908326,-33.8080801313659
1400,3.5,-1.0,0.85,10,-33.21349222559797,-33.63464963921919,-33.069098471440434,-33.73354008683246
1400,3.5,-0.5,0.1,-1,-33.20897642598143,-33.17574644291505,-32.678966155513635,-33.817718257904595
1400,3.5,-0.5,0.1,2,-33.20776434391356,-33.18001827437643,-32.635068212149235,-33.80764767060815
1400,3.5,-0.5,0.1,10,-33.160785557690325,-33.13463842401501,-32.48988612181779,-33.75940697926124
1400,3.5,-0.5,0.55,-1,-33.20667986295068,-33.420346502525184,-32.98895770459214,-33.791477212544635
1400,3.5,-0.5,0.55,2,-33.206669636411895,-33.422750976154234,-32.97336874484723,-33.781529441170896
1400,3.5,-0.5,0.55,10,-33.09667556842774,-33.360000907089784,-32.79723070368662,-33.70329983946719
1400,3.5,-0.5,0.85,-1,-33.09475412532953,-33.60394310856463,-33.25719023023506,-33.740471766972
1400,3.5,-0.5,0.85,2,-33.09558959873049,-33.60698178738569,-33.2545659990246,-33.72666622144908
1400,3.5,-0.5,0.85,10,-32.974098734182895,-33.57851360125987,-33.198128782012525,-33.68380654791078
1400,3.5,-0.25,0.1,-1,-33.174013399815635,-33.11436194256608,-32.65304981177421,-33.76703433639941
1400,3.5,-0.25,0.1,2,-33.17486165519263,-33.1206200430409,-32.60915568948026,-33.75647544694039
1400,3.5,-0.25,0.1,10,-33.13232795376181,-33.072808464206624,-32.491567226939225,-33.72045240085362
1400,3.5,-0.25,0.55,-1,-33.16568397914294,-33.36192338134572,-32.96664506761452,-33.745310600038195
1400,3.5,-0.25,0.55,2,-33.163562625228884,-33.36262742188185,-32.951525691996835,-33.73297185145257
1400,3.5,-0.25,0.55,10,-33.08553079564886,-33.34629626112679,-32.79556507103379,-33.63301707299699
1400,3.5,-0.25,0.85,-1,-32.98309406281079,-33.565111407914436,-33.37892061607035,-33.7082019773244
1400,3.5,-0.25,0.85,2,-32.98388985001202,-33.56811400853906,-33.37976435542003,-33.69158794391049
1400,3.5,-0.25,0.85,10,-32.91751287416982,-33.45610758665843,-33.106076297830654,-33.614728684453404
1400,3.5,+0.0,0.1,-1,-33.14822273625195,-33.036708881572366,-32.62116033760752,-33.709960153891394
1400,3.5,+0.0,0.1,2,-33.13798272794914,-33.03673873787246,-32.58107815618267,-33.696212920743676
1400,3.5,+0.0,0.1,10,-33.12107673137031,-33.00604625265273,-32.503591339741966,-33.673933498343324
1400,3.5,+0.0,0.55,-1,-33.113815485116234,-33.31212346769409,-32.94877183410051,-33.68772534786375
1400,3.5,+0.0,0.55,2,-33.113886586907654,-33.31441007901206,-32.935665053238324,-33.67406171619983
1400,3.5,+0.0,0.55,10,-33.032283689990734,-33.28753380938018,-32.80501351745762,-33.57280793777394
1400,3.5,+0.0,0.85,-1,-32.91546080992533,-33.531109901095334,-33.44096317945985,-33.67010472095882
1400,3.5,+0.0,0.85,2,-32.91621026341955,-33.53384608071009,-33.442834584362565,-33.65111732515175
1400,3.5,+0.0,0.85,10,-32.85381312900387,-33.39970077400042,-33.089824302341924,-33.54263674245497
1400,3.5,+0.25,0.1,-1,-33.120550818028086,-32.96885157128582,-32.63620976324685,-33.665072835719016
1400,3.5,+0.25,0.1,2,-33.114916959280485,-32.97014170242032,-32.58745126802281,-33.64450000956695
1400,3.5,+0.25,0.1,10,-33.099223223734796,-32.95684181993514,-32.550692272800184,-33.63032822536817
1400,3.5,+0.25,0.55,-1,-33.06793669998976,-33.25470780255577,-32.95013258951319,-33.63186794892984
1400,3.5,+0.25,0.55,2,-33.06798972911148,-33.256092827032944,-32.93647775238916,-33.61572106966147
1400,3.5,+0.25,0.55,10,-33.00304803375581,-33.22112468121007,-32.79233197073481,-33.496530556466695
1400,3.5,+0.25,0.85,-1,-32.91729222311854,-33.49710251832421,-33.541925762118396,-33.60960449171333
1400,3.5,+0.25,0.85,2,-32.91785314345733,-33.5001595137309,-33.54842196273832,-33.589182243215184
1400,3.5,+0.25,0.85,10,-32.78526173139019,-33.35526164294088,-33.123762397276835,-33.4603100236937
1400,3.5,+0.5,0.1,-1,-33.12344760594534,-32.91177868381914,-32.625110707221985,-33.61097721076436
1400,3.5,+0.5,0.1,2,-33.10496695306068,-32.902628679838664,-32.58947671977671,-33.59129374081932
1400,3.5,+0.5,0.1,10,-33.10089397312913,-32.89498606270952,-32.57644398012222,-33.58877151678469
1400,3.5,+0.5,0.55,-1,-33.05202675236338,-33.17288346264953,-32.896350896311475,-33.560005000157204
1400,3.5,+0.5,0.55,2,-33.053521986508756,-33.179245365051415,-32.860912553415524,-33.51396395889141
1400,3.5,+0.5,0.55,10,-33.05902155533408,-33.16492994902715,-32.770681429115555,-33.41229851853331
1400,3.5,+0.5,0.85,-1,-32.879022317168484,-33.48234188243732,-33.62938504854378,-33.591258942371866
1400,3.5,+0.5,0.85,2,-32.87927031889228,-33.48385720632586,-33.63319231417465,-33.582765273172896
1400,3.5,+0.5,0.85,10,-32.72816176170798,-33.443086902652,-33.38845112630829,-33.354260877635966
1400,3.5,+0.75,0.1,-1,-33.10235138283163,-32.830798762765816,-32.620273690498735,-33.55664287871135
1400,3.5,+0.75,0.1,2,-33.09353769825626,-32.830299078968785,-32.604911979378315,-33.54389780410941
1400,3.5,+0.75,0.1,10,-33.09351873479982,-32.82368512783725,-32.59179919631072,-33.54224553102497
1400,3.5,+0.75,0.55,-1,-33.07099367001871,-33.13925569226797,-32.87749449565583,-33.489628939269274
1400,3.5,+0.75,0.55,2,-33.101525586756125,-33.11129875898243,-32.799596579711455,-33.419350211080186
1400,3.5,+0.75,0.55,10,-33.06933026036256,-33.07539295885149,-32.69519578672889,-33.32609584475161
1400,3.5,+0.75,0.85,-1,-32.8793016863146,-33.4780122041085,-33.66450905860529,-33.55611308188226
1400,3.5,+0.75,0.85,2,-32.879453228924326,-33.47929937386029,-33.66787139717811,-33.54983603470298
1400,3.5,+0.75,0.85,10,-32.67161750352194,-33.46103541328757,-33.56105495533872,-33.28896935432992
1400,3.5,+1.0,0.1,-1,-33.09043156627615,-32.77563530698767,-32.646020710100174,-33.521187892319986
1400,3.5,+1.0,0.1,2,-33.079654352279114,-32.76945661168107,-32.618649657089904,-33.50055783410796
1400,3.5,+1.0,0.1,10,-33.08137137328068,-32.76440719022024,-32.61278982057868,-33.5025991880067
1400,3.5,+1.0,0.55,-1,-33.17234241464099,-33.03244812025586,-32.74996922611845,-33.37648384269973
1400,3.5,+1.0,0.55,2,-33.12690973567277,-33.06399949224746,-32.761284280770184,-33.339005671820715
1400,3.5,+1.0,0.55,10,-33.14062871723034,-33.038139039488215,-32.66213614776961,-33.25136278543027
1400,3.5,+1.0,0.85,-1,-32.84657648781717,-33.490293812330556,-33.649884611272036,-33.461851843313816
1400,3.5,+1.0,0.85,2,-32.84520859544771,-33.49180846276656,-33.65244376068687,-33.44725409292859
1400,3.5,+1.0,0.85,10,-32.68927391891309,-33.46713962967401,-33.633513131180635,-33.207339493918816
1400,4.0,-2.5,0.1,-1,-33.47197316750077,-33.327546483672435,-32.62990816551095,-33.72208201606887
1400,4.0,-2.5,0.1,2,-33.471575608410035,-33.32741890202438,-32.630719421220654,-33.72198749753046
1400,4.0,-2.5,0.1,10,-33.469791093507084,-33.324535969119594,-32.62545981553302,-33.692153700730984
1400,4.0,-2.5,0.55,-1,-33.48339835621565,-33.40932356693711,-32.673175627782165,-33.72652956076911
1400,4.0,-2.5,0.55,2,-33.48331474003967,-33.40932279790657,-32.67358887937864,-33.72648466328832
1400,4.0,-2.5,0.55,10,-33.477349528528116,-33.41663606144096,-32.682561909509616,-33.68069817430981
1400,4.0,-2.5,0.85,-1,-33.47695389000912,-33.43100383527983,-32.697657383709064,-33.724323354890096
1400,4.0,-2.5,0.85,2,-33.47682652989312,-33.43102011945734,-32.698237159451516,-33.72422690506695
1400,4.0,-2.5,0.85,10,-33.47499572476924,-33.44339175999689,-32.700088882521655,-33.67069751728762
1400,4.0,-2.0,0.1,-1,-33.48565876897084,-33.37650566284473,-32.68392944074296,-33.85765805480383
1400,4.0,-2.0,0.1,2,-33.49096839329414,-33.37759814079837,-32.679918124735124,-33.855399758312686
1400,4.0,-2.0,0.1,10,-33.47095181646415,-33.36020907785863,-32.67522091158667,-33.79146219312965
1400,4.0,-2.0,0.55,-1,-33.52690820170989,-33.48002842560714,-32.714992202083046,-33.83703196250431
1400,4.0,-2.0,0.55,2,-33.526689583862414,-33.4801185868215,-32.71555770759648,-33.836720775559186
1400,4.0,-2.0,0.55,10,-33.497903043576635,-33.49766117152,-32.76152881414767,-33.750506607153746
1400,4.0,-2.0,0.85,-1,-33.50983201740288,-33.526509022083125,-32.760472006735,-33.836688607688075
1400,4.0,-2.0,0.85,2,-33.50858193562136,-33.52661149080633,-32.763100637964556,-33.836923984798574
1400,4.0,-2.0,0.85,10,-33.48077024741764,-33.560050166142695,-32.824895389885846,-33.74327681702755
1400,4.0,-1.5,0.1,-1,-33.43976375886708,-33.401303660980496,-32.65523240787622,-33.92734189624911
1400,4.0,-1.5,0.1,2,-33.4397191645924,-33.4013262939179,-32.65475481842616,-33.92648311512468
1400,4.0,-1.5,0.1,10,-33.38253790895811,-33.364141596243,-32.64069456120786,-33.84774011928509
1400,4.0,-1.5,0.55,-1,-33.455729308563306,-33.55052852586453,-32.762679803887885,-33.88760563254702
1400,4.0,-1.5,0.55,2,-33.4557223476108,-33.55064157536971,-32.76317278330958,-33.885879419843405
1400,4.0,-1.5,0.55,10,-33.37803812121559,-33.558383236994494,-32.84740778481865,-33.808116928571884
1400,4.0,-1.5,0.85,-1,-33.433960057546926,-33.60205956940722,-32.82039550527858,-33.87322372026207
1400,4.0,-1.5,0.85,2,-33.43332033884132,-33.601644357966165,-32.82109826071935,-33.87018144736868
1400,4.0,-1.5,0.85,10,-33.37087007647683,-33.64729852274758,-32.948869120188,-33.78557125196706
1400,4.0,-1.0,0.1,-1,-33.335897720729804,-33.37507937617632,-32.6356767945808,-33.91615707654326
1400,4.0,-1.0,0.1,2,-33.33007300489915,-33.37431053832732,-32.63336623389352,-33.91281450633924
1400,4.0,-1.0,0.1,10,-33.262690560047744,-33.323423517765,-32.521398138022796,-33.83930311894885
1400,4.0,-1.0,0.55,-1,-33.352669406953495,-33.53582426149473,-32.83460688088163,-33.857542743829015
1400,4.0,-1.0,0.55,2,-33.355914963366175,-33.53818744546041,-32.83277971413439,-33.85022251664398
1400,4.0,-1.0,0.55,10,-33.19224818730532,-33.50242339408184,-32.84992864411815,-33.80352391237602
1400,4.0,-1.0,0.85,-1,-33.276297814992674,-33.638391780586744,-32.967695104096336,-33.84981753210043
1400,4.0,-1.0,0.85,2,-33.278963251340144,-33.64261610232973,-32.966888332313616,-33.84163537690022
1400,4.0,-1.0,0.85,10,-33.14202507232654,-33.64939580579555,-33.083867840779995,-33.782445038045225
1400,4.0,-0.5,0.1,-1,-33.279374860728076,-33.26160192063468,-32.624783447979574,-33.84921895125233
1400,4.0,-0.5,0.1,2,-33.266479700372564,-33.26438571299405,-32.55469669841969,-33.82677470332955
1400,4.0,-0.5,0.1,10,-33.21473561670741,-33.22355858105438,-32.42695690807477,-33.778983742158374
1400,4.0,-0.5,0.55,-1,-33.204950303175565,-33.482651663950975,-32.93768524399972,-33.82379814769974
1400,4.0,-0.5,0.55,2,-33.21050454396715,-33.487946006488045,-32.92325677833571,-33.81708115898818
1400,4.0,-0.5,0.55,10,-33.10700134401654,-33.40990577540889,-32.72014705657998,-33.73489909301871
1400,4.0,-0.5,0.85,-1,-33.092079684613466,-33.62146606099514,-33.168526128027295,-33.79536435381529
1400,4.0,-0.5,0.85,2,-33.093049727279855,-33.624164943212435,-33.16282410950067,-33.78535300258815
1400,4.0,-0.5,0.85,10,-32.99243526541157,-33.58594876405421,-33.10811401643092,-33.733999061041416
1400,4.0,-0.25,0.1,-1,-33.22190562455198,-33.1945214170107,-32.61592402725678,-33.79964966133054
1400,4.0,-0.25,0.1,2,-33.215159104511486,-33.200260692829914,-32.5303849894395,-33.778569615064235
1400,4.0,-0.25,0.1,10,-33.17230241185255,-33.158925777024315,-32.42142899577951,-33.74301924694235
1400,4.0,-0.25,0.55,-1,-33.168090932279256,-33.445534994119335,-32.94858304612826,-33.78236269502361
1400,4.0,-0.25,0.55,2,-33.17891185294326,-33.45607966443629,-32.91403509533911,-33.760036750235315
1400,4.0,-0.25,0.55,10,-33.08601409216906,-33.33487309039041,-32.67068730887332,-33.675125040798115
1400,4.0,-0.25,0.85,-1,-33.00931660694145,-33.5922542720303,-33.26371499706545,-33.75507148194431
1400,4.0,-0.25,0.85,2,-33.0102764175342,-33.59490908315938,-33.26021454744569,-33.74266261680648
1400,4.0,-0.25,0.85,10,-32.96392356431647,-33.52764321664656,-33.07134933267196,-33.67288391025059
1400,4.0,+0.0,0.1,-1,-33.232943732691616,-33.13134517656857,-32.57317248511834,-33.733671452406796
1400,4.0,+0.0,0.1,2,-33.19826919713777,-33.130843752569014,-32.48929735696268,-33.713194709793555
1400,4.0,+0.0,0.1,10,-33.19959889186394,-33.103074623899694,-32.3759369432031,-33.67177103149288
1400,4.0,+0.0,0.55,-1,-33.193193074306876,-33.39532757925496,-32.941032599687404,-33.73150084569837
1400,4.0,+0.0,0.55,2,-33.170162119651486,-33.39188454982088,-32.912870397110645,-33.70625152272031
1400,4.0,+0.0,0.55,10,-33.056921823427174,-33.283725565330585,-32.638183846675695,-33.60260320812418
1400,4.0,+0.0,0.85,-1,-33.0388800919237,-33.567044846649544,-33.28706498864645,-33.67252807990106
1400,4.0,+0.0,0.85,2,-33.03985095160319,-33.56981879079135,-33.28513476019773,-33.656379301020415
1400,4.0,+0.0,0.85,10,-32.86806667789372,-33.48257151033886,-33.120326897310676,-33.61135050396769
1400,4.0,+0.25,0.1,-1,-33.234839445681104,-33.05995642553332,-32.52602144995529,-33.664764520578515
1400,4.0,+0.25,0.1,2,-33.208448012650955,-33.056558743996376,-32.43728464048927,-33.63554795778477
1400,4.0,+0.25,0.1,10,-33.19098504914225,-33.04114693108127,-32.38522221733986,-33.61914161350035
1400,4.0,+0.25,0.55,-1,-33.14320922363348,-33.33152396346175,-32.918028106661275,-33.67462699618682
1400,4.0,+0.25,0.55,2,-33.14370162438392,-33.33677057961955,-32.88629649957504,-33.64304388466026
1400,4.0,+0.25,0.55,10,-33.06389053088951,-33.230406450051284,-32.60400216538813,-33.52865675985672
1400,4.0,+0.25,0.85,-1,-32.96925114576424,-33.54305177639872,-33.40499095964176,-33.61961006232737
1400,4.0,+0.25,0.85,2,-32.97017656685224,-33.54597668865506,-33.40571260620419,-33.60044232541814
1400,4.0,+0.25,0.85,10,-32.799229369183735,-33.490334734277525,-33.24410749852232,-33.50681745031301
1400,4.0,+0.5,0.1,-1,-33.217792993791775,-32.990856896354586,-32.51126525570727,-33.60532474832014
1400,4.0,+0.5,0.1,2,-33.19518317529102,-32.989032188616335,-32.43534251285971,-33.57864785520576
1400,4.0,+0.5,0.1,10,-33.187560428942405,-32.97515614924132,-32.40988125581595,-33.571135509185524
1400,4.0,+0.5,0.55,-1,-33.202919350930145,-33.27886203740994,-32.838231775324864,-33.58358952063099
1400,4.0,+0.5,0.55,2,-33.20238646911673,-33.28348631147523,-32.805869270110435,-33.546815498358185
1400,4.0,+0.5,0.55,10,-33.10234208473366,-33.22081558094122,-32.58413806748001,-33.41261508290289
1400,4.0,+0.5,0.85,-1,-32.91395033402243,-33.525156815275054,-33.460300313237056,-33.57229697833907
1400,4.0,+0.5,0.85,2,-32.914743522304036,-33.52785139247173,-33.46126333281256,-33.551761039832904
1400,4.0,+0.5,0.85,10,-32.87957305911544,-33.386456254065976,-32.97935414118305,-33.38064501535212
1400,4.0,+0.75,0.1,-1,-33.2082148986405,-32.925572200787784,-32.51628066232104,-33.55219916218309
1400,4.0,+0.75,0.1,2,-33.18736846853199,-32.9122331763437,-32.441523445769576,-33.523744517941715
1400,4.0,+0.75,0.1,10,-33.18577735739307,-32.90928107615607,-32.4369821199663,-33.52269978560598
1400,4.0,+0.75,0.55,-1,-33.18209685892006,-33.217745188618665,-32.79161712663084,-33.5107483726303
1400,4.0,+0.75,0.55,2,-33.1820478372351,-33.222281115576635,-32.75702243218127,-33.46705503282672
1400,4.0,+0.75,0.55,10,-33.09993959125269,-33.171200464263244,-32.58598587007858,-33.34058140599193
1400,4.0,+0.75,0.85,-1,-32.89083346595302,-33.51445126519429,-33.5810095583671,-33.519583981697856
1400,4.0,+0.75,0.85,2,-32.896552559378186,-33.52139612086595,-33.58695405092392,-33.49989939880216
1400,4.0,+0.75,0.85,10,-32.8215444083208,-33.342858408724744,-32.99916623202799,-33.28956807416084
1400,4.0,+1.0,0.1,-1,-33.18470937811556,-32.856572217068035,-32.51185686805812,-33.49635478027376
1400,4.0,+1.0,0.1,2,-33.170741393040316,-32.85359717528808,-32.47795837835615,-33.47736933167082
1400,4.0,+1.0,0.1,10,-33.17031273151609,-32.84612103940186,-32.472531484605206,-33.47827912600265
1400,4.0,+1.0,0.55,-1,-33.17029157249773,-33.14239295931421,-32.73707204318287,-33.43360775358449
1400,4.0,+1.0,0.55,2,-33.16012015762074,-33.14422365371344,-32.64593592583096,-33.32949295336231
1400,4.0,+1.0,0.55,10,-33.134937321404834,-33.10886838287134,-32.5705597509565,-33.26415896682033
1400,4.0,+1.0,0.85,-1,-32.91303779970773,-33.545870258438185,-33.64871304111566,-33.48847429017585
1400,4.0,+1.0,0.85,2,-32.91367455454615,-33.548539500939626,-33.651877955429285,-33.47199635317474
1400,4.0,+1.0,0.85,10,-32.7090617641019,-33.48708304524464,-33.386239708842595,-33.207676081520894
1400,4.5,-2.5,0.1,-1,-33.43621562632499,-33.372279920404175,-32.65951780074339,-33.70816497825224
1400,4.5,-2.5,0.1,2,-33.435540462751725,-33.37234468960726,-32.663052802328586,-33.70856300587461
1400,4.5,-2.5,0.1,10,-33.437987570732275,-33.36679308313193,-32.644906466014774,-33.695542087509324
1400,4.5,-2.5,0.55,-1,-33.44318108558362,-33.43922449891829,-32.70842524733697,-33.71704682457057
1400,4.5,-2.5,0.55,2,-33.44261897063217,-33.439913650695544,-32.71257140155583,-33.718355349400184
1400,4.5,-2.5,0.55,10,-33.44443620258008,-33.437760312927395,-32.698667669459645,-33.69458071788953
1400,4.5,-2.5,0.85,-1,-33.44366430058131,-33.45368706800861,-32.72212013864136,-33.71300951017261
1400,4.5,-2.5,0.85,2,-33.44348449892988,-33.453530904007394,-32.722258477014734,-33.71285342256818
1400,4.5,-2.5,0.85,10,-33.44445553004786,-33.45164863965443,-32.708633462583464,-33.68571389628553
1400,4.5,-2.0,0.1,-1,-33.475883176415905,-33.41849364177923,-32.68430154559412,-33.841020456001324
1400,4.5,-2.0,0.1,2,-33.47561889415967,-33.418557949709054,-32.6850196183188,-33.840877028330034
1400,4.5,-2.0,0.1,10,-33.4706315965986,-33.41388690407061,-32.681506157978866,-33.79849966802208
1400,4.5,-2.0,0.55,-1,-33.4744641854577,-33.522527184417584,-32.76010506793183,-33.8523337001332
1400,4.5,-2.0,0.55,2,-33.4709146123184,-33.5231241282277,-32.761652442333215,-33.85230236616949
1400,4.5,-2.0,0.55,10,-33.45784285817652,-33.538737399678936,-32.79667983540066,-33.76573317301858
1400,4.5,-2.0,0.85,-1,-33.47250044204571,-33.554408123451935,-32.792315986918325,-33.849144061723344
1400,4.5,-2.0,0.85,2,-33.472241241738,-33.55448312260072,-32.79322347824424,-33.84907144222416
1400,4.5,-2.0,0.85,10,-33.46390838763394,-33.5664052305823,-32.81073555950832,-33.77553754101517
1400,4.5,-1.5,0.1,-1,-33.40126946180108,-33.45703297056338,-32.6861380468457,-33.95278748936192
1400,4.5,-1.5,0.1,2,-33.40108844970084,-33.457081463915,-32.68638948071946,-33.951126158673176
1400,4.5,-1.5,0.1,10,-33.355712990478146,-33.427915639618405,-32.672728260599634,-33.85914409449346
1400,4.5,-1.5,0.55,-1,-33.436347105122366,-33.57318940563602,-32.75838099142594,-33.92471357431699
1400,4.5,-1.5,0.55,2,-33.43860443595168,-33.57461509544791,-32.75973847993391,-33.92164761333647
1400,4.5,-1.5,0.55,10,-33.39638868214735,-33.57843797931136,-32.82508973679076,-33.80080610622527
1400,4.5,-1.5,0.85,-1,-33.38390966620969,-33.61918555660911,-32.853373155023064,-33.935120480233564
1400,4.5,-1.5,0.85,2,-33.38405898845254,-33.61971558776211,-32.85558777329933,-33.92928717123003
1400,4.5,-1.5,0.85,10,-33.35674419763808,-33.65822695965709,-32.929898643305,-33.79127629335794
1400,4.5,-1.0,0.1,-1,-33.33939107457674,-33.423465082830646,-32.59903868906659,-33.95097526080404
1400,4.5,-1.0,0.1,2,-33.338920641235845,-33.42394564229153,-32.596352457872506,-33.94381113548466
1400,4.5,-1.0,0.1,10,-33.25177567311793,-33.36868485085176,-32.542470057184396,-33.86046197592264
1400,4.5,-1.0,0.55,-1,-33.33245191892141,-33.58024323897165,-32.77862168778045,-33.90913014130259
1400,4.5,-1.0,0.55,2,-33.32643871569191,-33.578845150523,-32.78123435636493,-33.896029361938794
1400,4.5,-1.0,0.55,10,-33.21397769527368,-33.573802605430586,-32.848807920907255,-33.82808947584555
1400,4.5,-1.0,0.85,-1,-33.305852273227075,-33.643618462971034,-32.857563670899076,-33.8914135850441
1400,4.5,-1.0,0.85,2,-33.306054182946205,-33.645821364331006,-32.86255716540646,-33.87490151908314
1400,4.5,-1.0,0.85,10,-33.1519023631539,-33.6655854358948,-33.04281866654189,-33.813580275526014
1400,4.5,-0.5,0.1,-1,-33.255837516759556,-33.34545160625164,-32.588426800469406,-33.895222475570684
1400,4.5,-0.5,0.1,2,-33.30710682831371,-33.35282429971254,-32.50788070808223,-33.85919955979232
1400,4.5,-0.5,0.1,10,-33.22737291792159,-33.307806148043696,-32.36405951124185,-33.79502613747536
1400,4.5,-0.5,0.55,-1,-33.28192481184243,-33.517109589018055,-32.831352804227,-33.83905343747899
1400,4.5,-0.5,0.55,2,-33.2818762421438,-33.52099252932432,-32.81478114147986,-33.822779738330276
1400,4.5,-0.5,0.55,10,-33.09683250919163,-33.4545264451577,-32.74742582421621,-33.77903874626604
1400,4.5,-0.5,0.85,-1,-33.10206191979406,-33.627314092239686,-33.07301570351642,-33.85139085224444
1400,4.5,-0.5,0.85,2,-33.10568436908236,-33.63230353283959,-33.06600870862555,-33.830886487084356
1400,4.5,-0.5,0.85,10,-33.11599544263079,-33.62029347306322,-33.00242387662734,-33.75754726087359
1400,4.5,-0.25,0.1,-1,-33.25676674467974,-33.30380997504322,-32.56578417976137,-33.84429827461891
1400,4.5,-0.25,0.1,2,-33.251916415185285,-33.30548010119874,-32.50286991456696,-33.82258026577594
1400,4.5,-0.25,0.1,10,-33.20088395528211,-33.26045120607838,-32.32804691353598,-33.762537195135366
1400,4.5,-0.25,0.55,-1,-33.20034539014314,-33.488870587388824,-32.90225886698811,-33.81593828827841
1400,4.5,-0.25,0.55,2,-33.200857055815625,-33.49335220075726,-32.87597783668887,-33.79980267613979
1400,4.5,-0.25,0.55,10,-33.05838951422952,-33.4011984570962,-32.68731713444523,-33.731805690087945
1400,4.5,-0.25,0.85,-1,-33.15701929319059,-33.61624797971053,-33.074042252500085,-33.77541331854338
1400,4.5,-0.25,0.85,2,-33.158410182787605,-33.62125785135057,-33.066007982842564,-33.75394097028942
1400,4.5,-0.25,0.85,10,-32.92397726617188,-33.56830810484089,-33.09909751180659,-33.72997172993004
1400,4.5,+0.0,0.1,-1,-33.230654922775294,-33.23509548377646,-32.54209231179096,-33.783472320929484
1400,4.5,+0.0,0.1,2,-33.2519562837369,-33.25840616001817,-32.46829462289373,-33.76833098923899
1400,4.5,+0.0,0.1,10,-33.212285327972396,-33.21015654030851,-32.3107143119111,-33.71711852575663
1400,4.5,+0.0,0.55,-1,-33.168852535174224,-33.4529328157655,-32.91943065812382,-33.7752415103911
1400,4.5,+0.0,0.55,2,-33.16942300289877,-33.45754155522417,-32.889987348716495,-33.755976201627746
1400,4.5,+0.0,0.55,10,-33.151316109370505,-33.369196971337026,-32.529664108169065,-33.629630182144325
1400,4.5,+0.0,0.85,-1,-33.04505633926399,-33.5908975878798,-33.193638907780034,-33.73188547882081
1400,4.5,+0.0,0.85,2,-33.04683900885746,-33.596069772541426,-33.18787764858402,-33.70516834828422
1400,4.5,+0.0,0.85,10,-32.953200278252474,-33.53586793953415,-33.03569317176376,-33.647263248923515
1400,4.5,+0.25,0.1,-1,-33.223786812636845,-33.16696761769806,-32.50101012255314,-33.71099061906864
1400,4.5,+0.25,0.1,2,-33.214152100015625,-33.168886781801035,-32.410704786709786,-33.69005012363755
1400,4.5,+0.25,0.1,10,-33.18160571989982,-33.130620613778774,-32.30740456857588,-33.65913121832381
1400,4.5,+0.25,0.55,-1,-33.22584335535459,-33.42701866713763,-32.86506689619371,-33.69910668900295
1400,4.5,+0.25,0.55,2,-33.22874219185313,-33.433822003362934,-32.83629323356549,-33.676798995926234
1400,4.5,+0.25,0.55,10,-33.160647660930366,-33.307737231093974,-32.47756774150686,-33.55216393702308
1400,4.5,+0.25,0.85,-1,-32.975823932329895,-33.57081805890366,-33.284873936457174,-33.6834634210106
1400,4.5,+0.25,0.85,2,-32.977536887752905,-33.576116147014005,-33.2829893336275,-33.650089890935625
1400,4.5,+0.25,0.85,10,-32.97190042371678,-33.51837677427859,-32.98978145751207,-33.55401873183575
1400,4.5,+0.5,0.1,-1,-33.226414385154285,-33.10320941064296,-32.47484413719755,-33.64543551141798
1400,4.5,+0.5,0.1,2,-33.21540622589882,-33.10607857307469,-32.38728656112863,-33.62283648226784
1400,4.5,+0.5,0.1,10,-33.19711478636907,-33.06912865498505,-32.30955844156719,-33.6013403790993
1400,4.5,+0.5,0.55,-1,-33.209539115704544,-33.33743560441238,-32.82148701099375,-33.62983030698982
1400,4.5,+0.5,0.55,2,-33.218321818404924,-33.353731937945426,-32.753144424991596,-33.57369147834607
1400,4.5,+0.5,0.55,10,-33.141680532369776,-33.2577856680476,-32.46029520815852,-33.47350218372847
1400,4.5,+0.5,0.85,-1,-33.11848890045715,-33.64185834537265,-33.30140622512479,-33.58333961437469
1400,4.5,+0.5,0.85,2,-33.12046502635002,-33.64743646613785,-33.30083314628212,-33.542335883785135
1400,4.5,+0.5,0.85,10,-32.8804954571731,-33.474092386722106,-33.05942828407603,-33.47264278637577
1400,4.5,+0.75,0.1,-1,-33.29667116676632,-32.95601747963916,-32.343848592054236,-33.51762306037696
1400,4.5,+0.75,0.1,2,-33.30795658286731,-32.966549463572306,-32.24316194193725,-33.49161861355868
1400,4.5,+0.75,0.1,10,-33.21140046304156,-33.007585855196176,-32.33322481280213,-33.54886937353545
1400,4.5,+0.75,0.55,-1,-33.1869756839305,-33.29562238269617,-32.80112589218052,-33.56511806301912
1400,4.5,+0.75,0.55,2,-33.20278457679493,-33.31635014383827,-32.73409301042236,-33.497054327527366
1400,4.5,+0.75,0.55,10,-33.156628112629434,-33.20672697175583,-32.44401891083581,-33.397907880436534
1400,4.5,+0.75,0.85,-1,-33.048613972229305,-33.63096307070303,-33.42866184953677,-33.52289396621261
1400,4.5,+0.75,0.85,2,-33.0503719018611,-33.63696890803796,-33.4302367151212,-33.47740990088906
1400,4.5,+0.75,0.85,10,-32.796197853331286,-33.52093607296979,-33.2667522862749,-33.34107326553563
1400,4.5,+1.0,0.1,-1,-33.286112377330255,-32.89516209413591,-32.32911466662134,-33.45548948937954
1400,4.5,+1.0,0.1,2,-33.27713411759276,-32.89570515620552,-32.26366671123584,-33.43539057056651
1400,4.5,+1.0,0.1,10,-33.2768941562198,-32.89061514014077,-32.25684743744521,-33.43977333099575
1400,4.5,+1.0,0.55,-1,-33.34257941017256,-33.24451103704842,-32.68463088740983,-33.45693879757314
1400,4.5,+1.0,0.55,2,-33.343047643771804,-33.25428416325596,-32.60669846044041,-33.376451028923086
1400,4.5,+1.0,0.55,10,-33.27550882298476,-33.19399354055438,-32.37791831551523,-33.262256753281086
1400,4.5,+1.0,0.85,-1,-32.99152692218773,-33.62155685694833,-33.61106215152351,-33.50127339975509
1400,4.5,+1.0,0.85,2,-32.99330063220162,-33.6279677674144,-33.6153166724167,-33.4624066859305
1400,4.5,+1.0,0.85,10,-32.81927880109091,-33.600169489066936,-33.42126404924771,-33.17324805471847
1400,5.0,-2.5,0.1,-1,-33.39822221589533,-33.40231400853221,-32.680970099265814,-33.69342917897621
1400,5.0,-2.5,0.1,2,-33.398181449505095,-33.39925688374152,-32.682532186132036,-33.69306207337951
1400,5.0,-2.5,0.1,10,-33.401600887317656,-33.39561152777437,-32.66730723717934,-33.687047341243726
1400,5.0,-2.5,0.55,-1,-33.405586458554446,-33.4399205935921,-32.7215299553708,-33.69542586886797
1400,5.0,-2.5,0.55,2,-33.406207540748134,-33.43884367824917,-32.720451974469874,-33.69408836728244
1400,5.0,-2.5,0.55,10,-33.4082474695193,-33.43637238420489,-32.70473380431656,-33.6825633093943
1400,5.0,-2.5,0.85,-1,-33.39999412187662,-33.46201912777657,-32.74806256691925,-33.70028246082533
1400,5.0,-2.5,0.85,2,-33.3997358699764,-33.46207726291726,-32.74927665656834,-33.700244304813445
1400,5.0,-2.5,0.85,10,-33.40560301952702,-33.457637140567776,-32.72889968869837,-33.684481746873885
1400,5.0,-2.0,0.1,-1,-33.42280786199782,-33.47461170949544,-32.7451391740876,-33.8362224121522
1400,5.0,-2.0,0.1,2,-33.422655244164005,-33.474605521223765,-32.745805422816524,-33.83611602218121
1400,5.0,-2.0,0.1,10,-33.42653174893913,-33.46885676265887,-32.73067736475809,-33.804747979420455
1400,5.0,-2.0,0.55,-1,-33.42554655821242,-33.55908013983668,-32.822421015445414,-33.85060150941521
1400,5.0,-2.0,0.55,2,-33.4249873885754,-33.559176597639414,-32.823958530686554,-33.85036723476201
1400,5.0,-2.0,0.55,10,-33.42740365833579,-33.56187092265188,-32.814422451151934,-33.79487070649711
1400,5.0,-2.0,0.85,-1,-33.42698041889247,-33.581206795184116,-32.84681657951423,-33.8469884178443
1400,5.0,-2.0,0.85,2,-33.42550456229226,-33.580581375749304,-32.84833278430376,-33.84717300356337
1400,5.0,-2.0,0.85,10,-33.430011271410734,-33.585483771091475,-32.83672232887406,-33.78417701608924
1400,5.0,-1.5,0.1,-1,-33.40174298016702,-33.48005836989985,-32.69109441523396,-33.94581779304496
1400,5.0,-1.5,0.1,2,-33.393052176153326,-33.47783015435438,-32.69442806697936,-33.94643435784765
1400,5.0,-1.5,0.1,10,-33.38001445225798,-33.4643725529469,-32.679547536565586,-33.86599219513751
1400,5.0,-1.5,0.55,-1,-33.37846106288806,-33.59530536558672,-32.8025526258102,-33.95774783698198
1400,5.0,-1.5,0.55,2,-33.378265801725604,-33.59534048551908,-32.803046315582826,-33.95717713492204
1400,5.0,-1.5,0.55,10,-33.34999661422592,-33.61181761274497,-32.85526396820734,-33.82090822184199
1400,5.0,-1.5,0.85,-1,-33.379028772107816,-33.62706295335294,-32.84548906441426,-33.95006283829602
1400,5.0,-1.5,0.85,2,-33.38069158591808,-33.62758303801027,-32.84600324774179,-33.94879333476863
1400,5.0,-1.5,0.85,10,-33.36209462883191,-33.654241212058395,-32.885293336848505,-33.820975002945126
1400,5.0,-1.0,0.1,-1,-33.2922577899087,-33.47894176144208,-32.62295305795297,-33.9965113737198
1400,5.0,-1.0,0.1,2,-33.29201865451282,-33.47906823754491,-32.62258943928312,-33.9945023337149
1400,5.0,-1.0,0.1,10,-33.222361189642164,-33.434124529526336,-32.594985391111194,-33.88817305296666
1400,5.0,-1.0,0.55,-1,-33.32137208568473,-33.600498211829574,-32.74018615120966,-33.95775682745946
1400,5.0,-1.0,0.55,2,-33.321048160462944,-33.6023271338534,-32.74722653269764,-33.93679441954313
1400,5.0,-1.0,0.55,10,-33.25726823419542,-33.610818438897375,-32.834256953950074,-33.82953518835255
1400,5.0,-1.0,0.85,-1,-33.2649296971183,-33.64578735061245,-32.85297347233402,-33.96484237131743
1400,5.0,-1.0,0.85,2,-33.26502261770176,-33.646375686768536,-32.855657083709396,-33.95803095677757
1400,5.0,-1.0,0.85,10,-33.21969742250214,-33.68808748993561,-32.97057419053934,-33.81072535076143
1400,5.0,-0.5,0.1,-1,-33.316185680038856,-33.400380928294425,-32.501486536525334,-33.92286574834764
1400,5.0,-0.5,0.1,2,-33.31332796784008,-33.40359471871296,-32.48583131135121,-33.89456865359098
1400,5.0,-0.5,0.1,10,-33.23706705095445,-33.351826160178256,-32.37733020948818,-33.82665038706228
1400,5.0,-0.5,0.55,-1,-33.275568469013635,-33.5692974364066,-32.77252406014308,-33.8984840884591
1400,5.0,-0.5,0.55,2,-33.27259645148494,-33.57453475529392,-32.77008577929609,-33.86675400397497
1400,5.0,-0.5,0.55,10,-33.125827194255315,-33.53287963767078,-32.769178389790554,-33.81972510459312
1400,5.0,-0.5,0.85,-1,-33.23105259806484,-33.640570923418814,-32.87413331711383,-33.877406218613466
1400,5.0,-0.5,0.85,2,-33.23216467445243,-33.64410186705951,-32.87801786955524,-33.86145849518144
1400,5.0,-0.5,0.85,10,-33.04179726658841,-33.63494880545656,-33.04014549921012,-33.806544686614586
1400,5.0,-0.25,0.1,-1,-33.277992354291065,-33.357322683979994,-32.49906691953823,-33.88711051256982
1400,5.0,-0.25,0.1,2,-33.26727659167873,-33.360223118114476,-32.44623337382659,-33.85233693823711
1400,5.0,-0.25,0.1,10,-33.20608544766251,-33.31379299160691,-32.30714708592072,-33.7947507915605
1400,5.0,-0.25,0.55,-1,-33.21596324681924,-33.54306970485597,-32.82341591813903,-33.86407897689193
1400,5.0,-0.25,0.55,2,-33.21647073609853,-33.548525873616704,-32.79415524808622,-33.82936347166897
1400,5.0,-0.25,0.55,10,-33.2372207587699,-33.49286897497056,-32.61344182918488,-33.74962060317378
1400,5.0,-0.25,0.85,-1,-33.15889172852011,-33.61748635845188,-32.96112309395079,-33.83763896230645
1400,5.0,-0.25,0.85,2,-33.159414248964524,-33.620775539608154,-32.95737176016663,-33.81970663205043
1400,5.0,-0.25,0.85,10,-33.092468118747284,-33.64053124963744,-32.96530477892994,-33.748763589935244
1400,5.0,+0.0,0.1,-1,-33.26320451905769,-33.30429088879829,-32.495618909754015,-33.83494088723936
1400,5.0,+0.0,0.1,2,-33.28037767599118,-33.31987537292367,-32.38607858912344,-33.795176639497996
1400,5.0,+0.0,0.1,10,-33.32414459217478,-33.26468601279518,-32.1359896818913,-33.7015217626774
1400,5.0,+0.0,0.55,-1,-33.34636893706979,-33.54480082898724,-32.80400864998084,-33.79231579133145
1400,5.0,+0.0,0.55,2,-33.34479158113076,-33.55144205216948,-32.76007848340488,-33.759907250437884
1400,5.0,+0.0,0.55,10,-33.152964204249365,-33.44090846017078,-32.585834336809064,-33.70761478049468
1400,5.0,+0.0,0.85,-1,-33.05798833922837,-33.6031075159575,-33.07781716024516,-33.799143415768064
1400,5.0,+0.0,0.85,2,-33.05985641331707,-33.60740004885204,-33.069242591273024,-33.77998722292952
1400,5.0,+0.0,0.85,10,-33.07479748916865,-33.59803355860273,-32.945299534898375,-33.680487217277104
1400,5.0,+0.25,0.1,-1,-33.36360551116659,-33.253776984258636,-32.41424359214315,-33.738872348571014
1400,5.0,+0.25,0.1,2,-33.35180297758148,-33.24975112774615,-32.24234321631548,-33.69069071490432
1400,5.0,+0.25,0.1,10,-33.313208181618165,-33.21136537146437,-32.109609764478925,-33.649199232585886
1400,5.0,+0.25,0.55,-1,-33.27389655498604,-33.48546611268301,-32.826806552109616,-33.74599492463739
1400,5.0,+0.25,0.55,2,-33.26526312411827,-33.490446845024934,-32.7697037913882,-33.70873530766387
1400,5.0,+0.25,0.55,10,-33.11633731403872,-33.38786863754096,-32.52237841139568,-33.63463555651777
1400,5.0,+0.25,0.85,-1,-33.10847536799639,-33.65009028989991,-33.13575285189473,-33.72509195158716
1400,5.0,+0.25,0.85,2,-33.10822942757751,-33.65347775085806,-33.12640048025539,-33.673369839367304
1400,5.0,+0.25,0.85,10,-32.91940866758607,-33.531883849094505,-32.98726044404043,-33.63261708881236
1400,5.0,+0.5,0.1,-1,-33.36956378039631,-33.19234599316954,-32.38108537648553,-33.66406903569469
1400,5.0,+0.5,0.1,2,-33.347071073794055,-33.202976612356174,-32.21733298907264,-33.624884073831986
1400,5.0,+0.5,0.1,10,-33.32976406370066,-33.16086759560548,-32.13159978997318,-33.59993693280381
1400,5.0,+0.5,0.55,-1,-33.24370988347655,-33.443047539265685,-32.824833791131844,-33.69760164727707
1400,5.0,+0.5,0.55,2,-33.24774691898249,-33.44780252535649,-32.74198668533919,-33.64488542776133
1400,5.0,+0.5,0.55,10,-33.32690484620899,-33.33975212775573,-32.26768133288634,-33.48308262705009
1400,5.0,+0.5,0.85,-1,-33.14594578176947,-33.66900163490086,-33.194276292624835,-33.65504985758801
1400,5.0,+0.5,0.85,2,-33.148348783323435,-33.677758145060636,-33.193791198193495,-33.59307807048977
1400,5.0,+0.5,0.85,10,-32.89970410544818,-33.4910942043952,-32.94537568546652,-33.537479134399156
1400,5.0,+0.75,0.1,-1,-33.32789146214009,-33.09866406652289,-32.33006882404863,-33.5768742338623
1400,5.0,+0.75,0.1,2,-33.3267285103061,-33.11766190159133,-32.176978105022826,-33.54412660270176
1400,5.0,+0.75,0.1,10,-33.30203182728117,-33.07001762290702,-32.117572723905184,-33.52526367302762
1400,5.0,+0.75,0.55,-1,-33.42897923697995,-33.437167934186284,-32.724915072334475,-33.58649962667877
1400,5.0,+0.75,0.55,2,-33.42960701458198,-33.44586271255892,-32.65580775574926,-33.53247405340261
1400,5.0,+0.75,0.55,10,-33.31242110236447,-33.29231812007093,-32.25153522659975,-33.40590967106025
1400,5.0,+0.75,0.85,-1,-33.093590375243764,-33.67490801966496,-33.35476121626392,-33.5881168009095
1400,5.0,+0.75,0.85,2,-33.07344747393196,-33.66119269219272,-33.31649000222894,-33.52550260444441
1400,5.0,+0.75,0.85,10,-33.05508259661537,-33.519810744142895,-32.814146775733,-33.376168868981566
1400,5.0,+1.0,0.1,-1,-33.33394571412117,-33.04436776636308,-32.31307981920702,-33.51136655836613
1400,5.0,+1.0,0.1,2,-33.305802621662714,-33.0475776844531,-32.202494354946616,-33.4880262266584
1400,5.0,+1.0,0.1,10,-33.29046555617587,-32.99548065250462,-32.13302491057239,-33.466542858170776
1400,5.0,+1.0,0.55,-1,-33.39173577580532,-33.360953384369466,-32.68530109798856,-33.51814366949148
1400,5.0,+1.0,0.55,2,-33.38111613685558,-33.371381105580795,-32.53785800316208,-33.41139138523934
1400,5.0,+1.0,0.55,10,-33.30423792532504,-33.23381663593308,-32.249136286357846,-33.33311334638835
1400,5.0,+1.0,0.85,-1,-33.055939171250905,-33.667774329186095,-33.465483210277064,-33.515499545219555
1400,5.0,+1.0,0.85,2,-33.04867910255862,-33.67303943282551,-33.47408735572276,-33.431781604866785
1400,5.0,+1.0,0.85,10,-32.94286446687187,-33.54988990123479,-33.059742190543766,-33.27543139578737
1400,5.25,-2.5,0.1,-1,-33.37393579931704,-33.39223048244319,-32.67571353209519,-33.67432303343851
1400,5.25,-2.5,0.1,2,-33.37346134905452,-33.391760167404186,-32.676805686674236,-33.6746838204933
1400,5.25,-2.5,0.1,10,-33.377080829188564,-33.38744400351992,-32.66083476482715,-33.67248094038685
1400,5.25,-2.5,0.55,-1,-33.38080430715242,-33.4337298758128,-32.72655303837725,-33.68112723890829
1400,5.25,-2.5,0.55,2,-33.38057467369476,-33.43372609888999,-32.727452770266524,-33.68103623805477
1400,5.25,-2.5,0.55,10,-33.38432303165579,-33.42865138045528,-32.709299146174644,-33.67444841685321
1400,5.25,-2.5,0.85,-1,-33.38133604180439,-33.44617473559515,-32.73962601722204,-33.68154115706035
1400,5.25,-2.5,0.85,2,-33.381006113491786,-33.446929396633124,-32.74048963031399,-33.68198041353329
1400,5.25,-2.5,0.85,10,-33.385051077777625,-33.44201577691574,-32.7206109329321,-33.67671081018315
1400,5.25,-2.0,0.1,-1,-33.41005368893963,-33.49066944948146,-32.754583245789334,-33.824977145329875
1400,5.25,-2.0,0.1,2,-33.4115875501347,-33.49114354576883,-32.75435010505469,-33.8241572095275
1400,5.25,-2.0,0.1,10,-33.41552392077415,-33.48505554279907,-32.73869449117084,-33.801415823246835
1400,5.25,-2.0,0.55,-1,-33.418039179484055,-33.560102675374864,-32.820067344750946,-33.83172525096739
1400,5.25,-2.0,0.55,2,-33.41896457960911,-33.56036578694179,-32.822291018120204,-33.83227717887217
1400,5.25,-2.0,0.55,10,-33.421504813214554,-33.55895006811936,-32.80970045637008,-33.78889816709227
1400,5.25,-2.0,0.85,-1,-33.414796331848784,-33.5854677398178,-32.85125336180412,-33.83535081003966
1400,5.25,-2.0,0.85,2,-33.414950933904485,-33.58557697658852,-32.851321982486496,-33.834722543769374
1400,5.25,-2.0,0.85,10,-33.41877137455794,-33.586189184310314,-32.842190251861425,-33.788730967311174
1400,5.25,-1.5,0.1,-1,-33.35331290991587,-33.52801355528885,-32.74848500912711,-33.96573252895674
1400,5.25,-1.5,0.1,2,-33.35337753079398,-33.527958854785155,-32.748568640329225,-33.96530266148657
1400,5.25,-1.5,0.1,10,-33.31026386762137,-33.50526922267377,-32.73528252177584,-33.88716882838064
1400,5.25,-1.5,0.55,-1,-33.37563304835244,-33.60721677354842,-32.818898719480785,-33.95934504051192
1400,5.25,-1.5,0.55,2,-33.37537819278908,-33.60736170286967,-32.819789112579116,-33.958520208631896
1400,5.25,-1.5,0.55,10,-33.371682227709066,-33.62261947895603,-32.83785780598466,-33.84179542255914
1400,5.25,-1.5,0.85,-1,-33.32259987083264,-33.64356220627144,-32.89106089314056,-33.976491835422785
1400,5.25,-1.5,0.85,2,-33.32259059157016,-33.64364484739114,-32.89201328741247,-33.97494090278012
1400,5.25,-1.5,0.85,10,-33.30806205138741,-33.66895215821134,-32.94161915708273,-33.84927169446134
1400,5.25,-1.0,0.1,-1,-33.30790656704872,-33.48493232877657,-32.61178160937384,-34.002267632731304
1400,5.25,-1.0,0.1,2,-33.30735390437377,-33.48510335533587,-32.61183846624448,-33.99994415371231
1400,5.25,-1.0,0.1,10,-33.25955520042153,-33.45737162103529,-32.606807343892456,-33.89625435874144
1400,5.25,-1.0,0.55,-1,-33.288546470905516,-33.607591646945025,-32.765489592330496,-33.99456579100074
1400,5.25,-1.0,0.55,2,-33.28851935346547,-33.60798763978603,-32.76729583800099,-33.98966652419507
1400,5.25,-1.0,0.55,10,-33.172749571413796,-33.616737036638284,-32.894433321211906,-33.86103165176225
1400,5.25,-1.0,0.85,-1,-33.29481421462797,-33.64453168469136,-32.80967836583272,-33.978946259106614
1400,5.25,-1.0,0.85,2,-33.29490365937251,-33.645210799470426,-32.812574658462,-33.97147405367302
1400,5.25,-1.0,0.85,10,-33.22201740399135,-33.675870386343696,-32.946570480672065,-33.83862302442267
1400,5.25,-0.5,0.1,-1,-33.341274572374246,-33.44989343781426,-32.46765933302627,-33.94074692301028
1400,5.25,-0.5,0.1,2,-33.33941106625985,-33.44956030059074,-32.46510376847653,-33.93136928411192
1400,5.25,-0.5,0.1,10,-33.3015628934059,-33.381299290803106,-32.346892361494156,-33.82388233266966
1400,5.25,-0.5,0.55,-1,-33.284632194323706,-33.58681532070634,-32.727547855192725,-33.91683277180638
1400,5.25,-0.5,0.55,2,-33.28493490731999,-33.58861013267295,-32.73041279228796,-33.89927762373781
1400,5.25,-0.5,0.55,10,-33.16085300107984,-33.549807388873255,-32.75593318839909,-33.820733297370495
1400,5.25,-0.5,0.85,-1,-33.16753304447892,-33.62868115342145,-32.87042737581894,-33.92589252865613
1400,5.25,-0.5,0.85,2,-33.165060672785415,-33.631119029499374,-32.881036107378875,-33.905045416454406
1400,5.25,-0.5,0.85,10,-33.16182957584027,-33.66169952651074,-32.949803166583,-33.78960096497851
1400,5.25,-0.25,0.1,-1,-33.32775479465688,-33.39268555632039,-32.44983476996909,-33.90202571592302
1400,5.25,-0.25,0.1,2,-33.329165053736496,-33.394412453398644,-32.43554337019304,-33.88414113671019
1400,5.25,-0.25,0.1,10,-33.25682525062923,-33.34646595133522,-32.2731350020908,-33.7976297492051
1400,5.25,-0.25,0.55,-1,-33.266804182138955,-33.55816447219557,-32.7599395904877,-33.879319830391445
1400,5.25,-0.25,0.55,2,-33.26897325471931,-33.563301361065015,-32.75582338732947,-33.85927328414896
1400,5.25,-0.25,0.55,10,-33.15200356468776,-33.5097007738259,-32.66811654840471,-33.7854418746157
1400,5.25,-0.25,0.85,-1,-33.20969275672698,-33.6366161973078,-32.888555333201474,-33.85991359362568
1400,5.25,-0.25,0.85,2,-33.210199808503674,-33.63932126312895,-32.88873874510494,-33.8339132794897
1400,5.25,-0.25,0.85,10,-33.028354325877984,-33.62650416056453,-33.015503468008404,-33.7915495043155
1400,5.25,+0.0,0.1,-1,-33.30690371914248,-33.3452894241906,-32.451480818094595,-33.856853704978754
1400,5.25,+0.0,0.1,2,-33.30022238150585,-33.34547623484083,-32.408238529412245,-33.8325351760606
1400,5.25,+0.0,0.1,10,-33.24528245478313,-33.3022381843093,-32.20344029110763,-33.75576672691309
1400,5.25,+0.0,0.55,-1,-33.253125869687196,-33.53977743647992,-32.79564870047479,-33.83228363472227
1400,5.25,+0.0,0.55,2,-33.25970064138622,-33.5504789646184,-32.74787991516329,-33.78759457828589
1400,5.25,+0.0,0.55,10,-33.259020310633105,-33.479916185485436,-32.52074780546982,-33.71219320507721
1400,5.25,+0.0,0.85,-1,-33.168578177815405,-33.62231824003601,-32.9647242242388,-33.808511431418154
1400,5.25,+0.0,0.85,2,-33.16987730764622,-33.627325505084976,-32.95875485193012,-33.78278415759729
1400,5.25,+0.0,0.85,10,-33.12425200161327,-33.63782427391528,-32.89788519258465,-33.706470942547426
1400,5.25,+0.25,0.1,-1,-33.294224150660625,-33.285928156353364,-32.437226382662764,-33.78925652802853
1400,5.25,+0.25,0.1,2,-33.43606797385038,-33.284949453117314,-32.17442238177477,-33.690611168439986
1400,5.25,+0.25,0.1,10,-33.402192683636784,-33.246570727013335,-32.01933345112635,-33.64401137103492
1400,5.25,+0.25,0.55,-1,-33.36726609647222,-33.52695892566475,-32.762208866126585,-33.747870614528715
1400,5.25,+0.25,0.55,2,-33.36745409396177,-33.537714470202346,-32.697626675943226,-33.70268648070934
1400,5.25,+0.25,0.55,10,-33.192468145039946,-33.42597650972984,-32.47035443566784,-33.64895733998856
1400,5.25,+0.25,0.85,-1,-33.085312505374496,-33.61763404242027,-33.07456085667532,-33.76265332384375
1400,5.25,+0.25,0.85,2,-33.08777670801421,-33.62354758122825,-33.06528097289656,-33.73249564308013
1400,5.25,+0.25,0.85,10,-33.102658947171776,-33.5968462152966,-32.88045935837432,-33.624488733769425
1400,5.25,+0.5,0.1,-1,-33.43025813726508,-33.20696215205604,-32.30517302619116,-33.66311020732397
1400,5.25,+0.5,0.1,2,-33.419582647307216,-33.22119379695937,-32.104632030843696,-33.61308731947737
1400,5.25,+0.5,0.1,10,-33.40102122313935,-33.18852013114725,-32.012256987916274,-33.58688810381486
1400,5.25,+0.5,0.55,-1,-33.287688991455724,-33.47469601130757,-32.78970537867246,-33.69618398325812
1400,5.25,+0.5,0.55,2,-33.286628999648606,-33.485102713758835,-32.709936130073835,-33.64411895553791
1400,5.25,+0.5,0.55,10,-33.15452462068754,-33.36620178799336,-32.392274809091695,-33.56189970809
1400,5.25,+0.5,0.85,-1,-33.140152546719605,-33.64924212366878,-33.10784638381729,-33.66229876994575
1400,5.25,+0.5,0.85,2,-33.144250416594964,-33.66044661222669,-33.10755272186271,-33.58920087009649
1400,5.25,+0.5,0.85,10,-32.962811682563526,-33.525762617208976,-32.8882921876708,-33.55898891244272
1400,5.25,+0.75,0.1,-1,-33.42739136402949,-33.15272827847335,-32.29721801035974,-33.59502491104537
1400,5.25,+0.75,0.1,2,-33.34920571311236,-33.11750107842437,-32.032395144904825,-33.517854066728226
1400,5.25,+0.75,0.1,10,-33.400694904409235,-33.12368951963439,-32.040143198032084,-33.531498623935626
1400,5.25,+0.75,0.55,-1,-33.53357297617595,-33.47172772966379,-32.67651926769986,-33.58072981446586
1400,5.25,+0.75,0.55,2,-33.532002515074495,-33.48297625674433,-32.585108595705584,-33.52035461681321
1400,5.25,+0.75,0.55,10,-33.37698380847721,-33.31999268709499,-32.147529757056674,-33.40694199580666
1400,5.25,+0.75,0.85,-1,-33.21184563223593,-33.703315467114074,-33.17192024480186,-33.580724958140394
1400,5.25,+0.75,0.85,2,-33.23338000521359,-33.72614986428027,-33.17027728525652,-33.49002626405007
1400,5.25,+0.75,0.85,10,-33.20655414242286,-33.58277342262741,-32.693677262249125,-33.3767580241244
1400,5.25,+1.0,0.1,-1,-33.39250551282013,-33.061148803284304,-32.24006803748486,-33.505734995209664
1400,5.25,+1.0,0.1,2,-33.35514822295255,-33.05570943445455,-32.03810627033492,-33.45445043613616
1400,5.25,+1.0,0.1,10,-33.34788145578837,-33.017804279528185,-32.012856943470695,-33.45040789651541
1400,5.25,+1.0,0.55,-1,-33.49970113219615,-33.4044239515034,-32.642398402822906,-33.51918446623917
1400,5.25,+1.0,0.55,2,-33.47484774152085,-33.38301048500298,-32.526204789913464,-33.4405957663187
1400,5.25,+1.0,0.55,10,-33.356055342944416,-33.25383072504045,-32.122579470486905,-33.32324758539034
1400,5.25,+1.0,0.85,-1,-33.09939104474572,-33.67292083044953,-33.32328003058435,-33.51456470083097
1400,5.25,+1.0,0.85,2,-33.102482454735025,-33.68550474739067,-33.33077005684785,-33.40699245242361
1400,5.25,+1.0,0.85,10,-33.135584829903806,-33.517359376634026,-32.69941017887819,-33.27837093308057
1500,3.5,-2.5,0.1,-1,-33.83701461208386,-33.59505639042746,-32.90752646735034,-33.886605788269435
1500,3.5,-2.5,0.1,2,-33.83636212064785,-33.595067727318536,-32.90831708209846,-33.886950436314784
1500,3.5,-2.5,0.1,10,-33.822673153867186,-33.586602518901266,-32.907213533061956,-33.84678077908492
1500,3.5,-2.5,0.55,-1,-33.847472849100036,-33.6836226111327,-32.92190634828532,-33.87503611396779
1500,3.5,-2.5,0.55,2,-33.846889797718205,-33.68314439327519,-32.92282361925747,-33.875134836766854
1500,3.5,-2.5,0.55,10,-33.826958383476146,-33.698163105354915,-32.96492203334504,-33.82260814424434
1500,3.5,-2.5,0.85,-1,-33.843696502237776,-33.72438244586132,-32.965741843901725,-33.87845199437744
1500,3.5,-2.5,0.85,2,-33.84515141922315,-33.72604151250523,-32.967118597835075,-33.87929514251857
1500,3.5,-2.5,0.85,10,-33.82151275101485,-33.749468100493054,-33.01206555018529,-33.82166096601552
1500,3.5,-2.0,0.1,-1,-33.85899314066934,-33.63716041034236,-32.94654569422253,-33.995434145914174
1500,3.5,-2.0,0.1,2,-33.85913567301558,-33.637114763592145,-32.94580678122571,-33.99477455748325
1500,3.5,-2.0,0.1,10,-33.830738611501786,-33.61468987975516,-32.93951261514976,-33.938451734377196
1500,3.5,-2.0,0.55,-1,-33.876973773124035,-33.79066863392114,-33.00930571341607,-33.96541103940365
1500,3.5,-2.0,0.55,2,-33.87699850523067,-33.790663839603276,-33.00951007821838,-33.96479049126714
1500,3.5,-2.0,0.55,10,-33.82831314836318,-33.796007162165914,-33.082860434866255,-33.90710142543903
1500,3.5,-2.0,0.85,-1,-33.86543512520043,-33.83892553729809,-33.031913225102,-33.94687321699466
1500,3.5,-2.0,0.85,2,-33.86545853903554,-33.838958482932824,-33.032251181680635,-33.94591308962664
1500,3.5,-2.0,0.85,10,-33.81413031164196,-33.871800303400775,-33.139954303435545,-33.88706941322512
1500,3.5,-1.5,0.1,-1,-33.7639749981913,-33.64930077056386,-32.990364311291216,-34.05040553694237
1500,3.5,-1.5,0.1,2,-33.7844503250746,-33.65010337153545,-32.98008846704272,-34.045388232876725
1500,3.5,-1.5,0.1,10,-33.72597496766958,-33.61145736148774,-32.92245920639645,-33.99465322007352
1500,3.5,-1.5,0.55,-1,-33.7709996626597,-33.83038841399177,-33.13657667217302,-33.99582015889053
1500,3.5,-1.5,0.55,2,-33.770115315171644,-33.83156628587876,-33.13749678055641,-33.99409492529188
1500,3.5,-1.5,0.55,10,-33.67279715017064,-33.805542882415,-33.15957695369159,-33.94383948591312
1500,3.5,-1.5,0.85,-1,-33.73395292433386,-33.93903979428228,-33.227835437897994,-33.98091928387957
1500,3.5,-1.5,0.85,2,-33.73428199121215,-33.93986793086535,-33.226475564911105,-33.97726149636686
1500,3.5,-1.5,0.85,10,-33.695259587078695,-33.96586891197136,-33.26652030978059,-33.920535076528225
1500,3.5,-1.0,0.1,-1,-33.627702302183025,-33.58189038261778,-33.00890352006046,-34.038983276602316
1500,3.5,-1.0,0.1,2,-33.62723011908272,-33.582882955211055,-32.99528327143493,-34.03534702505803
1500,3.5,-1.0,0.1,10,-33.58507309454709,-33.54772041743355,-32.88303954964749,-33.994937309671954
1500,3.5,-1.0,0.55,-1,-33.607424101665224,-33.80804983390009,-33.27953955197153,-34.01093287352596
1500,3.5,-1.0,0.55,2,-33.607480457779054,-33.808812942188624,-33.27423848629741,-34.00842321891392
1500,3.5,-1.0,0.55,10,-33.50606496812094,-33.74269310457541,-33.15925560121164,-33.95426491606125
1500,3.5,-1.0,0.85,-1,-33.56011982186838,-33.97575876497944,-33.40701511220418,-33.96854991824166
1500,3.5,-1.0,0.85,2,-33.560327951485014,-33.976814140486894,-33.40448464450371,-33.964968303566046
1500,3.5,-1.0,0.85,10,-33.45220339071287,-33.956813977699824,-33.42313303391619,-33.93395055764083
1500,3.5,-0.5,0.1,-1,-33.53360183717951,-33.46103833279958,-32.97266338888258,-33.98069960877069
1500,3.5,-0.5,0.1,2,-33.525791829148226,-33.4593762663451,-32.93404999324441,-33.969026804959846
1500,3.5,-0.5,0.1,10,-33.520088491030485,-33.44388788200364,-32.853706416691104,-33.949749953616625
1500,3.5,-0.5,0.55,-1,-33.47334177645787,-33.705297660606085,-33.25936133192935,-33.96378187296409
1500,3.5,-0.5,0.55,2,-33.47477335225307,-33.708572913245845,-33.2472853123194,-33.955209906846655
1500,3.5,-0.5,0.55,10,-33.40009588904649,-33.63740974626387,-33.079239267567665,-33.88362069582803
1500,3.5,-0.5,0.85,-1,-33.33916415363181,-33.918961238859055,-33.60685565210914,-33.94950384152664
1500,3.5,-0.5,0.85,2,-33.33938398037371,-33.9196897955653,-33.60665449592298,-33.945290734031474
1500,3.5,-0.5,0.85,10,-33.29541430610336,-33.84891491375909,-33.425270355392655,-33.87124406566506
1500,3.5,-0.25,0.1,-1,-33.512815181468646,-33.40223958895258,-32.967127720153414,-33.947500122167526
1500,3.5,-0.25,0.1,2,-33.50721324937881,-33.399699749078856,-32.9484373363736,-33.9399393533619
1500,3.5,-0.25,0.1,10,-33.497145630311856,-33.37877230418773,-32.862070918017636,-33.91510504767214
1500,3.5,-0.25,0.55,-1,-33.41065138623143,-33.65523243104296,-33.29107353961306,-33.926688589853214
1500,3.5,-0.25,0.55,2,-33.410304775032536,-33.65641502787096,-33.28054904791844,-33.91682359636154
1500,3.5,-0.25,0.55,10,-33.3744646493021,-33.58218729851447,-33.054957534429434,-33.83431496648492
1500,3.5,-0.25,0.85,-1,-33.29760889068697,-33.870519394011886,-33.68695967177033,-33.905339128994626
1500,3.5,-0.25,0.85,2,-33.29783364084791,-33.871265523023155,-33.68779153892012,-33.90077498800514
1500,3.5,-0.25,0.85,10,-33.180950504529996,-33.80508485969785,-33.504220025247214,-33.83168991021546
1500,3.5,+0.0,0.1,-1,-33.49764077030553,-33.34074089185406,-32.953968914236604,-33.903085541576864
1500,3.5,+0.0,0.1,2,-33.492848559983976,-33.339808580132214,-32.934666166120586,-33.894632118415956
1500,3.5,+0.0,0.1,10,-33.48665839511803,-33.317226385662416,-32.88319732753008,-33.88081293465734
1500,3.5,+0.0,0.55,-1,-33.38409995122782,-33.58393209044329,-33.2398288528352,-33.867700656589165
1500,3.5,+0.0,0.55,2,-33.37999083687046,-33.582966666352654,-33.23363791394644,-33.857871099258915
1500,3.5,+0.0,0.55,10,-33.362536590672725,-33.526429714756134,-33.0482735057005,-33.78378878039348
1500,3.5,+0.0,0.85,-1,-33.266788577976236,-33.846741584773696,-33.74540374781129,-33.858711716432424
1500,3.5,+0.0,0.85,2,-33.267074569671045,-33.8475704755096,-33.74696078967994,-33.854064432733715
1500,3.5,+0.0,0.85,10,-33.09269121779416,-33.75749729938444,-33.56506006189761,-33.77764869366327
1500,3.5,+0.25,0.1,-1,-33.478812505056446,-33.269844582633596,-32.94974330952225,-33.85644808134921
1500,3.5,+0.25,0.1,2,-33.47432032557884,-33.26939714126101,-32.93533669630645,-33.848397329696596
1500,3.5,+0.25,0.1,10,-33.48122799784214,-33.25290121440353,-32.9035520582797,-33.84517308791359
1500,3.5,+0.25,0.55,-1,-33.404838345341396,-33.52010175358626,-33.21320358777407,-33.80066376085996
1500,3.5,+0.25,0.55,2,-33.4034029408441,-33.52120842293787,-33.20331526854964,-33.78585720520939
1500,3.5,+0.25,0.55,10,-33.3696039780735,-33.47736622035168,-33.04861874913285,-33.724315479752235
1500,3.5,+0.25,0.85,-1,-33.189152254906574,-33.8234410631676,-33.8532150024274,-33.85508834959785
1500,3.5,+0.25,0.85,2,-33.18945136775541,-33.824523188351044,-33.8561358792784,-33.85217227932039
1500,3.5,+0.25,0.85,10,-33.0327127015664,-33.7484748264578,-33.71487319400303,-33.7231878981214
1500,3.5,+0.5,0.1,-1,-33.46757379357987,-33.206224210538046,-32.96381530066573,-33.816226380594394
1500,3.5,+0.5,0.1,2,-33.46387569104224,-33.20271097806008,-32.9445415559558,-33.80589710041011
1500,3.5,+0.5,0.1,10,-33.47089495800028,-33.19070019786603,-32.92347180472739,-33.80718630545333
1500,3.5,+0.5,0.55,-1,-33.39284576317271,-33.460274429509184,-33.2091715774296,-33.736507288240716
1500,3.5,+0.5,0.55,2,-33.383617139462835,-33.45717076258224,-33.20624194582851,-33.72169958856483
1500,3.5,+0.5,0.55,10,-33.38581927373379,-33.42568686325987,-33.05099476751095,-33.67635975994845
1500,3.5,+0.5,0.85,-1,-33.16363681170691,-33.79277765453403,-33.90892960401902,-33.84615144649962
1500,3.5,+0.5,0.85,2,-33.16364607186855,-33.792968934563376,-33.910116078711326,-33.846310055745946
1500,3.5,+0.5,0.85,10,-33.1559062238423,-33.81020137315947,-33.81670864178758,-33.60205566899503
1500,3.5,+0.75,0.1,-1,-33.45048777176374,-33.14005772673588,-32.967256211596236,-33.771519101788286
1500,3.5,+0.75,0.1,2,-33.45203194207722,-33.14424308135226,-32.96286690234156,-33.76673325084805
1500,3.5,+0.75,0.1,10,-33.46174471398429,-33.150737918614624,-32.96652463598947,-33.77239228734599
1500,3.5,+0.75,0.55,-1,-33.400899415692656,-33.41852712373851,-33.19417228059227,-33.6783609090917
1500,3.5,+0.75,0.55,2,-33.39438598608558,-33.41680957332541,-33.178156700728806,-33.65379006683042
1500,3.5,+0.75,0.55,10,-33.398776664753676,-33.37854220320062,-33.060955492115895,-33.62956421425126
1500,3.5,+0.75,0.85,-1,-33.10819226463333,-33.78103565695222,-33.955442480018824,-33.80433756850297
1500,3.5,+0.75,0.85,2,-33.108214902496385,-33.781325876577675,-33.95818344479906,-33.80463729135926
1500,3.5,+0.75,0.85,10,-33.08969251930681,-33.7992664999475,-33.95362304643959,-33.584144280259224
1500,3.5,+1.0,0.1,-1,-33.43277032708131,-33.07901672700878,-32.971614655021526,-33.73063300232049
1500,3.5,+1.0,0.1,2,-33.43194222581966,-33.079536640838285,-32.96534719211482,-33.72487401372296
1500,3.5,+1.0,0.1,10,-33.43831517801631,-33.08408258443991,-32.97087671882401,-33.73203087292945
1500,3.5,+1.0,0.55,-1,-33.437644735383664,-33.359618043752064,-33.13213843465295,-33.606724844071515
1500,3.5,+1.0,0.55,2,-33.42339425924693,-33.357679822844645,-33.115468957421974,-33.57837672298586
1500,3.5,+1.0,0.55,10,-33.41640378563193,-33.310538097221865,-33.04038438017952,-33.57986295591081
1500,3.5,+1.0,0.85,-1,-33.0989154335578,-33.77000133111412,-33.98071550048328,-33.74441494763351
1500,3.5,+1.0,0.85,2,-33.09644984292637,-33.76740586890088,-33.97904379395361,-33.742586560048416
1500,3.5,+1.0,0.85,10,-32.907672105367325,-33.66317176942533,-33.777516711078746,-33.483335827461566
1500,4.0,-2.5,0.1,-1,-33.80471367320836,-33.634514390505345,-32.91923284565142,-33.87287240573785
1500,4.0,-2.5,0.1,2,-33.804664957900094,-33.634491966315736,-32.91961710455561,-33.8728458035913
1500,4.0,-2.5,0.1,10,-33.804132908234564,-33.63027263541567,-32.90530332252216,-33.84382214865531
1500,4.0,-2.5,0.55,-1,-33.809442404149486,-33.70331231071853,-32.946578457860426,-33.86933294896602
1500,4.0,-2.5,0.55,2,-33.80944774167081,-33.7032829983316,-32.94672160401518,-33.86936661720766
1500,4.0,-2.5,0.55,10,-33.80211235514913,-33.70454954682526,-32.950437859583005,-33.83148062515152
1500,4.0,-2.5,0.85,-1,-33.80603265512033,-33.73403920510971,-32.9820383008535,-33.87395347440541
1500,4.0,-2.5,0.85,2,-33.80459246272377,-33.7341854761291,-32.98367874779086,-33.87468667478798
1500,4.0,-2.5,0.85,10,-33.80185266482184,-33.741527356456885,-32.98907044467154,-33.8309135846741
1500,4.0,-2.0,0.1,-1,-33.82910771509302,-33.695537449556056,-32.97770087605239,-34.0062881174251
1500,4.0,-2.0,0.1,2,-33.829102232968744,-33.695473344311175,-32.977875611482105,-34.00570314526395
1500,4.0,-2.0,0.1,10,-33.79820285273715,-33.67704463014113,-32.971585251292744,-33.94304431376536
1500,4.0,-2.0,0.55,-1,-33.84929393579384,-33.818471426004756,-33.02367692644856,-33.99010396727386
1500,4.0,-2.0,0.55,2,-33.850669354291824,-33.81772656488815,-33.02184013725444,-33.98767907883752
1500,4.0,-2.0,0.55,10,-33.80602822115255,-33.83591336587807,-33.092622643058334,-33.904863033337776
1500,4.0,-2.0,0.85,-1,-33.832985681642256,-33.853685847084265,-33.05832737786418,-33.98310347795949
1500,4.0,-2.0,0.85,2,-33.83306779843706,-33.85378516568302,-33.05901369257931,-33.98110507098233
1500,4.0,-2.0,0.85,10,-33.78495271633015,-33.89689782813703,-33.15865954370708,-33.896916802440074
1500,4.0,-1.5,0.1,-1,-33.76158854672273,-33.71292061286181,-32.963936314729935,-34.0686343422785
1500,4.0,-1.5,0.1,2,-33.763116049626156,-33.7135692797396,-32.96289558864692,-34.06560718409481
1500,4.0,-1.5,0.1,10,-33.705605136920205,-33.66879101953693,-32.929378028407925,-34.00004946599986
1500,4.0,-1.5,0.55,-1,-33.77956329513922,-33.86943139399635,-33.071917462471625,-34.021687293492604
1500,4.0,-1.5,0.55,2,-33.779542412522076,-33.869993363053176,-33.072546102759276,-34.016460571060534
1500,4.0,-1.5,0.55,10,-33.68545757281539,-33.868867720227165,-33.16799065020259,-33.96180734896227
1500,4.0,-1.5,0.85,-1,-33.747534016108645,-33.94413911779584,-33.143992195241985,-34.011947481426276
1500,4.0,-1.5,0.85,2,-33.746396385796245,-33.94374750549685,-33.143139955953515,-34.0034724099429
1500,4.0,-1.5,0.85,10,-33.66234401604197,-33.9787323179014,-33.27862681686256,-33.93981715597772
1500,4.0,-1.0,0.1,-1,-33.6563929512785,-33.66094626136167,-32.97833232940781,-34.06321056638221
1500,4.0,-1.0,0.1,2,-33.648952431219456,-33.66065866711659,-32.96086572306969,-34.05504498273351
1500,4.0,-1.0,0.1,10,-33.61567519546273,-33.62727170266995,-32.848243673256306,-34.00317196839875
1500,4.0,-1.0,0.55,-1,-33.618877911954414,-33.87329450116234,-33.22098931090015,-34.03398626203395
1500,4.0,-1.0,0.55,2,-33.61771263077332,-33.874496854456495,-33.21186505957101,-34.027652979458935
1500,4.0,-1.0,0.55,10,-33.529769885873456,-33.82803240025965,-33.15492215866969,-33.978546670334964
1500,4.0,-1.0,0.85,-1,-33.56303488817901,-33.990407209258606,-33.34019204680853,-34.006950235618554
1500,4.0,-1.0,0.85,2,-33.562542079385715,-33.9923491175509,-33.33734078418197,-33.99983314666375
1500,4.0,-1.0,0.85,10,-33.48066563112216,-33.988975539756,-33.38044397438431,-33.95896140545002
1500,4.0,-0.5,0.1,-1,-33.545129369750654,-33.543940556855006,-32.93923925070543,-34.002657647162934
1500,4.0,-0.5,0.1,2,-33.53966525768565,-33.5448971300151,-32.902420240521,-33.993893171676
1500,4.0,-0.5,0.1,10,-33.529292082349336,-33.51961899047674,-32.76807753087784,-33.95077992537021
1500,4.0,-0.5,0.55,-1,-33.51408902435776,-33.779660627898465,-33.24876047666191,-33.996867733661716
1500,4.0,-0.5,0.55,2,-33.511267224828195,-33.78045536118875,-33.23697955114075,-33.98990828167956
1500,4.0,-0.5,0.55,10,-33.41529300933195,-33.71608444375945,-33.08678179745628,-33.92634223640917
1500,4.0,-0.5,0.85,-1,-33.401387214903615,-33.94439340342247,-33.50628292359274,-33.9686474326343
1500,4.0,-0.5,0.85,2,-33.39860169839778,-33.94400602333094,-33.503977554438585,-33.95908128311191
1500,4.0,-0.5,0.85,10,-33.31570179049225,-33.90934587413081,-33.42173992621886,-33.924126441093506
1500,4.0,-0.25,0.1,-1,-33.54070608858323,-33.49458515289805,-32.89952530011647,-33.95793241610691
1500,4.0,-0.25,0.1,2,-33.53052936119843,-33.49232652286753,-32.857138924809114,-33.9464271928224
1500,4.0,-0.25,0.1,10,-33.51311124033842,-33.462289666475336,-32.76161602586659,-33.91956741473529
1500,4.0,-0.25,0.55,-1,-33.462362392176146,-33.73683185743544,-33.26359992394339,-33.96291266213194
1500,4.0,-0.25,0.55,2,-33.4602788786792,-33.731413789654965,-33.23575788884048,-33.95244473053544
1500,4.0,-0.25,0.55,10,-33.39314430921635,-33.65664151716187,-33.024985129221584,-33.864404773295384
1500,4.0,-0.25,0.85,-1,-33.32006129269828,-33.91805012323101,-33.599449189657044,-33.9309802313596
1500,4.0,-0.25,0.85,2,-33.3204756281277,-33.91991896689515,-33.59944295071542,-33.9206793304868
1500,4.0,-0.25,0.85,10,-33.16045132145892,-33.83074792089959,-33.47379643900904,-33.87629086433629
1500,4.0,+0.0,0.1,-1,-33.514015176263506,-33.42576345880728,-32.880707353693936,-33.90860886157502
1500,4.0,+0.0,0.1,2,-33.506486080720855,-33.42584548935867,-32.844386628426314,-33.89755218906601
1500,4.0,+0.0,0.1,10,-33.50812557492934,-33.40043367244913,-32.75896700698443,-33.87734074235671
1500,4.0,+0.0,0.55,-1,-33.40462330123022,-33.66622862684301,-33.26502445338598,-33.91691841026381
1500,4.0,+0.0,0.55,2,-33.404633150238425,-33.66825614293721,-33.25805911876111,-33.90897473773484
1500,4.0,+0.0,0.55,10,-33.374542579831925,-33.589774304500544,-32.9831320175001,-33.80195819058625
1500,4.0,+0.0,0.85,-1,-33.228444992051784,-33.88689446535417,-33.70870859358804,-33.899754812678765
1500,4.0,+0.0,0.85,2,-33.228791714639954,-33.88868810929984,-33.71098630375174,-33.88841213929688
1500,4.0,+0.0,0.85,10,-33.1739623981549,-33.760876354260056,-33.42747473643038,-33.801955385914184
1500,4.0,+0.25,0.1,-1,-33.504020453971094,-33.36389866812906,-32.88208126986157,-33.86514591470615
1500,4.0,+0.25,0.1,2,-33.495533089965356,-33.3631699450008,-32.84119998023295,-33.85020467178139
1500,4.0,+0.25,0.1,10,-33.506683161499495,-33.34041458680657,-32.781985427754414,-33.838421590990365
1500,4.0,+0.25,0.55,-1,-33.416544795272635,-33.61916406016081,-33.17678396427964,-33.84065276668308
1500,4.0,+0.25,0.55,2,-33.412909593164386,-33.621003982136756,-33.15255815393813,-33.81379166659579
1500,4.0,+0.25,0.55,10,-33.40702681745185,-33.54497079256431,-32.935221994266584,-33.72942768990383
1500,4.0,+0.25,0.85,-1,-33.17084291157339,-33.85023433615886,-33.78192277984269,-33.864060720119944
1500,4.0,+0.25,0.85,2,-33.17109915672904,-33.85190591425325,-33.78505538265167,-33.85251508591061
1500,4.0,+0.25,0.85,10,-33.16260772844812,-33.702631364453424,-33.35249461323845,-33.72759673239469
1500,4.0,+0.5,0.1,-1,-33.505351056521,-33.29618680894813,-32.86052320027713,-33.8113341005916
1500,4.0,+0.5,0.1,2,-33.498292912200974,-33.29642592909356,-32.8304662578395,-33.799137579480586
1500,4.0,+0.5,0.1,10,-33.51213085194492,-33.305377825561564,-32.83476201955293,-33.80405217821372
1500,4.0,+0.5,0.55,-1,-33.385375469333255,-33.567940540807044,-33.186360565871944,-33.7868555066725
1500,4.0,+0.5,0.55,2,-33.3849675725576,-33.57094054212924,-33.1592538379754,-33.75220543486243
1500,4.0,+0.5,0.55,10,-33.359187457866625,-33.4495791974521,-32.896656468093695,-33.650873911153205
1500,4.0,+0.5,0.85,-1,-33.17863322159355,-33.81880113805004,-33.846491548779696,-33.8065947382682
1500,4.0,+0.5,0.85,2,-33.17623098453091,-33.81820270060652,-33.84955731259041,-33.794958437801505
1500,4.0,+0.5,0.85,10,-33.10005723732375,-33.664126139668966,-33.38558401701731,-33.66022214007356
1500,4.0,+0.75,0.1,-1,-33.49527618494624,-33.23655357778241,-32.873680529238285,-33.765287636166136
1500,4.0,+0.75,0.1,2,-33.48784413421728,-33.23382524230472,-32.85714894673206,-33.75497491129194
1500,4.0,+0.75,0.1,10,-33.49203345892923,-33.23099642494286,-32.849399540953215,-33.75557598245369
1500,4.0,+0.75,0.55,-1,-33.39932511359767,-33.51908897912699,-33.14753730084447,-33.71465593084628
1500,4.0,+0.75,0.55,2,-33.397006232216214,-33.5201571376445,-33.117628843561334,-33.67321034273022
1500,4.0,+0.75,0.55,10,-33.409454254941686,-33.52346366091724,-33.05474992416223,-33.62517091193435
1500,4.0,+0.75,0.85,-1,-33.14787302828211,-33.817495589981725,-33.935469568413986,-33.804291741807766
1500,4.0,+0.75,0.85,2,-33.14797031407047,-33.81811108495987,-33.936922027981396,-33.80247646506109
1500,4.0,+0.75,0.85,10,-33.00502237410325,-33.74296269376657,-33.71078467829986,-33.58971057341713
1500,4.0,+1.0,0.1,-1,-33.48887253016832,-33.171679053543855,-32.88071428643697,-33.71786855265925
1500,4.0,+1.0,0.1,2,-33.48509045056109,-33.17068469577607,-32.87304206367705,-33.71019349420823
1500,4.0,+1.0,0.1,10,-33.48749209063448,-33.16699357174351,-32.86613678695349,-33.710457248875
1500,4.0,+1.0,0.55,-1,-33.4202638242888,-33.46155977438262,-33.107344621331826,-33.644751350438995
1500,4.0,+1.0,0.55,2,-33.4146491243713,-33.461621117633676,-33.0800911278678,-33.599725422025834
1500,4.0,+1.0,0.55,10,-33.417239272959385,-33.454849970272214,-33.02977443987105,-33.56320158944224
1500,4.0,+1.0,0.85,-1,-33.12926732929406,-33.80766127246618,-33.94839918722707,-33.751581265181954
1500,4.0,+1.0,0.85,2,-33.137493692107896,-33.811594571723646,-33.94856030445967,-33.746226276040474
1500,4.0,+1.0,0.85,10,-32.944300405152795,-33.756154904981805,-33.889283797673855,-33.54562373087734
1500,4.5,-2.5,0.1,-1,-33.76890439775164,-33.669355388302385,-32.934133962465424,-33.85481013497206
1500,4.5,-2.5,0.1,2,-33.76889942934546,-33.66932855969501,-32.93443950289973,-33.85481895472043
1500,4.5,-2.5,0.1,10,-33.76997200048683,-33.66555784023034,-32.92480668568138,-33.837795310211675
1500,4.5,-2.5,0.55,-1,-33.78595088724551,-33.72749120575878,-32.964251258269954,-33.854159785102674
1500,4.5,-2.5,0.55,2,-33.7859065128756,-33.727461151096264,-32.964563752684725,-33.85433604020153
1500,4.5,-2.5,0.55,10,-33.78564157571151,-33.72891471899632,-32.958725404124024,-33.821820401868294
1500,4.5,-2.5,0.85,-1,-33.77781827701884,-33.749542402641104,-32.995190003551386,-33.861053303332476
1500,4.5,-2.5,0.85,2,-33.77812379580144,-33.749317708742964,-32.99551699099989,-33.86105334737477
1500,4.5,-2.5,0.85,10,-33.77780346345002,-33.74905396590361,-32.988954028917775,-33.82308188936589
1500,4.5,-2.0,0.1,-1,-33.7955826935108,-33.75236300228643,-33.01430345520757,-34.00832589908347
1500,4.5,-2.0,0.1,2,-33.79331818126409,-33.75318041628565,-33.01788438063656,-34.00977653903991
1500,4.5,-2.0,0.1,10,-33.78714383957159,-33.74580972194892,-33.00337162220892,-33.955499982095326
1500,4.5,-2.0,0.55,-1,-33.811856586644026,-33.83948899177569,-33.04575336030108,-33.99650743497044
1500,4.5,-2.0,0.55,2,-33.81184122395921,-33.83947092822234,-33.04609049422513,-33.996336205528614
1500,4.5,-2.0,0.55,10,-33.800149975009155,-33.85078990904619,-33.07251894009023,-33.91953341882712
1500,4.5,-2.0,0.85,-1,-33.798104606243356,-33.87897882413614,-33.09962922147872,-34.0067246783342
1500,4.5,-2.0,0.85,2,-33.798343229372925,-33.877473144402984,-33.09476882454335,-34.00339889147681
1500,4.5,-2.0,0.85,10,-33.77911620927837,-33.899537867529155,-33.13855157225203,-33.9204368447452
1500,4.5,-1.5,0.1,-1,-33.7458714003196,-33.764848677469146,-32.98066550850817,-34.09078017153016
1500,4.5,-1.5,0.1,2,-33.74582513806911,-33.76482941153351,-32.98081821393803,-34.0900195539514
1500,4.5,-1.5,0.1,10,-33.70833072601401,-33.738855678730786,-32.9631428972095,-34.01558653795829
1500,4.5,-1.5,0.55,-1,-33.74214921808708,-33.904952005798506,-33.086923822400905,-34.06993843522509
1500,4.5,-1.5,0.55,2,-33.742177514522574,-33.90502407716218,-33.08757512031527,-34.06827781889144
1500,4.5,-1.5,0.55,10,-33.648111826880736,-33.91508306583812,-33.205429419095985,-33.97585791795948
1500,4.5,-1.5,0.85,-1,-33.726549456263456,-33.95079212777318,-33.128164152642725,-34.058324180184286
1500,4.5,-1.5,0.85,2,-33.72692157940453,-33.9507184359624,-33.12806333257192,-34.0554334669502
1500,4.5,-1.5,0.85,10,-33.672018292221566,-33.977590487011994,-33.238508067261414,-33.962769054341805
1500,4.5,-1.0,0.1,-1,-33.634299080957945,-33.734561380902505,-32.9614555131499,-34.09769643911443
1500,4.5,-1.0,0.1,2,-33.63087001966173,-33.73348556080907,-32.9565267028938,-34.09287118260476
1500,4.5,-1.0,0.1,10,-33.59675819063959,-33.69517967376638,-32.84305982989978,-34.01628699620368
1500,4.5,-1.0,0.55,-1,-33.61799602662254,-33.911724565766654,-33.14631498987393,-34.0618140411417
1500,4.5,-1.0,0.55,2,-33.61818377219454,-33.912471844977766,-33.14412703191604,-34.05554578857442
1500,4.5,-1.0,0.55,10,-33.53283017672662,-33.87519182201223,-33.16426362663063,-33.990248463533455
1500,4.5,-1.0,0.85,-1,-33.5615437537595,-33.98982451332698,-33.26262789911702,-34.05301903735037
1500,4.5,-1.0,0.85,2,-33.56156865957584,-33.99090593752305,-33.26197689595111,-34.04627874215976
1500,4.5,-1.0,0.85,10,-33.47691366798394,-34.00597290287026,-33.367060997095514,-33.97278906411313
1500,4.5,-0.5,0.1,-1,-33.56320433393239,-33.65917103340347,-32.93905326814254,-34.05058424197148
1500,4.5,-0.5,0.1,2,-33.55485025782234,-33.652534393664425,-32.86723434431333,-34.02714001513779
1500,4.5,-0.5,0.1,10,-33.51829879673889,-33.61796979637681,-32.76635393208415,-33.99114241310148
1500,4.5,-0.5,0.55,-1,-33.510103581520426,-33.85580660036618,-33.22462122832509,-34.030020083277385
1500,4.5,-0.5,0.55,2,-33.51116460967289,-33.86026132906294,-33.201795149129495,-34.01566868870081
1500,4.5,-0.5,0.55,10,-33.38957871453111,-33.782311720765236,-33.09492957443631,-33.96077733483205
1500,4.5,-0.5,0.85,-1,-33.402890847317984,-33.963945395122224,-33.41876153878563,-34.008487405272746
1500,4.5,-0.5,0.85,2,-33.40545451141914,-33.9670413598623,-33.413404757719945,-34.00087382637109
1500,4.5,-0.5,0.85,10,-33.23095733381014,-33.919753920473035,-33.48632633049067,-33.971119763291085
1500,4.5,-0.25,0.1,-1,-33.53162160547905,-33.5880374717538,-32.892694969836455,-34.00077739304649
1500,4.5,-0.25,0.1,2,-33.54734214979454,-33.566648626629735,-32.80226976115523,-33.97256684575189
1500,4.5,-0.25,0.1,10,-33.53178321419757,-33.54200237748576,-32.7037325653641,-33.94229828227469
1500,4.5,-0.25,0.55,-1,-33.46914319586327,-33.81802933841695,-33.23488451879898,-33.994350710350396
1500,4.5,-0.25,0.55,2,-33.46803947908543,-33.82072759445938,-33.20956639259405,-33.97759363949092
1500,4.5,-0.25,0.55,10,-33.39876770268586,-33.73489760421371,-33.0042686315666,-33.90603583212324
1500,4.5,-0.25,0.85,-1,-33.29959699497679,-33.935437081546425,-33.52655922084145,-33.985192296002154
1500,4.5,-0.25,0.85,2,-33.299986993791464,-33.9370526513392,-33.523806358388214,-33.97685012129142
1500,4.5,-0.25,0.85,10,-33.318239899590665,-33.89093577784025,-33.371968155514054,-33.89224704415118
1500,4.5,+0.0,0.1,-1,-33.57432525301391,-33.518613976600925,-32.840615498690326,-33.93781746428514
1500,4.5,+0.0,0.1,2,-33.53843092510868,-33.51343702981659,-32.773421161726915,-33.922807640752545
1500,4.5,+0.0,0.1,10,-33.55878755100808,-33.49566246896178,-32.67575735650008,-33.894171676217816
1500,4.5,+0.0,0.55,-1,-33.44830953313485,-33.7717610544465,-33.2191329991138,-33.95114902306541
1500,4.5,+0.0,0.55,2,-33.44403261114684,-33.772353857983376,-33.19363923044197,-33.931207184120844
1500,4.5,+0.0,0.55,10,-33.431115303267525,-33.67067643222949,-32.93913805899472,-33.84067550614041
1500,4.5,+0.0,0.85,-1,-33.24961453357136,-33.911345667907675,-33.61369588350819,-33.94198459690949
1500,4.5,+0.0,0.85,2,-33.25128715252805,-33.914433250828544,-33.614005543070846,-33.93294413596636
1500,4.5,+0.0,0.85,10,-33.218693648463464,-33.82191200268402,-33.37671857721194,-33.856830398411944
1500,4.5,+0.25,0.1,-1,-33.55604843455875,-33.446330855072304,-32.809630023631385,-33.87987507121523
1500,4.5,+0.25,0.1,2,-33.568296248497,-33.44689261473918,-32.71223607264137,-33.8494240190749
1500,4.5,+0.25,0.1,10,-33.53906972687478,-33.42511430135272,-32.685680124132894,-33.84680120300751
1500,4.5,+0.25,0.55,-1,-33.456526638727986,-33.68541905341284,-33.16532847850767,-33.883889680329936
1500,4.5,+0.25,0.55,2,-33.45516063024767,-33.68838296818759,-33.13836895697729,-33.85963159521268
1500,4.5,+0.25,0.55,10,-33.420892492202654,-33.627513099903865,-32.91399498746912,-33.770465195052324
1500,4.5,+0.25,0.85,-1,-33.26593661067168,-33.88601183185166,-33.633675784454056,-33.86423316225669
1500,4.5,+0.25,0.85,2,-33.267236452469874,-33.88905467944347,-33.632672222674756,-33.83596221338238
1500,4.5,+0.25,0.85,10,-33.135982823764294,-33.77143259511491,-33.411168093538954,-33.79385409078042
1500,4.5,+0.5,0.1,-1,-33.58969388899559,-33.37371238362109,-32.74984279450346,-33.80237972545382
1500,4.5,+0.5,0.1,2,-33.5914309902502,-33.37335494592128,-32.66815773464235,-33.77556307262735
1500,4.5,+0.5,0.1,10,-33.60053442703762,-33.36477502320515,-32.63138178678952,-33.766578532333384
1500,4.5,+0.5,0.55,-1,-33.438483751105245,-33.616649918061526,-33.11274754192329,-33.81368205917572
1500,4.5,+0.5,0.55,2,-33.440198217847815,-33.620983076510136,-33.08410293993548,-33.7852671439219
1500,4.5,+0.5,0.55,10,-33.41495750273697,-33.57013657910207,-32.892419429810175,-33.70285234156111
1500,4.5,+0.5,0.85,-1,-33.221234653352155,-33.86651522374757,-33.74242792800666,-33.81719943121963
1500,4.5,+0.5,0.85,2,-33.21950162951007,-33.86726786105528,-33.74503268185112,-33.78691629050555
1500,4.5,+0.5,0.85,10,-33.08647439525994,-33.70025221633925,-33.36427218253184,-33.7035211020665
1500,4.5,+0.75,0.1,-1,-33.58196899524142,-33.30975420396966,-32.75697841374299,-33.75159363078893
1500,4.5,+0.75,0.1,2,-33.57037158667556,-33.309568842901896,-32.696680342171746,-33.73069667167191
1500,4.5,+0.75,0.1,10,-33.564983821330195,-33.294610570675786,-32.67578662387737,-33.72582659634902
1500,4.5,+0.75,0.55,-1,-33.51775463058955,-33.60175574797093,-33.05828961398568,-33.731806757491924
1500,4.5,+0.75,0.55,2,-33.51622949344063,-33.60457554502059,-33.0315146094742,-33.698719086435446
1500,4.5,+0.75,0.55,10,-33.461263598280006,-33.55549151397038,-32.85589087131859,-33.59274687135118
1500,4.5,+0.75,0.85,-1,-33.1690373380646,-33.84989829698628,-33.82767666802224,-33.765350981555244
1500,4.5,+0.75,0.85,2,-33.17174307616141,-33.861978296249156,-33.83917156522068,-33.747774548128206
1500,4.5,+0.75,0.85,10,-33.09628233461276,-33.655464201862785,-33.31999009725561,-33.61704092300835
1500,4.5,+1.0,0.1,-1,-33.571161086345775,-33.24942796156535,-32.764697004129964,-33.70142387799733
1500,4.5,+1.0,0.1,2,-33.56675362595604,-33.249271881382,-32.72688307458297,-33.6841701008893
1500,4.5,+1.0,0.1,10,-33.56625496957661,-33.23858696790542,-32.71492564914069,-33.68395478516121
1500,4.5,+1.0,0.55,-1,-33.52597624869803,-33.56559493103588,-33.03979553399004,-33.67192684280119
1500,4.5,+1.0,0.55,2,-33.50175974386148,-33.543285899109634,-32.942388065643435,-33.580617114874926
1500,4.5,+1.0,0.55,10,-33.49141426471341,-33.52324154139281,-32.86362343306007,-33.534754995245244
1500,4.5,+1.0,0.85,-1,-33.20212903286087,-33.86899819321611,-33.89785101913621,-33.72704847840103
1500,4.5,+1.0,0.85,2,-33.19208293814076,-33.865556229140296,-33.905409283906664,-33.708860279486494
1500,4.5,+1.0,0.85,10,-33.077498441155576,-33.636242458184,-33.33416531452415,-33.5492921741164
1500,5.0,-2.5,0.1,-1,-33.74070832471133,-33.69322332789994,-32.95272506515244,-33.835168836493146
1500,5.0,-2.5,0.1,2,-33.74069538050362,-33.693170692142196,-32.95281873534809,-33.83517790812873
1500,5.0,-2.5,0.1,10,-33.74479277287021,-33.68858425879852,-32.935471514889805,-33.82854661601439
1500,5.0,-2.5,0.55,-1,-33.74914267806969,-33.738040903005015,-32.99329376148697,-33.83996456916563
1500,5.0,-2.5,0.55,2,-33.74990355382679,-33.737471450217136,-32.99329962360161,-33.83959123265578
1500,5.0,-2.5,0.55,10,-33.752370882099754,-33.73423118539827,-32.97797772972495,-33.82812999567325
1500,5.0,-2.5,0.85,-1,-33.744082382609044,-33.74895541857094,-33.012516903779655,-33.840820845627185
1500,5.0,-2.5,0.85,2,-33.743996226068454,-33.748857245522885,-33.00906620908821,-33.838913684103794
1500,5.0,-2.5,0.85,10,-33.748524680849656,-33.744151785803005,-32.99220558529076,-33.82486072343217
1500,5.0,-2.0,0.1,-1,-33.77024264150537,-33.792599512003704,-33.035471772990576,-33.98882167567546
1500,5.0,-2.0,0.1,2,-33.7722941379981,-33.792320293667984,-33.035037307144776,-33.98828179842747
1500,5.0,-2.0,0.1,10,-33.770549504818796,-33.78669081119375,-33.02157655882638,-33.94936692730373
1500,5.0,-2.0,0.55,-1,-33.779933346657835,-33.866025805344144,-33.0819414732214,-33.99285217496946
1500,5.0,-2.0,0.55,2,-33.77656883964627,-33.86540993581639,-33.082287410731,-33.99270205991567
1500,5.0,-2.0,0.55,10,-33.773803403661084,-33.873044118761825,-33.09502051799839,-33.92541593512846
1500,5.0,-2.0,0.85,-1,-33.77109732898971,-33.89021760433945,-33.120080235061586,-33.9961668250583
1500,5.0,-2.0,0.85,2,-33.771108810613725,-33.89020452496493,-33.12040273174796,-33.99619791263812
1500,5.0,-2.0,0.85,10,-33.764720934132086,-33.90131679906314,-33.136986628120944,-33.92341727167351
1500,5.0,-1.5,0.1,-1,-33.695002637744196,-33.82355107999886,-33.04573640995227,-34.11783326731356
1500,5.0,-1.5,0.1,2,-33.695012350499134,-33.823523267114105,-33.046218961668295,-34.116385342286605
1500,5.0,-1.5,0.1,10,-33.672959074913024,-33.80645324800005,-33.033652436694275,-34.03563018247584
1500,5.0,-1.5,0.55,-1,-33.68858013075209,-33.92788667839679,-33.13767373760803,-34.11132080750957
1500,5.0,-1.5,0.55,2,-33.68862160205918,-33.92811244480051,-33.13896994219624,-34.10824469752199
1500,5.0,-1.5,0.55,10,-33.66572309613421,-33.93663817058087,-33.17639403342043,-33.98692784784917
1500,5.0,-1.5,0.85,-1,-33.68139671102499,-33.96456678176325,-33.17873073029337,-34.10727684142493
1500,5.0,-1.5,0.85,2,-33.681612705781944,-33.964893529833105,-33.18036972701868,-34.102719817719574
1500,5.0,-1.5,0.85,10,-33.63116237461355,-33.99639825264649,-33.2754394569877,-33.986782321068134
1500,5.0,-1.0,0.1,-1,-33.66510702018408,-33.78483829262388,-32.92665687675499,-34.125104798437455
1500,5.0,-1.0,0.1,2,-33.66472034198951,-33.78504630288732,-32.92524603377984,-34.11843117434101
1500,5.0,-1.0,0.1,10,-33.60416768964204,-33.74744335577321,-32.89408441579303,-34.04371078041946
1500,5.0,-1.0,0.55,-1,-33.60156135201558,-33.934363873502946,-33.099732704652595,-34.10549720900322
1500,5.0,-1.0,0.55,2,-33.60267688517298,-33.93629214132553,-33.102270796107575,-34.094972644849705
1500,5.0,-1.0,0.55,10,-33.517296339431866,-33.92905544387651,-33.1942950943561,-34.018535031778484
1500,5.0,-1.0,0.85,-1,-33.600288420926766,-33.99012758324285,-33.168360592670396,-34.089947031779
1500,5.0,-1.0,0.85,2,-33.60332127347928,-33.99335234686747,-33.17274895790453,-34.07745186608541
1500,5.0,-1.0,0.85,10,-33.493056936030364,-34.00870775576144,-33.321243398079595,-33.99621031946451
1500,5.0,-0.5,0.1,-1,-33.55903951386882,-33.72000138076524,-32.919793604398954,-34.0925659949264
1500,5.0,-0.5,0.1,2,-33.56398274059815,-33.724313402691465,-32.89610385410163,-34.07752404284689
1500,5.0,-0.5,0.1,10,-33.5173550583107,-33.679479154467785,-32.76062252316023,-34.01676758858197
1500,5.0,-0.5,0.55,-1,-33.49800033937938,-33.896988034971066,-33.17780044494541,-34.066374042808384
1500,5.0,-0.5,0.55,2,-33.4993164029763,-33.89983089034802,-33.165375070739756,-34.053705899346596
1500,5.0,-0.5,0.55,10,-33.40888000381904,-33.83639340066956,-33.098239685418626,-33.98455439594636
1500,5.0,-0.5,0.85,-1,-33.40897592400987,-33.971214677138406,-33.3332965635893,-34.05770744535005
1500,5.0,-0.5,0.85,2,-33.409210328866585,-33.97471764725819,-33.33182867179312,-34.043141674603696
1500,5.0,-0.5,0.85,10,-33.3461907672831,-33.96685753473088,-33.37448304223335,-33.96853410505495
1500,5.0,-0.25,0.1,-1,-33.58216264266254,-33.67113419624195,-32.84195138908243,-34.03349254251844
1500,5.0,-0.25,0.1,2,-33.583860291615764,-33.67676890461348,-32.79747421878649,-34.01781146702954
1500,5.0,-0.25,0.1,10,-33.55549563543083,-33.64280505122267,-32.64450399015217,-33.964804893948674
1500,5.0,-0.25,0.55,-1,-33.47081696924707,-33.86530179940161,-33.19688620378233,-34.032395236503675
1500,5.0,-0.25,0.55,2,-33.47090858455159,-33.86784602385144,-33.17715569246053,-34.01956708389352
1500,5.0,-0.25,0.55,10,-33.36543284237853,-33.76044839781243,-33.03684472270602,-33.951351218022204
1500,5.0,-0.25,0.85,-1,-33.35989283498605,-33.95344950539738,-33.39187412049729,-34.02193576411087
1500,5.0,-0.25,0.85,2,-33.362370515699794,-33.95835783772688,-33.38732315482635,-34.00655185255807
1500,5.0,-0.25,0.85,10,-33.26121875209967,-33.90498731075642,-33.40228315989804,-33.94970786667608
1500,5.0,+0.0,0.1,-1,-33.57058509343679,-33.61602514042225,-32.81192202139171,-33.98284704028754
1500,5.0,+0.0,0.1,2,-33.5669416192283,-33.620473140846954,-32.74446493989829,-33.967862624322784
1500,5.0,+0.0,0.1,10,-33.54489682791603,-33.58925084398674,-32.61186806420688,-33.92708603556639
1500,5.0,+0.0,0.55,-1,-33.466439792330924,-33.81460444883247,-33.20094362388535,-33.99303926487663
1500,5.0,+0.0,0.55,2,-33.466386607823004,-33.81748458833205,-33.177737351681536,-33.978292619303325
1500,5.0,+0.0,0.55,10,-33.36422597476807,-33.718874192395496,-32.96074523321617,-33.897353259041616
1500,5.0,+0.0,0.85,-1,-33.36016879755387,-33.93704196731302,-33.45068643475362,-33.96856129425223
1500,5.0,+0.0,0.85,2,-33.36133004835207,-33.940470401865696,-33.44596169951494,-33.94934050181491
1500,5.0,+0.0,0.85,10,-33.14539122008081,-33.84215384486194,-33.44115960430245,-33.91846104417193
1500,5.0,+0.25,0.1,-1,-33.54668688069517,-33.551656858571114,-32.78250713035818,-33.92105535240064
1500,5.0,+0.25,0.1,2,-33.54205288641,-33.55272261232024,-32.699900938108726,-33.90264284482319
1500,5.0,+0.25,0.1,10,-33.536833791862854,-33.525393586824464,-32.590430429069876,-33.87538801300881
1500,5.0,+0.25,0.55,-1,-33.474147278654705,-33.781459550533,-33.17799835542711,-33.93601396869893
1500,5.0,+0.25,0.55,2,-33.48268778041534,-33.7923480055522,-33.125451970660365,-33.897314455807056
1500,5.0,+0.25,0.55,10,-33.4672163182508,-33.687874759692804,-32.80376946804451,-33.795761054814584
1500,5.0,+0.25,0.85,-1,-33.28292605821937,-33.91341830051782,-33.55970056513131,-33.92785492233428
1500,5.0,+0.25,0.85,2,-33.27860475168878,-33.912870959201115,-33.55756665316312,-33.903849651594776
1500,5.0,+0.25,0.85,10,-33.17769161054323,-33.8327342450342,-33.363119019041285,-33.83259963325965
1500,5.0,+0.5,0.1,-1,-33.55565407111531,-33.48309180210566,-32.7371122197867,-33.85025870836794
1500,5.0,+0.5,0.1,2,-33.54964641511529,-33.48561918164076,-32.65763032292107,-33.83198524084999
1500,5.0,+0.5,0.1,10,-33.55218580285338,-33.465115770885156,-32.586955517487375,-33.815877376188595
1500,5.0,+0.5,0.55,-1,-33.52701393630683,-33.71693148397182,-33.098303730788416,-33.85174103604556
1500,5.0,+0.5,0.55,2,-33.52168920788604,-33.718870391186286,-33.036365486646694,-33.800723838778104
1500,5.0,+0.5,0.55,10,-33.492017825157525,-33.62877377189736,-32.75938291623871,-33.719129757587595
1500,5.0,+0.5,0.85,-1,-33.20886402469269,-33.89514165707095,-33.66417202733241,-33.86686921020038
1500,5.0,+0.5,0.85,2,-33.2099786994435,-33.89900201146697,-33.66569978992569,-33.84031534738073
1500,5.0,+0.5,0.85,10,-33.18651464528143,-33.78783614073532,-33.30928426307217,-33.733588219712374
1500,5.0,+0.75,0.1,-1,-33.57443432249121,-33.42854234522376,-32.72149125467516,-33.78944886540332
1500,5.0,+0.75,0.1,2,-33.56377414511065,-33.425566613294265,-32.63837548893549,-33.766757481620665
1500,5.0,+0.75,0.1,10,-33.566194017725756,-33.39992622308041,-32.58533461222689,-33.755814228508626
1500,5.0,+0.75,0.55,-1,-33.51298541977457,-33.66438391921061,-33.06988095802021,-33.787965186897715
1500,5.0,+0.75,0.55,2,-33.51507059714991,-33.67404123023555,-33.0142118716971,-33.73266172593569
1500,5.0,+0.75,0.55,10,-33.492955891434086,-33.57597819436971,-32.703546488549776,-33.629067570678885
1500,5.0,+0.75,0.85,-1,-33.20670595716508,-33.89604511634787,-33.727204687539036,-33.802866985985474
1500,5.0,+0.75,0.85,2,-33.20684209702563,-33.89948662579333,-33.72960427534589,-33.77373997654959
1500,5.0,+0.75,0.85,10,-33.114381572941674,-33.7298278111042,-33.3216062577881,-33.63121911704836
1500,5.0,+1.0,0.1,-1,-33.67923877969613,-33.28839595817204,-32.57252643016781,-33.65571698087677
1500,5.0,+1.0,0.1,2,-33.64300649906247,-33.27456751839924,-32.483546775848666,-33.62784695892192
1500,5.0,+1.0,0.1,10,-33.65200577770453,-33.265297525432366,-32.46447968922846,-33.62572284701207
1500,5.0,+1.0,0.55,-1,-33.65057998646536,-33.61223165788912,-32.9300309861543,-33.6703790335071
1500,5.0,+1.0,0.55,2,-33.652431920295925,-33.62138875557167,-32.868771712513,-33.60646780824303
1500,5.0,+1.0,0.55,10,-33.613488300593595,-33.56678353212619,-32.63593397412331,-33.50829038878234
1500,5.0,+1.0,0.85,-1,-33.23082545619391,-33.926390142983585,-33.859526996090786,-33.75679768039517
1500,5.0,+1.0,0.85,2,-33.23185995929809,-33.93051534126238,-33.86267045768561,-33.72994341825736
1500,5.0,+1.0,0.85,10,-33.0771273210829,-33.617352923866214,-33.18679387722001,-33.55115532597422
1500,5.25,-2.5,0.1,-1,-33.724112594844435,-33.70170425010055,-32.967170888523434,-33.82948116242388
1500,5.25,-2.5,0.1,2,-33.72406115910464,-33.70169781486123,-32.967515765390544,-33.82950786230807
1500,5.25,-2.5,0.1,10,-33.72820735366277,-33.69591427065083,-32.94763021523797,-33.82433646868146
1500,5.25,-2.5,0.55,-1,-33.72591625051059,-33.73007730835288,-33.007594440728816,-33.83457679496903
1500,5.25,-2.5,0.55,2,-33.725938715834374,-33.730064288165764,-33.00769229916246,-33.834633096430316
1500,5.25,-2.5,0.55,10,-33.73100882087416,-33.725912899034974,-32.988082920889454,-33.82307669501655
1500,5.25,-2.5,0.85,-1,-33.733446776057455,-33.749775586306995,-33.014006378238385,-33.832674512996505
1500,5.25,-2.5,0.85,2,-33.73343025098664,-33.74977673262983,-33.01426929298384,-33.8327021892884
1500,5.25,-2.5,0.85,10,-33.73537766173344,-33.74732789206882,-33.0023322984564,-33.824135432365864
1500,5.25,-2.0,0.1,-1,-33.739986429452735,-33.81571163196904,-33.066361045365426,-33.991499988987485
1500,5.25,-2.0,0.1,2,-33.73993781753107,-33.815799733790506,-33.06715951315112,-33.99152253537966
1500,5.25,-2.0,0.1,10,-33.741574345805624,-33.812815265306114,-33.0565814772682,-33.969054108404336
1500,5.25,-2.0,0.55,-1,-33.74232202031226,-33.87682966732951,-33.138090341012266,-34.001571649183184
1500,5.25,-2.0,0.55,2,-33.74232706681707,-33.87689674673817,-33.13873511937858,-34.00167925835083
1500,5.25,-2.0,0.55,10,-33.74254040260083,-33.88049083247064,-33.13218203708308,-33.944115930198855
1500,5.25,-2.0,0.85,-1,-33.749175096657595,-33.902896694776565,-33.147433640748446,-33.99395066154102
1500,5.25,-2.0,0.85,2,-33.74902434248362,-33.902867539073746,-33.14795968685591,-33.99386015105881
1500,5.25,-2.0,0.85,10,-33.75117885447163,-33.906161446164205,-33.14073466680033,-33.94634418105211
1500,5.25,-1.5,0.1,-1,-33.676315716602616,-33.842278079575365,-33.05270452987074,-34.11720351369571
1500,5.25,-1.5,0.1,2,-33.676305284311454,-33.842188476366076,-33.05308401886369,-34.11710306129079
1500,5.25,-1.5,0.1,10,-33.66130124256411,-33.82865016895278,-33.04310750421686,-34.037908385662355
1500,5.25,-1.5,0.55,-1,-33.68169026068183,-33.93592077632553,-33.1313461610091,-34.116257554172236
1500,5.25,-1.5,0.55,2,-33.68145047199554,-33.935938506677964,-33.132705036216876,-34.11282773801273
1500,5.25,-1.5,0.55,10,-33.651369293054216,-33.952992687852415,-33.185344859011764,-33.99638911204223
1500,5.25,-1.5,0.85,-1,-33.67717364595606,-33.96502328639163,-33.16696572504319,-34.109764017541266
1500,5.25,-1.5,0.85,2,-33.67699537908776,-33.96497474832511,-33.166833598730825,-34.10902505545916
1500,5.25,-1.5,0.85,10,-33.6451789837959,-33.99089185514276,-33.24271786196558,-33.98447415976096
1500,5.25,-1.0,0.1,-1,-33.57404930155775,-33.81736540173191,-32.98615665213283,-34.15966427106949
1500,5.25,-1.0,0.1,2,-33.574019161730185,-33.817949259014455,-32.98665784859948,-34.15022972948699
1500,5.25,-1.0,0.1,10,-33.58152368650685,-33.78271924598324,-32.91463765402893,-34.04919723060483
1500,5.25,-1.0,0.55,-1,-33.62138053573363,-33.94866671364478,-33.08391498590821,-34.12160803839238
1500,5.25,-1.0,0.55,2,-33.62161701211028,-33.94987934671761,-33.08772260992442,-34.10898382211389
1500,5.25,-1.0,0.55,10,-33.53407064959892,-33.94271445971092,-33.178542105594005,-34.0115350073257
1500,5.25,-1.0,0.85,-1,-33.546387197154694,-33.987157022717234,-33.18482375226857,-34.13070475077724
1500,5.25,-1.0,0.85,2,-33.546277799178036,-33.98931936642078,-33.193379150514815,-34.11388923293806
1500,5.25,-1.0,0.85,10,-33.519484971148884,-34.012143100516006,-33.29847422361929,-33.991480210548126
1500,5.25,-0.5,0.1,-1,-33.57925759576804,-33.73859457316981,-32.884828024630856,-34.10425236330825
1500,5.25,-0.5,0.1,2,-33.57729197059933,-33.734943347883345,-32.85538633408815,-34.08035295034077
1500,5.25,-0.5,0.1,10,-33.52784723394612,-33.69477761328693,-32.76043201404982,-34.02314039782984
1500,5.25,-0.5,0.55,-1,-33.50456899257545,-33.90869506512268,-33.14556588276618,-34.08784982014027
1500,5.25,-0.5,0.55,2,-33.501872278115385,-33.910356750928145,-33.138447465016995,-34.069091043747015
1500,5.25,-0.5,0.55,10,-33.425598166309975,-33.86621554585617,-33.11186021608568,-33.9990929295284
1500,5.25,-0.5,0.85,-1,-33.48987765125463,-33.96772211286848,-33.23340987943237,-34.06173371471057
1500,5.25,-0.5,0.85,2,-33.48820214593817,-33.97032221143658,-33.23529298596625,-34.039846237393434
1500,5.25,-0.5,0.85,10,-33.31177145402255,-33.95386723902469,-33.38481168433718,-34.003572514786946
1500,5.25,-0.25,0.1,-1,-33.54822910365107,-33.693556398224544,-32.87029696250474,-34.0701647022907
1500,5.25,-0.25,0.1,2,-33.54367432640216,-33.68863188332845,-32.807650056802984,-34.04168530450451
1500,5.25,-0.25,0.1,10,-33.506635231136,-33.653798016985036,-32.69020730445413,-33.994512693874924
1500,5.25,-0.25,0.55,-1,-33.50569939027905,-33.90186397075999,-33.16253509785522,-34.055814319884455
1500,5.25,-0.25,0.55,2,-33.507030232854554,-33.90468187572011,-33.13942233925183,-34.03614563765872
1500,5.25,-0.25,0.55,10,-33.398599677592756,-33.81187578877547,-33.03102491939424,-33.966417121888114
1500,5.25,-0.25,0.85,-1,-33.387249682312856,-33.954137925896205,-33.33478551761954,-34.0405938212716
1500,5.25,-0.25,0.85,2,-33.39169501834923,-33.96357289233105,-33.33266571708741,-34.01980747519311
1500,5.25,-0.25,0.85,10,-33.32317225128348,-33.95000543124867,-33.349448241100944,-33.956256221751076
1500,5.25,+0.0,0.1,-1,-33.60495406174743,-33.64005161213993,-32.77491648429748,-33.9938753028047
1500,5.25,+0.0,0.1,2,-33.60925017842932,-33.64892480808946,-32.70025319984885,-33.97178288729053
1500,5.25,+0.0,0.1,10,-33.58625070132075,-33.60953690156171,-32.54059462772211,-33.91986007019765
1500,5.25,+0.0,0.55,-1,-33.50202449740554,-33.87699102938706,-33.177431744486924,-34.01407772211718
1500,5.25,+0.0,0.55,2,-33.501236172929886,-33.88003500394068,-33.14904480537413,-33.99448319781122
1500,5.25,+0.0,0.55,10,-33.37327917211317,-33.734337237345684,-32.95325121569732,-33.9142802423186
1500,5.25,+0.0,0.85,-1,-33.34015570008799,-33.957073374695,-33.431082718050725,-34.00745052043043
1500,5.25,+0.0,0.85,2,-33.342762392428,-33.962297401493494,-33.42571786518045,-33.98308139256264
1500,5.25,+0.0,0.85,10,-33.26168942010624,-33.89497280310773,-33.367905409048284,-33.920200879454384
1500,5.25,+0.25,0.1,-1,-33.605502029592714,-33.58362279440454,-32.73284466143764,-33.92835267855954
1500,5.25,+0.25,0.1,2,-33.60065261050651,-33.58809496440043,-32.62380571816618,-33.90472023114452
1500,5.25,+0.25,0.1,10,-33.58745765085185,-33.55898904086766,-32.5083970818294,-33.871708176708005
1500,5.25,+0.25,0.55,-1,-33.50138740649023,-33.83874570073843,-33.195601151208635,-33.97436986402859
1500,5.25,+0.25,0.55,2,-33.49200188382992,-33.83642958144718,-33.162250655246595,-33.94888027871927
1500,5.25,+0.25,0.55,10,-33.39717830337142,-33.692771329647094,-32.855625021985105,-33.83953437444717
1500,5.25,+0.25,0.85,-1,-33.37519352542877,-33.9607552231885,-33.474647633465295,-33.945275192300805
1500,5.25,+0.25,0.85,2,-33.3549624091112,-33.94773678197739,-33.454854548146656,-33.913701447598996
1500,5.25,+0.25,0.85,10,-33.155050204059805,-33.82841062904123,-33.389309984880576,-33.87051982338827
1500,5.25,+0.5,0.1,-1,-33.614523353512325,-33.52736672583414,-32.69127773111082,-33.859093203372225
1500,5.25,+0.5,0.1,2,-33.600718602669154,-33.53383402699729,-32.59068983065218,-33.837593801517045
1500,5.25,+0.5,0.1,10,-33.61372484019844,-33.50658221793565,-32.489839860272376,-33.81067397501292
1500,5.25,+0.5,0.55,-1,-33.54345907670569,-33.78701188817323,-33.10360884403593,-33.882945592853574
1500,5.25,+0.5,0.55,2,-33.69703093073147,-33.84899551447698,-33.045998990410595,-33.855990385692174
1500,5.25,+0.5,0.55,10,-33.55400336113296,-33.67744864037853,-32.69002919313021,-33.72926114952058
1500,5.25,+0.5,0.85,-1,-33.30469562245054,-33.93217951078591,-33.56758079453315,-33.88810645064555
1500,5.25,+0.5,0.85,2,-33.30552767018767,-33.936708944663565,-33.56821997849207,-33.85128376735086
1500,5.25,+0.5,0.85,10,-33.153161324046316,-33.80167543230582,-33.33028727286471,-33.78130395409071
1500,5.25,+0.75,0.1,-1,-33.60979616996904,-33.45366187400396,-32.64395334183161,-33.78057391902188
1500,5.25,+0.75,0.1,2,-33.60555893275858,-33.46187633226465,-32.54565273414166,-33.760860463002125
1500,5.25,+0.75,0.1,10,-33.6047285464831,-33.431691244893436,-32.47628171634086,-33.742333523478486
1500,5.25,+0.75,0.55,-1,-33.61563517078723,-33.727583437616396,-33.0257190845194,-33.79856498457026
1500,5.25,+0.75,0.55,2,-33.61759201592311,-33.739358658505324,-32.94109086209047,-33.73246517211151
1500,5.25,+0.75,0.55,10,-33.583676438109954,-33.63037167342585,-32.6467315144596,-33.6473533366638
1500,5.25,+0.75,0.85,-1,-33.2508447560304,-33.93028892093727,-33.69543422466049,-33.83075200469727
1500,5.25,+0.75,0.85,2,-33.25216375119693,-33.93560540208404,-33.69839108196606,-33.78929558596304
1500,5.25,+0.75,0.85,10,-33.22291706143592,-33.78217677740785,-33.21024144473441,-33.65430255089163
1500,5.25,+1.0,0.1,-1,-33.62749746717246,-33.39835273753518,-32.62204536186929,-33.71398792301128
1500,5.25,+1.0,0.1,2,-33.61716794601317,-33.402555023700316,-32.54255896811404,-33.6977126976435
1500,5.25,+1.0,0.1,10,-33.60985889280413,-33.357996187311315,-32.47487238367323,-33.67687826633332
1500,5.25,+1.0,0.55,-1,-33.60835530040714,-33.685477252597934,-32.99571350473241,-33.735425143316704
1500,5.25,+1.0,0.55,2,-33.607519903892836,-33.69458965192033,-32.90400872468105,-33.65622578160952
1500,5.25,+1.0,0.55,10,-33.670122467175645,-33.58683870236704,-32.51895212681074,-33.500996037163006
1500,5.25,+1.0,0.85,-1,-33.1973914690196,-33.892582997863855,-33.7200200985227,-33.74018078096771
1500,5.25,+1.0,0.85,2,-33.19900523786609,-33.898193091838586,-33.72218298409997,-33.69511897546383
1500,5.25,+1.0,0.85,10,-33.15725331175875,-33.82309932459212,-33.42381809180743,-33.580311934689405
1600,3.5,-2.5,0.1,-1,-34.138409327040655,-33.8768955387662,-33.16559517831617,-34.02404764421802
1600,3.5,-2.5,0.1,2,-34.13967641535809,-33.875937658522574,-33.168114602789416,-34.02473813856042
1600,3.5,-2.5,0.1,10,-34.12810827418896,-33.86799798408876,-33.16501526796971,-33.9930921215415
1600,3.5,-2.5,0.55,-1,-34.149439523576305,-33.97406142937234,-33.18543694142969,-34.01104225650018
1600,3.5,-2.5,0.55,2,-34.147846076492684,-33.972861569670435,-33.18112130695733,-34.00819956022095
1600,3.5,-2.5,0.55,10,-34.11952866103409,-33.985130647529864,-33.23575912920565,-33.95487548324658
1600,3.5,-2.5,0.85,-1,-34.14201702421844,-34.00537936557653,-33.202470309063926,-34.00532148688115
1600,3.5,-2.5,0.85,2,-34.14207291588296,-34.00530754528194,-33.20243244030988,-34.00530057545518
1600,3.5,-2.5,0.85,10,-34.12708391880565,-34.01744214363772,-33.24577023837574,-33.9639470034716
1600,3.5,-2.0,0.1,-1,-34.151716146933026,-33.92390318224505,-33.22245411873422,-34.12883381020977
1600,3.5,-2.0,0.1,2,-34.15163284487233,-33.92388184632058,-33.22171525980434,-34.1275622450919
1600,3.5,-2.0,0.1,10,-34.10886651448143,-33.90426892293097,-33.21355416158087,-34.08571749211029
1600,3.5,-2.0,0.55,-1,-34.157864198462086,-34.07570641548305,-33.27786604889344,-34.08660011492921
1600,3.5,-2.0,0.55,2,-34.15788632990668,-34.07589469810274,-33.27793985627134,-34.08481961344656
1600,3.5,-2.0,0.55,10,-34.106025563070304,-34.08119429046346,-33.35885804487348,-34.03981566041856
1600,3.5,-2.0,0.85,-1,-34.146359123234724,-34.143705863172585,-33.318886483545754,-34.07776980875554
1600,3.5,-2.0,0.85,2,-34.145117709632345,-34.14342206321078,-33.31817021104566,-34.07459047388478
1600,3.5,-2.0,0.85,10,-34.0915469132688,-34.172318534084354,-33.427555277375724,-34.02180200197926
1600,3.5,-1.5,0.1,-1,-34.06537238659076,-33.916850520877304,-33.27762288779026,-34.17705803832882
1600,3.5,-1.5,0.1,2,-34.064422495951405,-33.91870073184172,-33.27291777375253,-34.175005011873566
1600,3.5,-1.5,0.1,10,-34.02132328345018,-33.89347526541014,-33.21814529999704,-34.14751940107107
1600,3.5,-1.5,0.55,-1,-34.05722321028818,-34.12807787829989,-33.448622195775165,-34.1413940878178
1600,3.5,-1.5,0.55,2,-34.05720966046686,-34.12873658572253,-33.44480815821923,-34.1391595211372
1600,3.5,-1.5,0.55,10,-34.00136320054251,-34.107552371817285,-33.41989923345413,-34.10065404108086
1600,3.5,-1.5,0.85,-1,-34.01334617038608,-34.24846333250263,-33.522493737633724,-34.11624772425189
1600,3.5,-1.5,0.85,2,-34.01341504501719,-34.248787294853294,-33.52157831928258,-34.115514559783726
1600,3.5,-1.5,0.85,10,-33.96376234249698,-34.263657501652624,-33.56371058156613,-34.075861476593545
1600,3.5,-1.0,0.1,-1,-33.946959758815744,-33.84538652172609,-33.27378350256621,-34.175478824777294
1600,3.5,-1.0,0.1,2,-33.946105770385714,-33.846084674777345,-33.25893490393223,-34.17137206498987
1600,3.5,-1.0,0.1,10,-33.934128381061015,-33.83080726663559,-33.17777970097768,-34.14905095687707
1600,3.5,-1.0,0.55,-1,-33.89195303100496,-34.08353708598864,-33.53671612990335,-34.15797462865362
1600,3.5,-1.0,0.55,2,-33.89737429076037,-34.08524884596951,-33.53235479809965,-34.15534203267825
1600,3.5,-1.0,0.55,10,-33.831530504307885,-34.040579974203425,-33.44125457927079,-34.113624038338976
1600,3.5,-1.0,0.85,-1,-33.79440771202087,-34.26871750065952,-33.7464005956881,-34.14098904710917
1600,3.5,-1.0,0.85,2,-33.79445820964867,-34.268896970558124,-33.746113112994195,-34.14032051935638
1600,3.5,-1.0,0.85,10,-33.7861186913588,-34.25943681933217,-33.68222645014643,-34.083822676267566
1600,3.5,-0.5,0.1,-1,-33.88023211854773,-33.73805183199087,-33.24472540865597,-34.136053550162586
1600,3.5,-0.5,0.1,2,-33.87264744811886,-33.73313731369292,-33.22316743614762,-34.127465820192306
1600,3.5,-0.5,0.1,10,-33.8718802030204,-33.72035646633271,-33.16697708728868,-34.11458527217861
1600,3.5,-0.5,0.55,-1,-33.775410495266954,-33.9777486320865,-33.54488637336383,-34.12238923191111
1600,3.5,-0.5,0.55,2,-33.775519637471035,-33.97816675250055,-33.541938679630995,-34.120097888641624
1600,3.5,-0.5,0.55,10,-33.74189794087313,-33.94044379088924,-33.40572944161109,-34.05890877383658
1600,3.5,-0.5,0.85,-1,-33.62237927883877,-34.21411336132749,-33.922163629689614,-34.120823733754484
1600,3.5,-0.5,0.85,2,-33.62241089482298,-34.214215384252256,-33.92230205863224,-34.120437614597
1600,3.5,-0.5,0.85,10,-33.5293968084724,-34.131643995805746,-33.75351842274699,-34.05560932450791
1600,3.5,-0.25,0.1,-1,-33.834400229139575,-33.656729975352086,-33.222409122813076,-34.0947928914677
1600,3.5,-0.25,0.1,2,-33.82862182447348,-33.65453945537426,-33.210178678206816,-34.08942220124358
1600,3.5,-0.25,0.1,10,-33.854946960635445,-33.658842401825865,-33.18401925637338,-34.09173427048111
1600,3.5,-0.25,0.55,-1,-33.73279873767159,-33.92093871182304,-33.54648396643202,-34.086982029270196
1600,3.5,-0.25,0.55,2,-33.73219221980392,-33.92092557334328,-33.54403637927247,-34.08423576907327
1600,3.5,-0.25,0.55,10,-33.71912458039583,-33.886139869700365,-33.38774425859296,-34.01575318318137
1600,3.5,-0.25,0.85,-1,-33.55777290919006,-34.17614928730782,-33.989426383855424,-34.103840914206444
1600,3.5,-0.25,0.85,2,-33.55779343736422,-34.17622494660362,-33.98954895258677,-34.10363301158377
1600,3.5,-0.25,0.85,10,-33.46813117487975,-34.063091096617995,-33.72841048639514,-34.01785625354005
1600,3.5,+0.0,0.1,-1,-33.81930206847011,-33.59193707028892,-33.22873804675496,-34.063867323969475
1600,3.5,+0.0,0.1,2,-33.816295766169965,-33.59227847287595,-33.216430481940435,-34.057948177826425
1600,3.5,+0.0,0.1,10,-33.838986928887934,-33.6016055572881,-33.21148701968083,-34.06654752381919
1600,3.5,+0.0,0.55,-1,-33.710380658451236,-33.850878632346294,-33.50091203140232,-34.028603826702245
1600,3.5,+0.0,0.55,2,-33.710210443010645,-33.851129533508974,-33.49729969932502,-34.02451947036256
1600,3.5,+0.0,0.55,10,-33.71013014255248,-33.832357519179475,-33.38300735009315,-33.97503257948053
1600,3.5,+0.0,0.85,-1,-33.49434875253871,-34.12459567588156,-34.0609408722698,-34.09592113977781
1600,3.5,+0.0,0.85,2,-33.494333503526526,-34.124641569421456,-34.061104086116764,-34.09589243407105
1600,3.5,+0.0,0.85,10,-33.43558675219721,-33.99853838806748,-33.69634604702397,-33.96623232687018
1600,3.5,+0.25,0.1,-1,-33.80081014839651,-33.52991290362062,-33.244258395758,-34.03550884071488
1600,3.5,+0.25,0.1,2,-33.80247715124733,-33.533191342735556,-33.23770934933539,-34.03195025123815
1600,3.5,+0.25,0.1,10,-33.82536325911805,-33.541806127543964,-33.230685629956064,-34.0428159087351
1600,3.5,+0.25,0.55,-1,-33.692988422299834,-33.804407070327734,-33.51782805643771,-33.97887550643248
1600,3.5,+0.25,0.55,2,-33.69122465093063,-33.80033107476538,-33.511267865564264,-33.97164118819247
1600,3.5,+0.25,0.55,10,-33.712130471257,-33.76276025423249,-33.359598813467485,-33.92049496722012
1600,3.5,+0.25,0.85,-1,-33.46380014526227,-34.09259960900136,-34.11437588312546,-34.08684388466729
1600,3.5,+0.25,0.85,2,-33.463839109369694,-34.0927074846539,-34.1146029680927,-34.08750228603697
1600,3.5,+0.25,0.85,10,-33.44389342992681,-33.94139717240148,-33.66651759404148,-33.91399827563249
1600,3.5,+0.5,0.1,-1,-33.78481245532161,-33.467784349561015,-33.25082023978065,-34.000433495438024
1600,3.5,+0.5,0.1,2,-33.78675963837742,-33.471376565597836,-33.24917377981834,-33.998933594438085
1600,3.5,+0.5,0.1,10,-33.81354833924376,-33.480730017685985,-33.242515008436534,-34.00977364903789
1600,3.5,+0.5,0.55,-1,-33.70312696092804,-33.742428392622486,-33.46134260942208,-33.9128278462979
1600,3.5,+0.5,0.55,2,-33.70051495795707,-33.741955511741985,-33.46111488650255,-33.9072203446276
1600,3.5,+0.5,0.55,10,-33.7200847349254,-33.711424978985136,-33.37769402191425,-33.89191608201901
1600,3.5,+0.5,0.85,-1,-33.46465478868277,-34.056568290376774,-34.15207005343116,-34.06145221351038
1600,3.5,+0.5,0.85,2,-33.46463174814393,-34.05654475481747,-34.1527063120689,-34.06379468539848
1600,3.5,+0.5,0.85,10,-33.40875214681454,-33.89657291964609,-33.66328712241895,-33.86204485302099
1600,3.5,+0.75,0.1,-1,-33.795537618917145,-33.440653050513625,-33.28622607080617,-33.98049471581375
1600,3.5,+0.75,0.1,2,-33.79570496308817,-33.441410421180116,-33.28537274524682,-33.979245897569406
1600,3.5,+0.75,0.1,10,-33.807296733405956,-33.433764751015275,-33.268430032306846,-33.98337505427848
1600,3.5,+0.75,0.55,-1,-33.702629463603465,-33.69609747213194,-33.46685964800657,-33.867715475769266
1600,3.5,+0.75,0.55,2,-33.69553508993806,-33.69508828552541,-33.46025954282,-33.850275405534866
1600,3.5,+0.75,0.55,10,-33.72983376028407,-33.67819537055573,-33.40702695752815,-33.85587242460569
1600,3.5,+0.75,0.85,-1,-33.444171959581965,-34.04501461984951,-34.17265458463079,-34.02009913314735
1600,3.5,+0.75,0.85,2,-33.446034552356714,-34.04584393109303,-34.17166159420258,-34.02238476819715
1600,3.5,+0.75,0.85,10,-33.41800367872276,-33.88738730040031,-33.69982272676787,-33.84206156707667
1600,3.5,+1.0,0.1,-1,-33.78145005926052,-33.3877648782835,-33.295379473341214,-33.94915074169003
1600,3.5,+1.0,0.1,2,-33.78134539988639,-33.38780378877964,-33.294770871140884,-33.94831529732698
1600,3.5,+1.0,0.1,10,-33.7856360842629,-33.37602067995348,-33.28636214029318,-33.95604462630834
1600,3.5,+1.0,0.55,-1,-33.711767388556936,-33.6496479163692,-33.456874853926706,-33.82056908994467
1600,3.5,+1.0,0.55,2,-33.71025203222257,-33.649810747329866,-33.451558435947234,-33.8099574475908
1600,3.5,+1.0,0.55,10,-33.73270848153222,-33.62385497184519,-33.392123282591854,-33.80315080285165
1600,3.5,+1.0,0.85,-1,-33.39180478015123,-34.03273979777795,-34.19191725123121,-33.963290138889455
1600,3.5,+1.0,0.85,2,-33.39167624409824,-34.03270768560863,-34.19238027023228,-33.96786839767108
1600,3.5,+1.0,0.85,10,-33.22192300685223,-33.93745410485289,-34.15548094705211,-33.779780730967374
1600,4.0,-2.5,0.1,-1,-34.11537460009018,-33.916013860260094,-33.176784606861304,-34.011156983571105
1600,4.0,-2.5,0.1,2,-34.115090341859485,-33.916035154119996,-33.17697204864449,-34.01131302238722
1600,4.0,-2.5,0.1,10,-34.1100652116262,-33.91379574437201,-33.17208630366204,-33.98104765356423
1600,4.0,-2.5,0.55,-1,-34.122783297700835,-33.993391175952695,-33.21122812659454,-34.01085117280581
1600,4.0,-2.5,0.55,2,-34.12437876483909,-33.99466643357229,-33.211066029379886,-34.01090392132977
1600,4.0,-2.5,0.55,10,-34.11396737889135,-34.00150351889161,-33.22779361260324,-33.964662675235125
1600,4.0,-2.5,0.85,-1,-34.11769104797868,-34.01467902198755,-33.22615475461021,-34.007094162206386
1600,4.0,-2.5,0.85,2,-34.11795249467147,-34.01481500464742,-33.22532797193847,-34.00682637348784
1600,4.0,-2.5,0.85,10,-34.10733976615624,-34.02812931943535,-33.25249720621858,-33.95848105554821
1600,4.0,-2.0,0.1,-1,-34.137979580582495,-33.97752334576458,-33.22775180250585,-34.13315513501941
1600,4.0,-2.0,0.1,2,-34.138054522437116,-33.97752289966871,-33.22791224542545,-34.13288600114315
1600,4.0,-2.0,0.1,10,-34.119503976681436,-33.9621654868716,-33.22168042145969,-34.081162911577174
1600,4.0,-2.0,0.55,-1,-34.14432826836376,-34.10376259983487,-33.280601815074775,-34.11074447439571
1600,4.0,-2.0,0.55,2,-34.144384073481795,-34.10374904334412,-33.2807886737615,-34.11022522860143
1600,4.0,-2.0,0.55,10,-34.11025750384174,-34.10893755497931,-33.34117072753835,-34.05039218667079
1600,4.0,-2.0,0.85,-1,-34.132936003979765,-34.14937933329155,-33.3114361611519,-34.104112411116546
1600,4.0,-2.0,0.85,2,-34.13463293034925,-34.14900336110208,-33.30994050317312,-34.102438561954436
1600,4.0,-2.0,0.85,10,-34.0929654578146,-34.16455560409291,-33.3888692010488,-34.03497908031381
1600,4.0,-1.5,0.1,-1,-34.06787144941225,-33.99252383921833,-33.26025198489379,-34.197205426953204
1600,4.0,-1.5,0.1,2,-34.06775089165735,-33.9926119001507,-33.25810135794913,-34.195493901441495
1600,4.0,-1.5,0.1,10,-34.036023471633555,-33.96480052801417,-33.21267465288911,-34.150243942047155
1600,4.0,-1.5,0.55,-1,-34.04792074102509,-34.17597345775765,-33.40751315094846,-34.16679338182674
1600,4.0,-1.5,0.55,2,-34.046598367918556,-34.17605725069382,-33.40631458688499,-34.16449155004203
1600,4.0,-1.5,0.55,10,-33.9685918175703,-34.15751365546218,-33.44751476925663,-34.106615587206356
1600,4.0,-1.5,0.85,-1,-34.012445490106565,-34.256682664465664,-33.46428586872374,-34.1486958800901
1600,4.0,-1.5,0.85,2,-34.01261796657731,-34.25774566316115,-33.466066095827024,-34.14671660958292
1600,4.0,-1.5,0.85,10,-33.934371831282476,-34.28240052248454,-33.582460991698376,-34.08723730049069
1600,4.0,-1.0,0.1,-1,-33.93935726929263,-33.93899884660631,-33.26590805849389,-34.20206204556242
1600,4.0,-1.0,0.1,2,-33.938704880777756,-33.93925209424245,-33.25489266068641,-34.198890328391855
1600,4.0,-1.0,0.1,10,-33.92852858397936,-33.91167165699956,-33.13879685001518,-34.15641238136604
1600,4.0,-1.0,0.55,-1,-33.909297518672986,-34.1565853515855,-33.51560343722116,-34.177274784482435
1600,4.0,-1.0,0.55,2,-33.90808182545491,-34.156707623795256,-33.51053976474051,-34.17498360242653
1600,4.0,-1.0,0.55,10,-33.824022384100616,-34.105449760718535,-33.444710718521854,-34.1277948845567
1600,4.0,-1.0,0.85,-1,-33.84243827544759,-34.29591107563801,-33.66217522522794,-34.156432307631995
1600,4.0,-1.0,0.85,2,-33.84211226479244,-34.29596648328592,-33.659878805546775,-34.15386440804161
1600,4.0,-1.0,0.85,10,-33.74438896030209,-34.28143381351263,-33.70461419794701,-34.11702658123306
1600,4.0,-0.5,0.1,-1,-33.85607452193489,-33.827028501128915,-33.21345345591287,-34.15413645211289
1600,4.0,-0.5,0.1,2,-33.84933884250981,-33.826009710199926,-33.180664453067735,-34.144994336846686
1600,4.0,-0.5,0.1,10,-33.84736225873209,-33.81089887792641,-33.11676380550481,-34.1293161091892
1600,4.0,-0.5,0.55,-1,-33.765613428812294,-34.06539594789047,-33.54997873078077,-34.15377666190296
1600,4.0,-0.5,0.55,2,-33.76548615589475,-34.0662259565783,-33.54115017408691,-34.14736822997375
1600,4.0,-0.5,0.55,10,-33.70070680138261,-33.99375676368433,-33.37638234416202,-34.08322802214023
1600,4.0,-0.5,0.85,-1,-33.635670413432734,-34.257992150707665,-33.855987360577345,-34.1430036629055
1600,4.0,-0.5,0.85,2,-33.635739965632936,-34.25841832912662,-33.85592332867961,-34.1408004780335
1600,4.0,-0.5,0.85,10,-33.5531039802145,-34.18821681458439,-33.73148640361051,-34.09003957279091
1600,4.0,-0.25,0.1,-1,-33.8284619429048,-33.761522542827244,-33.2049948692337,-34.12279678342906
1600,4.0,-0.25,0.1,2,-33.825687598593845,-33.7635859807444,-33.17101102893725,-34.11265579528595
1600,4.0,-0.25,0.1,10,-33.837093186196114,-33.75293372760662,-33.10796436971401,-34.09970204917641
1600,4.0,-0.25,0.55,-1,-33.72515741739908,-34.00281053380115,-33.498015721412415,-34.11055209680437
1600,4.0,-0.25,0.55,2,-33.72423720123721,-34.00383384253817,-33.48965980531719,-34.103403291509025
1600,4.0,-0.25,0.55,10,-33.69041410174623,-33.94795985229906,-33.333285670718354,-34.04024860161202
1600,4.0,-0.25,0.85,-1,-33.554531672431764,-34.202099912218955,-33.9092007170616,-34.12166734057534
1600,4.0,-0.25,0.85,2,-33.554625134870825,-34.20243667309589,-33.9093946648225,-34.119789544017564
1600,4.0,-0.25,0.85,10,-33.524076167156686,-34.120931574886846,-33.70187787117869,-34.04669814537953
1600,4.0,+0.0,0.1,-1,-33.82029329784533,-33.69974093142508,-33.18525807428521,-34.0823097528151
1600,4.0,+0.0,0.1,2,-33.822218564862766,-33.705477482289226,-33.155926317932405,-34.072995446915705
1600,4.0,+0.0,0.1,10,-33.83155033520781,-33.69288571258947,-33.12460998920736,-34.069468732885625
1600,4.0,+0.0,0.55,-1,-33.68213099704231,-33.949792202221985,-33.52275388425231,-34.07296819753585
1600,4.0,+0.0,0.55,2,-33.681330369070295,-33.95006964754832,-33.51571182074093,-34.06547343307576
1600,4.0,+0.0,0.55,10,-33.68572969660606,-33.89798114609244,-33.31112962522219,-33.996370859981575
1600,4.0,+0.0,0.85,-1,-33.526491081560465,-34.16270149369655,-33.9877417471528,-34.08660498684618
1600,4.0,+0.0,0.85,2,-33.526574524407,-34.16302778322241,-33.98825746388339,-34.084977283562054
1600,4.0,+0.0,0.85,10,-33.450512925901975,-34.05930334455819,-33.70571611056032,-34.00836889418164
1600,4.0,+0.25,0.1,-1,-33.82137271478666,-33.64748212840267,-33.19079947506171,-34.04533264956873
1600,4.0,+0.25,0.1,2,-33.81867125040368,-33.646946490852365,-33.18155595675077,-34.04075102665365
1600,4.0,+0.25,0.1,10,-33.83167310015215,-33.63502670035926,-33.14865729146732,-34.039424895024396
1600,4.0,+0.25,0.55,-1,-33.673558027081974,-33.89180538500107,-33.50200938171345,-34.01818120486133
1600,4.0,+0.25,0.55,2,-33.672266202278664,-33.89162136226839,-33.49481252295157,-34.00877381516613
1600,4.0,+0.25,0.55,10,-33.695263019764475,-33.847986345016594,-33.302484330291556,-33.95032872752862
1600,4.0,+0.25,0.85,-1,-33.49603319667046,-34.14008887104146,-34.05101314116714,-34.05706485989348
1600,4.0,+0.25,0.85,2,-33.49610057313819,-34.140367921940744,-34.051689733111736,-34.055676272356486
1600,4.0,+0.25,0.85,10,-33.387783852239906,-34.01922386658994,-33.75409032081928,-33.9574392151517
1600,4.0,+0.5,0.1,-1,-33.821674337557084,-33.588843843942854,-33.20361230023851,-34.00883957551766
1600,4.0,+0.5,0.1,2,-33.82147008402738,-33.590406799975604,-33.196622203378055,-34.004603691523904
1600,4.0,+0.5,0.1,10,-33.82309584288426,-33.56640273766494,-33.159506609334336,-33.999115408021325
1600,4.0,+0.5,0.55,-1,-33.679742118438476,-33.833487334073595,-33.46569207042617,-33.959949127664196
1600,4.0,+0.5,0.55,2,-33.67961960056865,-33.83489085644499,-33.45708177227947,-33.94666493611632
1600,4.0,+0.5,0.55,10,-33.710011496840195,-33.79614502000193,-33.30710961760413,-33.90845197968241
1600,4.0,+0.5,0.85,-1,-33.474516312547976,-34.11608980933196,-34.113808707992746,-34.04743613671692
1600,4.0,+0.5,0.85,2,-33.474567126049,-34.116252837483515,-34.11436920950453,-34.04734292496544
1600,4.0,+0.5,0.85,10,-33.35467899392012,-34.041083485778444,-33.91813313008841,-33.91065770679288
1600,4.0,+0.75,0.1,-1,-33.82297210367482,-33.52781748160008,-33.2194024893175,-33.974021306785225
1600,4.0,+0.75,0.1,2,-33.8145106085669,-33.52248650792003,-33.21081944846857,-33.96679179141688
1600,4.0,+0.75,0.1,10,-33.823892612384164,-33.50815694790343,-33.181439572222466,-33.96591247106348
1600,4.0,+0.75,0.55,-1,-33.69257009022495,-33.79177185889531,-33.45817146968902,-33.90007258337061
1600,4.0,+0.75,0.55,2,-33.72037708389389,-33.77858699583123,-33.435491976958,-33.87431190677394
1600,4.0,+0.75,0.55,10,-33.72254782368948,-33.75345197977107,-33.3227198918412,-33.86466840726964
1600,4.0,+0.75,0.85,-1,-33.41360128110876,-34.09512781132844,-34.16598015034206,-34.02552392252942
1600,4.0,+0.75,0.85,2,-33.41360471516844,-34.0951972090272,-34.16740105917545,-34.02772288330871
1600,4.0,+0.75,0.85,10,-33.35004228202401,-33.85663863699651,-33.576610370824476,-33.829187731103836
1600,4.0,+1.0,0.1,-1,-33.80149270756539,-33.457156319107554,-33.218805414773215,-33.927680822834155
1600,4.0,+1.0,0.1,2,-33.800958566524564,-33.45726302784528,-33.215350841105845,-33.9245025685307
1600,4.0,+1.0,0.1,10,-33.815215908097485,-33.447646970140646,-33.19630531140357,-33.92932857411356
1600,4.0,+1.0,0.55,-1,-33.73692230003369,-33.72735513482758,-33.41640328334429,-33.834716062482954
1600,4.0,+1.0,0.55,2,-33.73233921745202,-33.7268852958754,-33.400376928953754,-33.811584570027854
1600,4.0,+1.0,0.55,10,-33.744150411093614,-33.703321190313986,-33.33055001261955,-33.824099128745324
1600,4.0,+1.0,0.85,-1,-33.40303945843266,-34.06711758861412,-34.20361318779166,-33.97206911781081
1600,4.0,+1.0,0.85,2,-33.403018360259395,-34.067170798576456,-34.20404864737303,-33.97494690534351
1600,4.0,+1.0,0.85,10,-33.487895179664235,-33.88480112258377,-33.580309323758996,-33.788990623249504
1600,4.5,-2.5,0.1,-1,-34.080286998674694,-33.950784833378805,-33.197848624422484,-33.99850100330174
1600,4.5,-2.5,0.1,2,-34.08453285691574,-33.95221486028208,-33.19527991466807,-33.997060589970346
1600,4.5,-2.5,0.1,10,-34.083090627736105,-33.94871641321516,-33.18508122673212,-33.980289039231565
1600,4.5,-2.5,0.55,-1,-34.08780683039255,-34.00593088890699,-33.23398251448939,-34.00018847830264
1600,4.5,-2.5,0.55,2,-34.08787177132568,-34.00589667483095,-33.23398632014979,-34.000287072383436
1600,4.5,-2.5,0.55,10,-34.08533773668891,-34.008080388078284,-33.22849041393172,-33.95687237293924
1600,4.5,-2.5,0.85,-1,-34.09123351014883,-34.02823090749181,-33.2516994901073,-33.99999693345423
1600,4.5,-2.5,0.85,2,-34.089248665057646,-34.02824304670543,-33.252060538873536,-34.00025275475339
1600,4.5,-2.5,0.85,10,-34.08818419282342,-34.029839501320765,-33.24691427061458,-33.96756784825587
1600,4.5,-2.0,0.1,-1,-34.10449833153953,-34.02776404419656,-33.265649026502814,-34.13871545391606
1600,4.5,-2.0,0.1,2,-34.10455516588592,-34.027704462960635,-33.26579398892825,-34.13828425749304
1600,4.5,-2.0,0.1,10,-34.09571638328352,-34.022639182751526,-33.260032482436024,-34.0841128641997
1600,4.5,-2.0,0.55,-1,-34.108367348668736,-34.13084397171129,-33.32236639542493,-34.13466618780055
1600,4.5,-2.0,0.55,2,-34.10847201099211,-34.130854537151905,-33.32269960790424,-34.13360365694061
1600,4.5,-2.0,0.55,10,-34.08210737372518,-34.14531629340604,-33.370651359216644,-34.05660710772573
1600,4.5,-2.0,0.85,-1,-34.10146233732472,-34.157427831438795,-33.346012741145856,-34.1265009136153
1600,4.5,-2.0,0.85,2,-34.101630364783226,-34.157515656517276,-33.34641100338764,-34.12495792889405
1600,4.5,-2.0,0.85,10,-34.074292860564924,-34.1824175798721,-33.40541872342765,-34.04136371146276
1600,4.5,-1.5,0.1,-1,-34.0308134187974,-34.05823295047725,-33.2764531695425,-34.22549838400984
1600,4.5,-1.5,0.1,2,-34.030620865439374,-34.05823591911319,-33.275629542453515,-34.22255270011333
1600,4.5,-1.5,0.1,10,-34.002547121891155,-34.035164855339744,-33.24153761253528,-34.162356358252396
1600,4.5,-1.5,0.55,-1,-34.041985013488386,-34.20772940217689,-33.36693366909727,-34.19173582522481
1600,4.5,-1.5,0.55,2,-34.04017413931725,-34.207654567628296,-33.3682866696589,-34.18781503694174
1600,4.5,-1.5,0.55,10,-33.980434863355676,-34.206822934948754,-33.44878753017718,-34.11900833849421
1600,4.5,-1.5,0.85,-1,-33.99989852686926,-34.256030445814105,-33.43509168705799,-34.18764595668469
1600,4.5,-1.5,0.85,2,-34.0015903751016,-34.25714334141808,-33.436662092232126,-34.181761613057134
1600,4.5,-1.5,0.85,10,-33.95100728715241,-34.281858979483374,-33.536425865995824,-34.10060124380089
1600,4.5,-1.0,0.1,-1,-33.93745713874904,-34.00493522295038,-33.25512871338197,-34.227856891075575
1600,4.5,-1.0,0.1,2,-33.94191183443797,-34.00706105436328,-33.24206662816216,-34.220696127117904
1600,4.5,-1.0,0.1,10,-33.91036471251499,-33.98161694809937,-33.161649692596434,-34.179996989107565
1600,4.5,-1.0,0.55,-1,-33.88017506158273,-34.21011080375634,-33.49498296164605,-34.20730902164514
1600,4.5,-1.0,0.55,2,-33.879755242091456,-34.21107001884644,-33.489930978777814,-34.20273301011639
1600,4.5,-1.0,0.55,10,-33.803854387917035,-34.16968736550164,-33.46536657230589,-34.14953652634119
1600,4.5,-1.0,0.85,-1,-33.846698885618586,-34.309647888487326,-33.5904457314677,-34.18780657621372
1600,4.5,-1.0,0.85,2,-33.84675400685268,-34.30862296342317,-33.577230129903135,-34.18070817007418
1600,4.5,-1.0,0.85,10,-33.74261408745498,-34.300090248316614,-33.68457596754426,-34.14127096559376
1600,4.5,-0.5,0.1,-1,-33.84671408151816,-33.912710168993115,-33.2214663006037,-34.186893191858296
1600,4.5,-0.5,0.1,2,-33.86014837657499,-33.91805280246669,-33.18484343230744,-34.17690388419078
1600,4.5,-0.5,0.1,10,-33.858355985931745,-33.9003718297671,-33.068033749126585,-34.14334486100175
1600,4.5,-0.5,0.55,-1,-33.76985435253705,-34.13853572703905,-33.52336527357542,-34.1823945487902
1600,4.5,-0.5,0.55,2,-33.76998574128859,-34.13960093996075,-33.51482359352197,-34.17710695154226
1600,4.5,-0.5,0.55,10,-33.71856498440883,-34.0624484455362,-33.370314955769175,-34.11378957349001
1600,4.5,-0.5,0.85,-1,-33.64669663810422,-34.27590549273957,-33.787131149509214,-34.177751022844916
1600,4.5,-0.5,0.85,2,-33.6474787318378,-34.27731509062089,-33.78473738023105,-34.17134061659329
1600,4.5,-0.5,0.85,10,-33.5435645482933,-34.22387298453357,-33.75738083351689,-34.122191961360045
1600,4.5,-0.25,0.1,-1,-33.835165713999956,-33.84452539815223,-33.15187955438279,-34.13700688417988
1600,4.5,-0.25,0.1,2,-33.840205351548995,-33.84793115973149,-33.11132927810311,-34.12696593274765
1600,4.5,-0.25,0.1,10,-33.84071046481762,-33.83386698849667,-33.02593648126228,-34.105081685221435
1600,4.5,-0.25,0.55,-1,-33.74955550741689,-34.08364551499272,-33.53419158756835,-34.15573381739173
1600,4.5,-0.25,0.55,2,-33.749560847599106,-34.08480242613358,-33.52833739434614,-34.150858371778476
1600,4.5,-0.25,0.55,10,-33.70364617052311,-34.021449570175704,-33.32609304342094,-34.07693384454967
1600,4.5,-0.25,0.85,-1,-33.583093100818175,-34.24622555496027,-33.85123388153879,-34.147495259087094
1600,4.5,-0.25,0.85,2,-33.58541875201376,-34.24894864424507,-33.8505398606331,-34.14123252206408
1600,4.5,-0.25,0.85,10,-33.461287221817194,-34.16276208990793,-33.77676094975355,-34.096960774344424
1600,4.5,+0.0,0.1,-1,-33.843989109735226,-33.793827192265724,-33.114574934696385,-34.09120957288491
1600,4.5,+0.0,0.1,2,-33.834566471222786,-33.79163950163463,-33.0862528761146,-34.08318985300658
1600,4.5,+0.0,0.1,10,-33.838623540474174,-33.77235406944109,-33.02252592641494,-34.06866695558107
1600,4.5,+0.0,0.55,-1,-33.69218996557055,-34.0167187294065,-33.52000317600342,-34.115592372034584
1600,4.5,+0.0,0.55,2,-33.691880575617965,-34.01726949105882,-33.51280022267362,-34.109468051779025
1600,4.5,+0.0,0.55,10,-33.673055907363924,-33.95636618322342,-33.28624802455047,-34.02565735289703
1600,4.5,+0.0,0.85,-1,-33.53763118104489,-34.2054674311363,-33.92243972712477,-34.110772220027805
1600,4.5,+0.0,0.85,2,-33.5374710493427,-34.20618273305796,-33.92317809073124,-34.104133752805765
1600,4.5,+0.0,0.85,10,-33.3928539115393,-34.093649560311135,-33.76242178335619,-34.0512167790179
1600,4.5,+0.25,0.1,-1,-33.83946304329302,-33.732209548557634,-33.108252053264586,-34.04738718210482
1600,4.5,+0.25,0.1,2,-33.830961362450495,-33.73100636275759,-33.083499447504714,-34.03959817476986
1600,4.5,+0.25,0.1,10,-33.846560179931934,-33.71180364793518,-33.024206628509,-34.026923614466206
1600,4.5,+0.25,0.55,-1,-33.69597780794145,-33.966822692367245,-33.47816029786591,-34.05341939163888
1600,4.5,+0.25,0.55,2,-33.69558637901656,-33.96835603829322,-33.4550848376403,-34.03159129693571
1600,4.5,+0.25,0.55,10,-33.69055658326661,-33.909121766033024,-33.256245979996514,-33.97047467878468
1600,4.5,+0.25,0.85,-1,-33.468694125940985,-34.16600696417201,-33.95866482288885,-34.081641761788475
1600,4.5,+0.25,0.85,2,-33.46882158442378,-34.16679134598949,-33.95946838052608,-34.075453389956614
1600,4.5,+0.25,0.85,10,-33.37993771836849,-34.040423434812,-33.71270146606659,-33.99155803034215
1600,4.5,+0.5,0.1,-1,-33.83572289342331,-33.667271046980495,-33.105902976204,-34.00052831254654
1600,4.5,+0.5,0.1,2,-33.83606253921441,-33.671181812919315,-33.0783512097532,-33.991165218949895
1600,4.5,+0.5,0.1,10,-33.854065532231544,-33.64937900706782,-33.03889317383648,-33.98547006500352
1600,4.5,+0.5,0.55,-1,-33.70413290699715,-33.92396734357143,-33.42415266270983,-33.986808668654724
1600,4.5,+0.5,0.55,2,-33.700603362340544,-33.92479208685353,-33.40123760994207,-33.96039732647352
1600,4.5,+0.5,0.55,10,-33.72601401465704,-33.86329747282235,-33.22149826838937,-33.90695505381111
1600,4.5,+0.5,0.85,-1,-33.46126186953381,-34.13310058723499,-34.08185157758651,-34.04229147171116
1600,4.5,+0.5,0.85,2,-33.4615027340311,-34.13405381940315,-34.083072983781804,-34.03722054942599
1600,4.5,+0.5,0.85,10,-33.41885086817528,-33.994131683212224,-33.659851894958194,-33.91808153451936
1600,4.5,+0.75,0.1,-1,-33.84714800346866,-33.60413489946043,-33.09156852639574,-33.94897116955186
1600,4.5,+0.75,0.1,2,-33.84617859356369,-33.605865690859616,-33.07993223457014,-33.942907176362695
1600,4.5,+0.75,0.1,10,-33.85640033119454,-33.58568604063429,-33.06182824870389,-33.9441471896167
1600,4.5,+0.75,0.55,-1,-33.7200889379813,-33.8793725059729,-33.380352799651,-33.918644167214616
1600,4.5,+0.75,0.55,2,-33.72171450680404,-33.88395650900352,-33.357237992493204,-33.886576674199915
1600,4.5,+0.75,0.55,10,-33.76484195759148,-33.816550617063946,-33.1994534972493,-33.843670415148125
1600,4.5,+0.75,0.85,-1,-33.42471132154842,-34.11810426031911,-34.16424686050646,-34.023277692188685
1600,4.5,+0.75,0.85,2,-33.42495326781072,-34.11875212198093,-34.164787700346075,-34.020772059077856
1600,4.5,+0.75,0.85,10,-33.36702103445801,-33.96929093318888,-33.70579024686409,-33.87342112807294
1600,4.5,+1.0,0.1,-1,-33.8394799553046,-33.54811810022686,-33.11758120827585,-33.90902755458975
1600,4.5,+1.0,0.1,2,-33.83693921310886,-33.54754852090691,-33.10945882397177,-33.90234561103319
1600,4.5,+1.0,0.1,10,-33.854996002732626,-33.524990094519644,-33.08781718060175,-33.9046847225517
1600,4.5,+1.0,0.55,-1,-33.725403395065726,-33.82910325692299,-33.367218335266884,-33.85772762838397
1600,4.5,+1.0,0.55,2,-33.72616449357854,-33.83128375105555,-33.3404796678655,-33.820496508628736
1600,4.5,+1.0,0.55,10,-33.78826923297365,-33.76560613727058,-33.20079743579063,-33.7983219762201
1600,4.5,+1.0,0.85,-1,-33.45702558476795,-34.146690822422265,-34.21326954826085,-33.997413809540134
1600,4.5,+1.0,0.85,2,-33.471570144546305,-34.1585838013115,-34.22200296425271,-34.002428794949225
1600,4.5,+1.0,0.85,10,-33.32126014161747,-34.02575390882486,-33.95419214988501,-33.82627440547634
1600,5.0,-2.5,0.1,-1,-34.051603331382836,-33.97253595834249,-33.22155552669579,-33.980754282302044
1600,5.0,-2.5,0.1,2,-34.053710423165214,-33.97299464090088,-33.21965689088897,-33.97991713480649
1600,5.0,-2.5,0.1,10,-34.059394200685446,-33.96858364437183,-33.19995772732343,-33.96849227203477
1600,5.0,-2.5,0.55,-1,-34.06029099704338,-34.008977417552416,-33.2433449783573,-33.9787017820297
1600,5.0,-2.5,0.55,2,-34.061056002016585,-34.01054580361431,-33.24133726071996,-33.97812254149158
1600,5.0,-2.5,0.55,10,-34.0629018227057,-34.008151414727834,-33.232911346754655,-33.96053083931337
1600,5.0,-2.5,0.85,-1,-34.058686862951504,-34.02566992782345,-33.265671021578605,-33.98228309254679
1600,5.0,-2.5,0.85,2,-34.05754627061731,-34.02475412726834,-33.266695153772304,-33.98310121503677
1600,5.0,-2.5,0.85,10,-34.061692420157755,-34.02595211024248,-33.259028412045275,-33.962828718543285
1600,5.0,-2.0,0.1,-1,-34.06193750784318,-34.08125150925019,-33.32885322281184,-34.14227659472513
1600,5.0,-2.0,0.1,2,-34.06347763524066,-34.0824059696332,-33.33037976148852,-34.14302886330508
1600,5.0,-2.0,0.1,10,-34.06724811148536,-34.080080264861394,-33.30668391703018,-34.10090516713868
1600,5.0,-2.0,0.55,-1,-34.07993756009687,-34.15700268193192,-33.36358757826832,-34.13994648761235
1600,5.0,-2.0,0.55,2,-34.08001336857487,-34.156974056285094,-33.363693895533686,-34.13990418656376
1600,5.0,-2.0,0.55,10,-34.065964606654894,-34.17015115814008,-33.396390215973156,-34.06940993065842
1600,5.0,-2.0,0.85,-1,-34.0652383658446,-34.17325299310943,-33.39421327846615,-34.13829108371066
1600,5.0,-2.0,0.85,2,-34.06495483347029,-34.17305460561842,-33.39503639247566,-34.138356042820966
1600,5.0,-2.0,0.85,10,-34.05638379248322,-34.18482148052904,-33.41377943173348,-34.07245148027401
1600,5.0,-1.5,0.1,-1,-33.995420827860144,-34.109833702506776,-33.30945768210831,-34.24733336157834
1600,5.0,-1.5,0.1,2,-33.99547356429663,-34.10980055392126,-33.309713602766216,-34.24653777194396
1600,5.0,-1.5,0.1,10,-33.969236305946964,-34.091170511217456,-33.29649649415905,-34.175107829129445
1600,5.0,-1.5,0.55,-1,-34.0070544039742,-34.230605424063974,-33.39375589326341,-34.230431627663286
1600,5.0,-1.5,0.55,2,-34.00715205909486,-34.23007144964801,-33.3936647197106,-34.228745660827215
1600,5.0,-1.5,0.55,10,-33.94949070168651,-34.234325719993684,-33.47854800339443,-34.127329983966
1600,5.0,-1.5,0.85,-1,-33.99989742890226,-34.26718223938967,-33.432835496661895,-34.223998464599745
1600,5.0,-1.5,0.85,2,-33.99994722661623,-34.267206134506466,-33.43325231137018,-34.22199879014586
1600,5.0,-1.5,0.85,10,-33.93147377274558,-34.288000654458266,-33.54559582153114,-34.114760679092264
1600,5.0,-1.0,0.1,-1,-33.918178584443666,-34.092183391960845,-33.2783287803509,-34.268928395980154
1600,5.0,-1.0,0.1,2,-33.91752660331833,-34.09157335382811,-33.27301586606498,-34.26411183448111
1600,5.0,-1.0,0.1,10,-33.87454209464936,-34.055352886426284,-33.20779929943015,-34.20333832087321
1600,5.0,-1.0,0.55,-1,-33.87552123976934,-34.249037292036576,-33.46039337715336,-34.23996274187108
1600,5.0,-1.0,0.55,2,-33.8759307857367,-34.249871494681784,-33.46034195961886,-34.23586113631786
1600,5.0,-1.0,0.55,10,-33.818191497058486,-34.225464952170505,-33.47260360671653,-34.15480838447184
1600,5.0,-1.0,0.85,-1,-33.83232099269524,-34.308318736346095,-33.53082411166222,-34.22953414594199
1600,5.0,-1.0,0.85,2,-33.83202765706385,-34.30905464530935,-33.53175923684033,-34.22484022473648
1600,5.0,-1.0,0.85,10,-33.769335884359045,-34.31611952318855,-33.65203347674206,-34.141075047820706
1600,5.0,-0.5,0.1,-1,-33.82481975812257,-33.99764154443632,-33.20292589828035,-34.21930413406928
1600,5.0,-0.5,0.1,2,-33.81940223543826,-33.99634355993571,-33.16469919998482,-34.20401180801467
1600,5.0,-0.5,0.1,10,-33.81725206706994,-33.97465138717583,-33.06715056912094,-34.170759336789416
1600,5.0,-0.5,0.55,-1,-33.76463358944589,-34.19695075516865,-33.50474157485939,-34.215834751201676
1600,5.0,-0.5,0.55,2,-33.76229173470621,-34.19826484485893,-33.491876120070636,-34.20504954093393
1600,5.0,-0.5,0.55,10,-33.664315043665724,-34.12628912579302,-33.43968328539786,-34.16098656919982
1600,5.0,-0.5,0.85,-1,-33.69197114142427,-34.291095788403474,-33.665170348731564,-34.198328405167416
1600,5.0,-0.5,0.85,2,-33.69245742017285,-34.29219844935988,-33.662105696228494,-34.19319878136845
1600,5.0,-0.5,0.85,10,-33.567556628322976,-34.24610110173774,-33.74909271449411,-34.15730767115165
1600,5.0,-0.25,0.1,-1,-33.81669547152753,-33.94229359614557,-33.159263455111756,-34.182196867041476
1600,5.0,-0.25,0.1,2,-33.80574911671432,-33.94271412311787,-33.117629454727535,-34.16951241913078
1600,5.0,-0.25,0.1,10,-33.81252981805926,-33.927379751553055,-33.025007319519865,-34.14536033150813
1600,5.0,-0.25,0.55,-1,-33.692705944464294,-34.13844281076979,-33.543890150371645,-34.19841314216099
1600,5.0,-0.25,0.55,2,-33.69279223968064,-34.140109575876295,-33.52589406902539,-34.1855171089301
1600,5.0,-0.25,0.55,10,-33.66658214345448,-34.0832310976799,-33.352381612530515,-34.11921834931194
1600,5.0,-0.25,0.85,-1,-33.611114878049634,-34.260821732313914,-33.75564856770868,-34.180768895652854
1600,5.0,-0.25,0.85,2,-33.61140477979244,-34.26188575107924,-33.75363080677823,-34.17528788378099
1600,5.0,-0.25,0.85,10,-33.45719946888017,-34.18552124349074,-33.78321925463996,-34.13743305641958
1600,5.0,+0.0,0.1,-1,-33.822443810642625,-33.886738028735635,-33.119021130638,-34.135180446459614
1600,5.0,+0.0,0.1,2,-33.82955435436392,-33.89289074675423,-33.05267282042011,-34.12046956701899
1600,5.0,+0.0,0.1,10,-33.82595057912374,-33.87606856352732,-32.98222945199497,-34.1048586470885
1600,5.0,+0.0,0.55,-1,-33.720845012688144,-34.10910630581901,-33.48261831952834,-34.14574630895931
1600,5.0,+0.0,0.55,2,-33.72064106261939,-34.11074609435671,-33.46335229914984,-34.13086227764364
1600,5.0,+0.0,0.55,10,-33.68091386719529,-34.037967790627526,-33.27397186034733,-34.06640101581125
1600,5.0,+0.0,0.85,-1,-33.5287799467047,-34.22980874405983,-33.86551328482864,-34.15853862350351
1600,5.0,+0.0,0.85,2,-33.52901870959347,-34.231994172550515,-33.86675237147593,-34.143525076439175
1600,5.0,+0.0,0.85,10,-33.4418353651126,-34.13988473362012,-33.7199669161554,-34.07390540454565
1600,5.0,+0.25,0.1,-1,-33.84498351437598,-33.83824038037822,-33.08921777125532,-34.084938469617725
1600,5.0,+0.25,0.1,2,-33.876465724077505,-33.81798353557894,-32.98974571429895,-34.052676362830574
1600,5.0,+0.25,0.1,10,-33.84958261463955,-33.81824024009241,-32.96134183584621,-34.05414792387979
1600,5.0,+0.25,0.55,-1,-33.70398834457195,-34.052183495295864,-33.45276655853941,-34.09630906669243
1600,5.0,+0.25,0.55,2,-33.711590373378336,-34.05932043765731,-33.43069326551014,-34.07871185970877
1600,5.0,+0.25,0.55,10,-33.6955542006281,-33.99782052659915,-33.219680504093894,-34.0048488778104
1600,5.0,+0.25,0.85,-1,-33.48129893916963,-34.198185439627245,-33.9263624905633,-34.11666890117217
1600,5.0,+0.25,0.85,2,-33.481865155421474,-34.20061761792422,-33.92833254712046,-34.10018013160235
1600,5.0,+0.25,0.85,10,-33.422567643998484,-34.08182707914827,-33.69897448402615,-34.0151553939548
1600,5.0,+0.5,0.1,-1,-33.88322390680194,-33.749616111437554,-33.02522280009581,-34.01056780340832
1600,5.0,+0.5,0.1,2,-33.86998333460605,-33.74593511549485,-32.97284507828235,-33.995829591674166
1600,5.0,+0.5,0.1,10,-33.84642082994745,-33.75240845994233,-32.97783491592416,-34.00956360207033
1600,5.0,+0.5,0.55,-1,-33.767023386499,-34.00216113738371,-33.409834131044676,-34.0319060741235
1600,5.0,+0.5,0.55,2,-33.76519821937171,-34.00323895569927,-33.38814976847192,-34.01037262615731
1600,5.0,+0.5,0.55,10,-33.77673890460216,-33.95321624747372,-33.17360019915314,-33.93477858165354
1600,5.0,+0.5,0.85,-1,-33.46446923638269,-34.171367205890164,-34.02442016814159,-34.065214968863685
1600,5.0,+0.5,0.85,2,-33.465013047153256,-34.17376860174977,-34.02909528631851,-34.04825521269111
1600,5.0,+0.5,0.85,10,-33.37308753720495,-34.024022544702156,-33.68163160727527,-33.9587180645614
1600,5.0,+0.75,0.1,-1,-33.9441453254279,-33.679230556553044,-32.95837079672666,-33.92615344939328
1600,5.0,+0.75,0.1,2,-33.93649360602821,-33.67922662619182,-32.90699900783303,-33.910665397782914
1600,5.0,+0.75,0.1,10,-33.9358503288363,-33.68341571064298,-32.928048389800175,-33.93007143614521
1600,5.0,+0.75,0.55,-1,-33.768132477531054,-33.93072121133339,-33.32647616768133,-33.949308622909584
1600,5.0,+0.75,0.55,2,-33.744744521510896,-33.919352168775724,-33.30438514361366,-33.92190533661793
1600,5.0,+0.75,0.55,10,-33.752190855698146,-33.8860729286861,-33.153931039831235,-33.8611380793592
1600,5.0,+0.75,0.85,-1,-33.478431969347724,-34.1846771931376,-34.087675018675114,-34.03666208090458
1600,5.0,+0.75,0.85,2,-33.45259953255148,-34.16784013973253,-34.083643804832676,-34.00895720052825
1600,5.0,+0.75,0.85,10,-33.38234531101607,-33.996606066891374,-33.64157178149889,-33.896174031627076
1600,5.0,+1.0,0.1,-1,-33.93810313608107,-33.61706838438702,-32.96227881237947,-33.87365555039156
1600,5.0,+1.0,0.1,2,-33.90680513364618,-33.61652896748821,-32.95236583535953,-33.87052138519953
1600,5.0,+1.0,0.1,10,-33.96434131193981,-33.62279405793166,-32.921321928858795,-33.865418190184954
1600,5.0,+1.0,0.55,-1,-33.82500317956625,-33.91594816379638,-33.28315616820022,-33.87490283396752
1600,5.0,+1.0,0.55,2,-33.78897260679735,-33.89916942567056,-33.23548141073526,-33.81112221099772
1600,5.0,+1.0,0.55,10,-33.88874860416939,-33.91121883137669,-33.11181576912056,-33.77402025082985
1600,5.0,+1.0,0.85,-1,-33.43646928498056,-34.16494905028125,-34.16603959806805,-33.9836209600945
1600,5.0,+1.0,0.85,2,-33.43662594740211,-34.16646308524526,-34.17023881882949,-33.973091982221305
1600,5.0,+1.0,0.85,10,-33.39960455628677,-33.973826757869624,-33.60234269981141,-33.82960747279092
1600,5.25,-2.5,0.1,-1,-34.0404436164344,-33.97537107219892,-33.209764931004706,-33.96424768498679
1600,5.25,-2.5,0.1,2,-34.04043844191705,-33.97536763139582,-33.20999317250565,-33.96429087341235
1600,5.25,-2.5,0.1,10,-34.042275031263905,-33.972880906033716,-33.20031535178825,-33.960632098253434
1600,5.25,-2.5,0.55,-1,-34.041046333071364,-34.00999216585606,-33.2621799128861,-33.974323558682904
1600,5.25,-2.5,0.55,2,-34.0410818522713,-34.00998370765536,-33.2622491941406,-33.974393902282095
1600,5.25,-2.5,0.55,10,-34.041407488483344,-34.0073542030046,-33.25165125138938,-33.96375353712591
1600,5.25,-2.5,0.85,-1,-34.04302199292283,-34.018004543290616,-33.26041646680294,-33.96638539105804
1600,5.25,-2.5,0.85,2,-34.04302985519738,-34.01800605393519,-33.26058035531677,-33.96644712382157
1600,5.25,-2.5,0.85,10,-34.04465983895601,-34.01550710354561,-33.24782534477088,-33.95402168301413
1600,5.25,-2.0,0.1,-1,-34.06684788821023,-34.103229117516165,-33.313639170726674,-34.12466780256073
1600,5.25,-2.0,0.1,2,-34.06696141511113,-34.103162165373824,-33.31377642440116,-34.12475792120488
1600,5.25,-2.0,0.1,10,-34.06636159120037,-34.09871278488342,-33.30164399366059,-34.0946375628573
1600,5.25,-2.0,0.55,-1,-34.06128188916148,-34.16236120480454,-33.38491586618324,-34.13398959113075
1600,5.25,-2.0,0.55,2,-34.066374111010106,-34.1625934202576,-33.38115463894813,-34.132039501875745
1600,5.25,-2.0,0.55,10,-34.062571528690036,-34.16563192382955,-33.38360468237438,-34.0799616133115
1600,5.25,-2.0,0.85,-1,-34.06714941039564,-34.18396927443419,-33.396453152704694,-34.127449384296604
1600,5.25,-2.0,0.85,2,-34.06727557829856,-34.183934886422826,-33.39648017031995,-34.12737983213047
1600,5.25,-2.0,0.85,10,-34.06480077903525,-34.190083697690746,-33.39869852259561,-34.0690391330985
1600,5.25,-1.5,0.1,-1,-33.98108892846113,-34.138987849638944,-33.34365902869282,-34.25393079622736
1600,5.25,-1.5,0.1,2,-33.981107205468525,-34.13896965834155,-33.34405356733309,-34.25306195933091
1600,5.25,-1.5,0.1,10,-33.972660841367876,-34.127697304136134,-33.327191857678585,-34.182443539625055
1600,5.25,-1.5,0.55,-1,-33.99166653685414,-34.23580154832538,-33.399694853983725,-34.24047583888614
1600,5.25,-1.5,0.55,2,-33.991737400694,-34.235857991930004,-33.40039132359331,-34.23892438245706
1600,5.25,-1.5,0.55,10,-33.95219445358156,-34.24634480984363,-33.468851015116485,-34.128874101363394
1600,5.25,-1.5,0.85,-1,-33.97044690509534,-34.27145478859898,-33.46085062679655,-34.242715572843125
1600,5.25,-1.5,0.85,2,-33.970554225202186,-34.271644513619165,-33.46184559692168,-34.24006547191767
1600,5.25,-1.5,0.85,10,-33.93307837259453,-34.28640799731343,-33.54582555108251,-34.1362925893434
1600,5.25,-1.0,0.1,-1,-33.884051258835825,-34.11106851728742,-33.28744452013708,-34.28814431815118
1600,5.25,-1.0,0.1,2,-33.88367582581094,-34.11106962643945,-33.28575240581913,-34.282997924002615
1600,5.25,-1.0,0.1,10,-33.856815956093456,-34.08601819372694,-33.24566276513912,-34.22060314810923
1600,5.25,-1.0,0.55,-1,-33.86324672437935,-34.250850092653586,-33.42763975301194,-34.25892784917182
1600,5.25,-1.0,0.55,2,-33.86299098976633,-34.25135826793237,-33.42854232187443,-34.25265501218668
1600,5.25,-1.0,0.55,10,-33.75440495317764,-34.23384512207661,-33.53804903991283,-34.17878973956308
1600,5.25,-1.0,0.85,-1,-33.84972317438158,-34.29802438999507,-33.47606066405844,-34.2449095605223
1600,5.25,-1.0,0.85,2,-33.855079010017384,-34.301899608026936,-33.475948596601505,-34.237183219675295
1600,5.25,-1.0,0.85,10,-33.730736139476015,-34.302125835593586,-33.673938359737626,-34.16240749030288
1600,5.25,-0.5,0.1,-1,-33.822874277523745,-34.02814341999984,-33.214529185521386,-34.243535310408866
1600,5.25,-0.5,0.1,2,-33.823490670639785,-34.030132561470346,-33.195906386401994,-34.23496211667188
1600,5.25,-0.5,0.1,10,-33.79642762096152,-34.002920313737704,-33.10031307473963,-34.19330895212266
1600,5.25,-0.5,0.55,-1,-33.76222786416804,-34.21018116480151,-33.481205468653016,-34.2273768262177
1600,5.25,-0.5,0.55,2,-33.76168145996904,-34.2121115295455,-33.47725424866646,-34.22251687937944
1600,5.25,-0.5,0.55,10,-33.66975054411445,-34.1460842419724,-33.42418258295356,-34.159028299953405
1600,5.25,-0.5,0.85,-1,-33.66315203800508,-34.27912303332895,-33.658627171546996,-34.22781409669616
1600,5.25,-0.5,0.85,2,-33.66274845299965,-34.2804099192533,-33.65722241738837,-34.22016346676591
1600,5.25,-0.5,0.85,10,-33.60105685871818,-34.25742859151246,-33.69631223013073,-34.147373354598514
1600,5.25,-0.25,0.1,-1,-33.829322240107395,-33.98862778923107,-33.15218295524434,-34.20119024724428
1600,5.25,-0.25,0.1,2,-33.82583458899661,-33.98898868881226,-33.122453470577476,-34.19227090035008
1600,5.25,-0.25,0.1,10,-33.821002579508836,-33.968834191737436,-33.00951714479011,-34.156757870105736
1600,5.25,-0.25,0.55,-1,-33.711930153862035,-34.163322868218756,-33.49465341593905,-34.203405303801986
1600,5.25,-0.25,0.55,2,-33.72303205788845,-34.174885228564904,-33.49486991197935,-34.20224024244128
1600,5.25,-0.25,0.55,10,-33.63063988074881,-34.08070499860577,-33.37070538034628,-34.13514779059719
1600,5.25,-0.25,0.85,-1,-33.62900779656926,-34.26460920846732,-33.70166378637966,-34.1929792613871
1600,5.25,-0.25,0.85,2,-33.629532180345755,-34.266070284062536,-33.69825722285297,-34.18451520026208
1600,5.25,-0.25,0.85,10,-33.51424868620778,-34.200337838929265,-33.72333894053273,-34.13516460513079
1600,5.25,+0.0,0.1,-1,-33.82211672935738,-33.93241681834455,-33.11055223989484,-34.15688240854826
1600,5.25,+0.0,0.1,2,-33.81789109216815,-33.93226905213972,-33.069375749524994,-34.14802246416581
1600,5.25,+0.0,0.1,10,-33.832025694616384,-33.921518162602744,-32.9539869635571,-34.11772838451177
1600,5.25,+0.0,0.55,-1,-33.673190742751366,-34.112901166372914,-33.52837680782652,-34.17972964209406
1600,5.25,+0.0,0.55,2,-33.673934501399295,-34.11669011927762,-33.50577710275242,-34.16078040427773
1600,5.25,+0.0,0.55,10,-33.63759915969961,-34.037427333498826,-33.28478167853948,-34.08391474033397
1600,5.25,+0.0,0.85,-1,-33.580740310579856,-34.2313687480663,-33.777084783126966,-34.16149594549135
1600,5.25,+0.0,0.85,2,-33.58097135897702,-34.23280649350258,-33.77534237483622,-34.15222245178048
1600,5.25,+0.0,0.85,10,-33.41573502194298,-34.14159649890248,-33.75959613467754,-34.11132159184878
1600,5.25,+0.25,0.1,-1,-33.84843361334239,-33.88805603583093,-33.0784259227693,-34.10502854386257
1600,5.25,+0.25,0.1,2,-33.83776563375568,-33.88242001985293,-32.986946483945566,-34.081864375196886
1600,5.25,+0.25,0.1,10,-33.847606926948465,-33.86824920039528,-32.93461661862823,-34.0725547734879
1600,5.25,+0.25,0.55,-1,-33.70812543608773,-34.06716162208675,-33.422928630547744,-34.10790753111649
1600,5.25,+0.25,0.55,2,-33.71080735226852,-34.072587691835984,-33.391542542288484,-34.084067668390546
1600,5.25,+0.25,0.55,10,-33.68470563649158,-34.00190999794759,-33.18834044263299,-34.01253404809669
1600,5.25,+0.25,0.85,-1,-33.50569728823655,-34.198738018812534,-33.88252734323894,-34.13053354641073
1600,5.25,+0.25,0.85,2,-33.50597519514808,-34.20016462487147,-33.88218572434012,-34.12048733953474
1600,5.25,+0.25,0.85,10,-33.436694512718276,-34.12889848327619,-33.71675246535066,-34.05440321428731
1600,5.25,+0.5,0.1,-1,-33.87357565619265,-33.82734548498537,-33.027188045311206,-34.03881186820204
1600,5.25,+0.5,0.1,2,-33.86886933433714,-33.82639687574111,-32.97663859117514,-34.02642413280286
1600,5.25,+0.5,0.1,10,-33.87130165579023,-33.81016322076716,-32.9102259186607,-34.01117951673416
1600,5.25,+0.5,0.55,-1,-33.7108510737264,-34.02613051395055,-33.408095737811735,-34.05191390203626
1600,5.25,+0.5,0.55,2,-33.71137139184471,-34.029586409917336,-33.37773566106881,-34.02285439779907
1600,5.25,+0.5,0.55,10,-33.70397356078586,-33.95392092375107,-33.13059742163293,-33.94015686835751
1600,5.25,+0.5,0.85,-1,-33.46862991718663,-34.19749607632506,-33.986027752389106,-34.08609818733485
1600,5.25,+0.5,0.85,2,-33.46897164483548,-34.199000223977,-33.98699084170357,-34.07556421018715
1600,5.25,+0.5,0.85,10,-33.41929724623779,-34.05616430092912,-33.64785182591541,-33.96786057369008
1600,5.25,+0.75,0.1,-1,-33.89397470444055,-33.76693075391364,-33.00439250307677,-33.97648113864724
1600,5.25,+0.75,0.1,2,-33.89102495612753,-33.76598069436514,-32.954907045137965,-33.962656560015446
1600,5.25,+0.75,0.1,10,-33.90309877522169,-33.750879096363825,-32.906838694202555,-33.954207524368115
1600,5.25,+0.75,0.55,-1,-33.692048017200456,-33.982968188956036,-33.390642559514234,-33.99218894310968
1600,5.25,+0.75,0.55,2,-33.66966594323908,-33.9558182716277,-33.32098485257319,-33.94125564633171
1600,5.25,+0.75,0.55,10,-33.72970077615383,-33.916612657260515,-33.11351146828494,-33.879816250804076
1600,5.25,+0.75,0.85,-1,-33.48511657711399,-34.200348531808054,-34.06492125778845,-34.043336235696636
1600,5.25,+0.75,0.85,2,-33.48447872636611,-34.20271779485117,-34.07136966396267,-34.01672076911244
1600,5.25,+0.75,0.85,10,-33.41766933474404,-34.02346244342988,-33.60732573467948,-33.89450087518841
1600,5.25,+1.0,0.1,-1,-34.01141261816791,-33.652734883162495,-32.88336315224465,-33.860225689325226
1600,5.25,+1.0,0.1,2,-34.004142387156264,-33.65282551850558,-32.82782490462,-33.84387571116764
1600,5.25,+1.0,0.1,10,-33.923077865734385,-33.685258653325675,-32.92069886963363,-33.898063824993656
1600,5.25,+1.0,0.55,-1,-33.84570064245915,-33.91799047318217,-33.21806390816072,-33.86823374711334
1600,5.25,+1.0,0.55,2,-33.856536890160726,-33.9277789484068,-33.18383502583783,-33.82862976734692
1600,5.25,+1.0,0.55,10,-33.778089748069476,-33.85079041128185,-33.024999674221675,-33.7625293844185
1600,5.25,+1.0,0.85,-1,-33.5633233042102,-34.255094540396726,-34.132894097325966,-34.00746843926676
1600,5.25,+1.0,0.85,2,-33.477688741845114,-34.1971746362782,-34.142869217988846,-33.96716324830917
1600,5.25,+1.0,0.85,10,-33.41513624952486,-33.99520968201961,-33.59383601299036,-33.85144067507361
